datastore_id,ts,read_latency_ms,write_latency_ms,iops_read,iops_write,congestion_pct,used_capacity_pct,cache_tier_usage_pct,resync_backlog_gb
3a6c166d-37fa-5cda-adad-777eb4567f37,2026-09-12T00:00:00,2.19,3.25,1117,771,0.9,55.1,35.95,0.0
f1a6081a-48e3-56db-936e-f49af9832cb1,2026-09-12T00:00:00,2.14,3.23,1144,728,3.23,58.0,41.34,0.0
18b90679-ba14-5785-bca6-c3cc1e3ad587,2026-09-12T00:00:00,2.27,3.0,1008,730,3.49,58.0,39.8,0.0
77059140-e829-5d12-90bd-2d2ebd9c436c,2026-09-12T00:00:00,2.2,3.57,956,679,2.01,58.0,41.88,0.0
3a6c166d-37fa-5cda-adad-777eb4567f37,2026-09-12T00:02:00,2.52,3.64,842,769,2.12,54.84,38.31,0.0
f1a6081a-48e3-56db-936e-f49af9832cb1,2026-09-12T00:02:00,2.23,4.1,1000,667,3.57,58.0,38.57,0.0
18b90679-ba14-5785-bca6-c3cc1e3ad587,2026-09-12T00:02:00,2.11,3.37,978,725,0,58.0,41.89,0.0
77059140-e829-5d12-90bd-2d2ebd9c436c,2026-09-12T00:02:00,2.23,4.35,1161,828,0,58.0,39.38,0.0
3a6c166d-37fa-5cda-adad-777eb4567f37,2026-09-12T00:04:00,1.88,3.46,1503,625,0,55.19,38.3,0.0
f1a6081a-48e3-56db-936e-f49af9832cb1,2026-09-12T00:04:00,2.47,3.9,1093,559,0.33,58.0,42.77,0.0
18b90679-ba14-5785-bca6-c3cc1e3ad587,2026-09-12T00:04:00,2.39,2.44,1119,829,4.94,58.0,41.07,0.0
77059140-e829-5d12-90bd-2d2ebd9c436c,2026-09-12T00:04:00,2.34,2.77,1022,708,2.02,58.0,41.12,0.0
3a6c166d-37fa-5cda-adad-777eb4567f37,2026-09-12T00:06:00,2.68,4.18,1337,517,2.48,55.56,34.86,0.0
f1a6081a-48e3-56db-936e-f49af9832cb1,2026-09-12T00:06:00,2.32,2.81,1362,759,0,58.0,40.38,0.0
18b90679-ba14-5785-bca6-c3cc1e3ad587,2026-09-12T00:06:00,1.97,3.37,1065,825,0,58.0,40.44,0.0
77059140-e829-5d12-90bd-2d2ebd9c436c,2026-09-12T00:06:00,2.86,2.95,1146,720,0,58.0,41.27,0.0
3a6c166d-37fa-5cda-adad-777eb4567f37,2026-09-12T00:08:00,1.97,3.33,1111,692,1.11,55.35,35.35,0.0
f1a6081a-48e3-56db-936e-f49af9832cb1,2026-09-12T00:08:00,2.46,3.83,1388,671,1.02,58.0,39.66,0.0
18b90679-ba14-5785-bca6-c3cc1e3ad587,2026-09-12T00:08:00,2.91,2.54,1176,567,0,58.0,34.58,0.0
77059140-e829-5d12-90bd-2d2ebd9c436c,2026-09-12T00:08:00,1.74,3.8,1013,679,0,58.0,41.16,0.0
3a6c166d-37fa-5cda-adad-777eb4567f37,2026-09-12T00:10:00,2.59,3.79,1037,673,0.12,55.33,35.57,0.0
f1a6081a-48e3-56db-936e-f49af9832cb1,2026-09-12T00:10:00,2.64,3.31,1056,796,0,58.0,40.06,0.0
18b90679-ba14-5785-bca6-c3cc1e3ad587,2026-09-12T00:10:00,2.28,3.06,1282,785,0.61,58.0,39.4,0.0
77059140-e829-5d12-90bd-2d2ebd9c436c,2026-09-12T00:10:00,2.09,3.08,958,822,2.93,58.0,41.61,0.0
3a6c166d-37fa-5cda-adad-777eb4567f37,2026-09-12T00:12:00,2.25,3.38,1018,681,3.33,55.1,39.09,0.0
f1a6081a-48e3-56db-936e-f49af9832cb1,2026-09-12T00:12:00,2.05,3.67,1010,778,0,58.0,36.96,0.0
18b90679-ba14-5785-bca6-c3cc1e3ad587,2026-09-12T00:12:00,2.3,3.37,1148,792,0.33,58.0,40.71,0.0
77059140-e829-5d12-90bd-2d2ebd9c436c,2026-09-12T00:12:00,1.9,3.88,1188,744,1.41,58.0,37.64,0.0
3a6c166d-37fa-5cda-adad-777eb4567f37,2026-09-12T00:14:00,1.96,3.92,1041,905,1.95,54.93,36.68,0.0
f1a6081a-48e3-56db-936e-f49af9832cb1,2026-09-12T00:14:00,2.31,2.78,1394,605,2.29,58.0,43.24,0.0
18b90679-ba14-5785-bca6-c3cc1e3ad587,2026-09-12T00:14:00,2.18,2.86,1077,727,2.64,58.0,39.73,0.0
77059140-e829-5d12-90bd-2d2ebd9c436c,2026-09-12T00:14:00,1.73,3.33,1029,498,0,58.0,36.01,0.0
3a6c166d-37fa-5cda-adad-777eb4567f37,2026-09-12T00:16:00,2.1,2.56,1130,675,3.36,56.12,41.05,0.0
f1a6081a-48e3-56db-936e-f49af9832cb1,2026-09-12T00:16:00,1.64,3.3,979,797,2.53,58.0,41.46,0.0
18b90679-ba14-5785-bca6-c3cc1e3ad587,2026-09-12T00:16:00,1.95,2.97,863,847,1.97,58.0,38.93,0.0
77059140-e829-5d12-90bd-2d2ebd9c436c,2026-09-12T00:16:00,2.55,3.64,1224,547,0,58.0,40.07,0.0
3a6c166d-37fa-5cda-adad-777eb4567f37,2026-09-12T00:18:00,1.81,3.9,1253,701,0,55.04,40.61,0.0
f1a6081a-48e3-56db-936e-f49af9832cb1,2026-09-12T00:18:00,1.81,3.77,849,743,1.87,58.0,44.69,0.0
18b90679-ba14-5785-bca6-c3cc1e3ad587,2026-09-12T00:18:00,2.33,2.38,1004,697,1.68,58.0,42.02,0.0
77059140-e829-5d12-90bd-2d2ebd9c436c,2026-09-12T00:18:00,1.53,3.16,1221,830,4.39,58.0,38.59,0.0
3a6c166d-37fa-5cda-adad-777eb4567f37,2026-09-12T00:20:00,2.33,3.21,1246,750,2.36,55.0,40.36,0.0
f1a6081a-48e3-56db-936e-f49af9832cb1,2026-09-12T00:20:00,1.89,2.64,1448,593,0.66,58.0,38.65,0.0
18b90679-ba14-5785-bca6-c3cc1e3ad587,2026-09-12T00:20:00,2.12,3.04,878,600,0,58.0,39.24,0.0
77059140-e829-5d12-90bd-2d2ebd9c436c,2026-09-12T00:20:00,1.98,2.99,1128,638,2.71,58.0,38.59,0.0
3a6c166d-37fa-5cda-adad-777eb4567f37,2026-09-12T00:22:00,1.84,3.67,1202,692,1.26,55.27,40.86,0.0
f1a6081a-48e3-56db-936e-f49af9832cb1,2026-09-12T00:22:00,2.53,4.05,1110,728,2.6,58.0,38.7,0.0
18b90679-ba14-5785-bca6-c3cc1e3ad587,2026-09-12T00:22:00,1.82,3.71,912,850,2.6,58.0,40.01,0.0
77059140-e829-5d12-90bd-2d2ebd9c436c,2026-09-12T00:22:00,2.23,4.09,987,584,0,58.0,38.89,0.0
3a6c166d-37fa-5cda-adad-777eb4567f37,2026-09-12T00:24:00,2.4,3.66,1073,778,0,55.41,42.4,0.0
f1a6081a-48e3-56db-936e-f49af9832cb1,2026-09-12T00:24:00,1.72,3.48,1120,655,0,58.0,38.93,0.0
18b90679-ba14-5785-bca6-c3cc1e3ad587,2026-09-12T00:24:00,1.71,4.06,963,628,3.08,58.0,41.0,0.0
77059140-e829-5d12-90bd-2d2ebd9c436c,2026-09-12T00:24:00,2.47,3.98,1061,593,2.54,58.0,41.52,0.0
3a6c166d-37fa-5cda-adad-777eb4567f37,2026-09-12T00:26:00,2.15,3.37,1304,614,0,55.49,35.94,0.0
f1a6081a-48e3-56db-936e-f49af9832cb1,2026-09-12T00:26:00,2.43,3.63,934,777,3.17,58.0,39.28,0.0
18b90679-ba14-5785-bca6-c3cc1e3ad587,2026-09-12T00:26:00,2.22,3.6,1140,744,0,58.0,39.09,0.0
77059140-e829-5d12-90bd-2d2ebd9c436c,2026-09-12T00:26:00,1.79,3.58,1160,677,1.55,58.0,35.63,0.0
3a6c166d-37fa-5cda-adad-777eb4567f37,2026-09-12T00:28:00,2.04,3.87,930,747,0.69,55.55,40.1,0.0
f1a6081a-48e3-56db-936e-f49af9832cb1,2026-09-12T00:28:00,1.97,3.65,1093,902,0.46,58.0,42.69,0.0
18b90679-ba14-5785-bca6-c3cc1e3ad587,2026-09-12T00:28:00,2.44,2.77,1258,590,0,58.0,41.65,0.0
77059140-e829-5d12-90bd-2d2ebd9c436c,2026-09-12T00:28:00,2.58,3.32,1063,828,2.29,58.0,37.87,0.0
3a6c166d-37fa-5cda-adad-777eb4567f37,2026-09-12T00:30:00,2.74,2.76,1092,812,0.12,55.26,39.1,0.0
f1a6081a-48e3-56db-936e-f49af9832cb1,2026-09-12T00:30:00,2.62,3.02,1091,733,0.63,58.0,37.34,0.0
18b90679-ba14-5785-bca6-c3cc1e3ad587,2026-09-12T00:30:00,1.74,2.61,951,529,0,58.0,40.26,0.0
77059140-e829-5d12-90bd-2d2ebd9c436c,2026-09-12T00:30:00,2.23,2.92,970,594,0,58.0,36.41,0.0
3a6c166d-37fa-5cda-adad-777eb4567f37,2026-09-12T00:32:00,2.41,3.6,960,699,0,55.22,37.63,0.0
f1a6081a-48e3-56db-936e-f49af9832cb1,2026-09-12T00:32:00,2.63,4.01,1404,678,0,58.0,37.07,0.0
18b90679-ba14-5785-bca6-c3cc1e3ad587,2026-09-12T00:32:00,2.77,2.6,1053,632,4.15,58.0,36.96,0.0
77059140-e829-5d12-90bd-2d2ebd9c436c,2026-09-12T00:32:00,2.59,3.88,1071,725,0,58.0,39.28,0.0
3a6c166d-37fa-5cda-adad-777eb4567f37,2026-09-12T00:34:00,2.55,3.44,1078,641,1.02,54.78,39.24,0.0
f1a6081a-48e3-56db-936e-f49af9832cb1,2026-09-12T00:34:00,1.96,2.41,1244,756,0,58.0,41.5,0.0
18b90679-ba14-5785-bca6-c3cc1e3ad587,2026-09-12T00:34:00,3.06,3.01,1245,715,0.57,58.0,36.72,0.0
77059140-e829-5d12-90bd-2d2ebd9c436c,2026-09-12T00:34:00,2.01,3.11,812,730,0.41,58.0,40.64,0.0
3a6c166d-37fa-5cda-adad-777eb4567f37,2026-09-12T00:36:00,2.61,3.5,932,677,1.93,55.31,41.28,0.0
f1a6081a-48e3-56db-936e-f49af9832cb1,2026-09-12T00:36:00,2.18,3.45,1241,772,2.15,58.0,40.47,0.0
18b90679-ba14-5785-bca6-c3cc1e3ad587,2026-09-12T00:36:00,1.85,2.79,1077,775,1.7,58.0,40.88,0.0
77059140-e829-5d12-90bd-2d2ebd9c436c,2026-09-12T00:36:00,1.68,2.63,1222,678,0,58.0,41.69,0.0
3a6c166d-37fa-5cda-adad-777eb4567f37,2026-09-12T00:38:00,2.27,2.9,1028,706,0,54.91,42.41,0.0
f1a6081a-48e3-56db-936e-f49af9832cb1,2026-09-12T00:38:00,2.32,3.07,1265,749,0,58.0,33.42,0.0
18b90679-ba14-5785-bca6-c3cc1e3ad587,2026-09-12T00:38:00,1.85,3.06,1064,683,2.2,58.0,36.06,0.0
77059140-e829-5d12-90bd-2d2ebd9c436c,2026-09-12T00:38:00,1.57,3.4,1043,671,0,58.0,39.04,0.0
3a6c166d-37fa-5cda-adad-777eb4567f37,2026-09-12T00:40:00,2.65,3.31,1233,688,0.21,56.06,46.27,0.0
f1a6081a-48e3-56db-936e-f49af9832cb1,2026-09-12T00:40:00,2.27,2.91,893,716,0.52,58.0,40.64,0.0
18b90679-ba14-5785-bca6-c3cc1e3ad587,2026-09-12T00:40:00,2.32,3.48,1223,708,0,58.0,37.54,0.0
77059140-e829-5d12-90bd-2d2ebd9c436c,2026-09-12T00:40:00,2.41,2.8,1172,744,0.9,58.0,37.52,0.0
3a6c166d-37fa-5cda-adad-777eb4567f37,2026-09-12T00:42:00,2.35,3.74,969,648,2.64,55.88,39.85,0.0
f1a6081a-48e3-56db-936e-f49af9832cb1,2026-09-12T00:42:00,2.46,3.08,1190,656,2.7,58.0,44.1,0.0
18b90679-ba14-5785-bca6-c3cc1e3ad587,2026-09-12T00:42:00,2.59,4.31,898,629,0.5,58.0,38.46,0.0
77059140-e829-5d12-90bd-2d2ebd9c436c,2026-09-12T00:42:00,2.33,3.12,1217,767,1.72,58.0,36.93,0.0
3a6c166d-37fa-5cda-adad-777eb4567f37,2026-09-12T00:44:00,1.78,3.25,946,621,0,55.62,40.29,0.0
f1a6081a-48e3-56db-936e-f49af9832cb1,2026-09-12T00:44:00,1.74,2.87,1083,720,1.1,58.0,33.94,0.0
18b90679-ba14-5785-bca6-c3cc1e3ad587,2026-09-12T00:44:00,2.65,4.08,1274,727,2.18,58.0,37.82,0.0
77059140-e829-5d12-90bd-2d2ebd9c436c,2026-09-12T00:44:00,2.27,2.77,1098,550,2.03,58.0,38.57,0.0
3a6c166d-37fa-5cda-adad-777eb4567f37,2026-09-12T00:46:00,2.22,2.91,1060,788,1.95,55.57,41.86,0.0
f1a6081a-48e3-56db-936e-f49af9832cb1,2026-09-12T00:46:00,1.61,3.07,1065,795,3.01,58.0,40.52,0.0
18b90679-ba14-5785-bca6-c3cc1e3ad587,2026-09-12T00:46:00,1.9,3.34,1051,656,0,58.0,40.61,0.0
77059140-e829-5d12-90bd-2d2ebd9c436c,2026-09-12T00:46:00,2.19,3.64,907,576,7.53,58.0,37.25,0.0
3a6c166d-37fa-5cda-adad-777eb4567f37,2026-09-12T00:48:00,2.43,3.2,1058,633,0.34,55.84,38.26,0.0
f1a6081a-48e3-56db-936e-f49af9832cb1,2026-09-12T00:48:00,2.09,3.09,1007,542,3.78,58.0,40.72,0.0
18b90679-ba14-5785-bca6-c3cc1e3ad587,2026-09-12T00:48:00,2.5,3.04,1257,690,3.58,58.0,39.42,0.0
77059140-e829-5d12-90bd-2d2ebd9c436c,2026-09-12T00:48:00,2.19,3.04,1091,698,3.65,58.0,43.3,0.0
3a6c166d-37fa-5cda-adad-777eb4567f37,2026-09-12T00:50:00,1.99,3.04,1029,777,1.91,55.35,43.79,0.0
f1a6081a-48e3-56db-936e-f49af9832cb1,2026-09-12T00:50:00,2.12,2.71,911,663,0.36,58.0,38.17,0.0
18b90679-ba14-5785-bca6-c3cc1e3ad587,2026-09-12T00:50:00,1.66,3.37,1047,759,1.96,58.0,36.17,0.0
77059140-e829-5d12-90bd-2d2ebd9c436c,2026-09-12T00:50:00,2.34,3.01,1265,674,0.06,58.0,38.43,0.0
3a6c166d-37fa-5cda-adad-777eb4567f37,2026-09-12T00:52:00,1.83,2.55,1073,635,0,55.56,39.1,0.0
f1a6081a-48e3-56db-936e-f49af9832cb1,2026-09-12T00:52:00,2.21,3.99,1077,846,3.2,58.0,41.86,0.0
18b90679-ba14-5785-bca6-c3cc1e3ad587,2026-09-12T00:52:00,1.95,3.15,971,714,0.84,58.0,40.55,0.0
77059140-e829-5d12-90bd-2d2ebd9c436c,2026-09-12T00:52:00,2.31,3.36,1038,589,0.17,58.0,41.24,0.0
3a6c166d-37fa-5cda-adad-777eb4567f37,2026-09-12T00:54:00,2.08,3.23,1068,724,2.13,55.28,44.38,0.0
f1a6081a-48e3-56db-936e-f49af9832cb1,2026-09-12T00:54:00,2.12,3.54,878,833,0.75,58.0,37.46,0.0
18b90679-ba14-5785-bca6-c3cc1e3ad587,2026-09-12T00:54:00,2.54,2.29,1106,587,0.93,58.0,40.38,0.0
77059140-e829-5d12-90bd-2d2ebd9c436c,2026-09-12T00:54:00,2.48,3.47,1331,682,0.35,58.0,42.51,0.0
3a6c166d-37fa-5cda-adad-777eb4567f37,2026-09-12T00:56:00,1.57,2.67,1163,663,0,56.03,37.09,0.0
f1a6081a-48e3-56db-936e-f49af9832cb1,2026-09-12T00:56:00,2.65,3.38,1420,769,4.22,58.0,42.77,0.0
18b90679-ba14-5785-bca6-c3cc1e3ad587,2026-09-12T00:56:00,2.49,2.68,888,609,1.43,58.0,39.44,0.0
77059140-e829-5d12-90bd-2d2ebd9c436c,2026-09-12T00:56:00,2.33,3.27,1138,765,0.98,58.0,38.72,0.0
3a6c166d-37fa-5cda-adad-777eb4567f37,2026-09-12T00:58:00,1.51,3.08,835,705,0.24,56.13,39.59,0.0
f1a6081a-48e3-56db-936e-f49af9832cb1,2026-09-12T00:58:00,1.88,2.31,1077,718,0,58.0,38.52,0.0
18b90679-ba14-5785-bca6-c3cc1e3ad587,2026-09-12T00:58:00,2.08,3.29,1006,916,0.49,58.0,39.91,0.0
77059140-e829-5d12-90bd-2d2ebd9c436c,2026-09-12T00:58:00,2.03,2.09,1246,392,3.4,58.0,36.14,0.0
3a6c166d-37fa-5cda-adad-777eb4567f37,2026-09-12T01:00:00,1.7,3.26,1101,692,0,56.04,41.85,0.0
f1a6081a-48e3-56db-936e-f49af9832cb1,2026-09-12T01:00:00,2.84,2.92,1022,775,4.23,58.0,39.42,0.0
18b90679-ba14-5785-bca6-c3cc1e3ad587,2026-09-12T01:00:00,1.67,3.18,1196,737,2.96,58.0,44.25,0.0
77059140-e829-5d12-90bd-2d2ebd9c436c,2026-09-12T01:00:00,2.05,2.87,936,665,2.79,58.0,43.76,0.0
3a6c166d-37fa-5cda-adad-777eb4567f37,2026-09-12T01:02:00,2.01,4.13,843,709,0,56.36,36.43,0.0
f1a6081a-48e3-56db-936e-f49af9832cb1,2026-09-12T01:02:00,2.52,2.38,1079,620,1.99,58.0,44.07,0.0
18b90679-ba14-5785-bca6-c3cc1e3ad587,2026-09-12T01:02:00,2.43,3.48,1141,578,2.22,58.0,41.74,0.0
77059140-e829-5d12-90bd-2d2ebd9c436c,2026-09-12T01:02:00,1.99,2.99,1254,695,0,58.0,38.38,0.0
3a6c166d-37fa-5cda-adad-777eb4567f37,2026-09-12T01:04:00,2.33,3.42,1106,733,0.78,55.96,42.47,0.0
f1a6081a-48e3-56db-936e-f49af9832cb1,2026-09-12T01:04:00,2.72,3.24,1113,615,0.99,58.0,41.49,0.0
18b90679-ba14-5785-bca6-c3cc1e3ad587,2026-09-12T01:04:00,2.07,3.95,1083,819,0,58.0,38.75,0.0
77059140-e829-5d12-90bd-2d2ebd9c436c,2026-09-12T01:04:00,2.03,3.74,1157,669,0.14,58.0,39.37,0.0
3a6c166d-37fa-5cda-adad-777eb4567f37,2026-09-12T01:06:00,1.94,3.3,1118,671,1.4,55.67,42.98,0.0
f1a6081a-48e3-56db-936e-f49af9832cb1,2026-09-12T01:06:00,2.35,2.5,1135,508,2.1,58.0,38.25,0.0
18b90679-ba14-5785-bca6-c3cc1e3ad587,2026-09-12T01:06:00,2.26,2.63,1083,750,2.08,58.0,39.4,0.0
77059140-e829-5d12-90bd-2d2ebd9c436c,2026-09-12T01:06:00,2.2,3.8,1169,620,0,58.0,37.74,0.0
3a6c166d-37fa-5cda-adad-777eb4567f37,2026-09-12T01:08:00,1.91,3.84,1254,661,3.02,55.78,38.68,0.0
f1a6081a-48e3-56db-936e-f49af9832cb1,2026-09-12T01:08:00,1.91,3.59,1155,560,1.25,58.0,38.15,0.0
18b90679-ba14-5785-bca6-c3cc1e3ad587,2026-09-12T01:08:00,1.88,3.27,851,638,4.36,58.0,40.53,0.0
77059140-e829-5d12-90bd-2d2ebd9c436c,2026-09-12T01:08:00,1.8,3.53,1092,648,0,58.0,39.45,0.0
3a6c166d-37fa-5cda-adad-777eb4567f37,2026-09-12T01:10:00,2.64,2.15,1260,684,0,55.58,41.26,0.0
f1a6081a-48e3-56db-936e-f49af9832cb1,2026-09-12T01:10:00,1.88,3.94,1035,591,4.58,58.0,41.77,0.0
18b90679-ba14-5785-bca6-c3cc1e3ad587,2026-09-12T01:10:00,2.08,2.93,1057,819,0,58.0,36.26,0.0
77059140-e829-5d12-90bd-2d2ebd9c436c,2026-09-12T01:10:00,2.65,3.15,1093,724,0.26,58.0,33.39,0.0
3a6c166d-37fa-5cda-adad-777eb4567f37,2026-09-12T01:12:00,2.46,4.02,1222,537,6.24,55.56,36.14,0.0
f1a6081a-48e3-56db-936e-f49af9832cb1,2026-09-12T01:12:00,2.31,3.24,1125,795,2.64,58.0,37.22,0.0
18b90679-ba14-5785-bca6-c3cc1e3ad587,2026-09-12T01:12:00,2.23,3.74,1208,778,2.44,58.0,41.22,0.0
77059140-e829-5d12-90bd-2d2ebd9c436c,2026-09-12T01:12:00,2.02,2.69,1133,636,3.21,58.0,37.27,0.0
3a6c166d-37fa-5cda-adad-777eb4567f37,2026-09-12T01:14:00,2.01,2.93,953,537,0,56.25,39.2,0.0
f1a6081a-48e3-56db-936e-f49af9832cb1,2026-09-12T01:14:00,1.97,2.74,1275,575,1.14,58.0,37.11,0.0
18b90679-ba14-5785-bca6-c3cc1e3ad587,2026-09-12T01:14:00,1.95,3.46,1138,792,2.17,58.0,39.84,0.0
77059140-e829-5d12-90bd-2d2ebd9c436c,2026-09-12T01:14:00,2.42,2.82,1228,726,1.85,58.0,40.95,0.0
3a6c166d-37fa-5cda-adad-777eb4567f37,2026-09-12T01:16:00,2.41,3.94,1122,564,1.13,55.72,39.66,0.0
f1a6081a-48e3-56db-936e-f49af9832cb1,2026-09-12T01:16:00,1.76,3.11,1188,752,3.13,58.0,39.35,0.0
18b90679-ba14-5785-bca6-c3cc1e3ad587,2026-09-12T01:16:00,2.89,2.9,1136,657,3.66,58.0,39.54,0.0
77059140-e829-5d12-90bd-2d2ebd9c436c,2026-09-12T01:16:00,1.84,3.39,949,600,2.64,58.0,39.41,0.0
3a6c166d-37fa-5cda-adad-777eb4567f37,2026-09-12T01:18:00,2.64,3.16,1110,529,2.91,55.62,38.8,0.0
f1a6081a-48e3-56db-936e-f49af9832cb1,2026-09-12T01:18:00,2.32,3.5,1095,795,2.03,58.0,43.22,0.0
18b90679-ba14-5785-bca6-c3cc1e3ad587,2026-09-12T01:18:00,2.18,3.33,1188,783,0.38,58.0,44.18,0.0
77059140-e829-5d12-90bd-2d2ebd9c436c,2026-09-12T01:18:00,2.24,3.29,1138,602,0,58.0,44.6,0.0
3a6c166d-37fa-5cda-adad-777eb4567f37,2026-09-12T01:20:00,2.88,3.26,895,664,1.31,55.67,37.41,0.0
f1a6081a-48e3-56db-936e-f49af9832cb1,2026-09-12T01:20:00,2.03,2.73,1195,833,2.19,58.0,35.98,0.0
18b90679-ba14-5785-bca6-c3cc1e3ad587,2026-09-12T01:20:00,2.28,2.9,1119,605,2.75,58.0,41.22,0.0
77059140-e829-5d12-90bd-2d2ebd9c436c,2026-09-12T01:20:00,2.09,3.51,1093,835,0,58.0,40.5,0.0
3a6c166d-37fa-5cda-adad-777eb4567f37,2026-09-12T01:22:00,1.89,3.44,1080,757,4.29,56.21,39.48,0.0
f1a6081a-48e3-56db-936e-f49af9832cb1,2026-09-12T01:22:00,1.94,3.23,1090,873,0,58.0,39.14,0.0
18b90679-ba14-5785-bca6-c3cc1e3ad587,2026-09-12T01:22:00,2.21,2.95,1129,682,1.2,58.0,37.67,0.0
77059140-e829-5d12-90bd-2d2ebd9c436c,2026-09-12T01:22:00,2.46,2.87,1042,757,3.5,58.0,37.6,0.0
3a6c166d-37fa-5cda-adad-777eb4567f37,2026-09-12T01:24:00,2.8,3.49,928,700,0.45,56.15,40.26,0.0
f1a6081a-48e3-56db-936e-f49af9832cb1,2026-09-12T01:24:00,2.33,2.52,900,807,0.94,58.0,42.83,0.0
18b90679-ba14-5785-bca6-c3cc1e3ad587,2026-09-12T01:24:00,2.39,3.05,885,727,1.92,58.0,43.86,0.0
77059140-e829-5d12-90bd-2d2ebd9c436c,2026-09-12T01:24:00,2.13,3.32,871,626,1.43,58.0,38.6,0.0
3a6c166d-37fa-5cda-adad-777eb4567f37,2026-09-12T01:26:00,2.05,3.09,1089,589,3.02,55.9,41.68,0.0
f1a6081a-48e3-56db-936e-f49af9832cb1,2026-09-12T01:26:00,2.51,2.82,875,710,1.98,58.0,37.64,0.0
18b90679-ba14-5785-bca6-c3cc1e3ad587,2026-09-12T01:26:00,2.39,4.17,1451,603,1.58,58.0,36.42,0.0
77059140-e829-5d12-90bd-2d2ebd9c436c,2026-09-12T01:26:00,3.2,3.09,1193,690,0,58.0,38.97,0.0
3a6c166d-37fa-5cda-adad-777eb4567f37,2026-09-12T01:28:00,2.09,3.4,884,681,1.66,55.81,40.48,0.0
f1a6081a-48e3-56db-936e-f49af9832cb1,2026-09-12T01:28:00,2.06,3.12,1026,573,0,58.0,39.52,0.0
18b90679-ba14-5785-bca6-c3cc1e3ad587,2026-09-12T01:28:00,2.34,3.36,986,718,0.64,58.0,38.26,0.0
77059140-e829-5d12-90bd-2d2ebd9c436c,2026-09-12T01:28:00,1.88,3.06,1177,666,0.78,58.0,36.99,0.0
3a6c166d-37fa-5cda-adad-777eb4567f37,2026-09-12T01:30:00,2.64,4.08,1064,652,0,55.84,43.79,0.0
f1a6081a-48e3-56db-936e-f49af9832cb1,2026-09-12T01:30:00,1.89,3.34,1181,821,4.92,58.0,41.39,0.0
18b90679-ba14-5785-bca6-c3cc1e3ad587,2026-09-12T01:30:00,2.04,3.0,1071,756,2.72,58.0,41.05,0.0
77059140-e829-5d12-90bd-2d2ebd9c436c,2026-09-12T01:30:00,1.55,3.04,1267,636,0.86,58.0,46.32,0.0
3a6c166d-37fa-5cda-adad-777eb4567f37,2026-09-12T01:32:00,1.97,3.52,1157,597,0,56.52,41.13,0.0
f1a6081a-48e3-56db-936e-f49af9832cb1,2026-09-12T01:32:00,2.35,3.82,1270,547,1.87,58.0,42.8,0.0
18b90679-ba14-5785-bca6-c3cc1e3ad587,2026-09-12T01:32:00,2.61,3.94,1024,746,2.41,58.0,38.02,0.0
77059140-e829-5d12-90bd-2d2ebd9c436c,2026-09-12T01:32:00,2.28,2.7,992,714,2.9,58.0,39.51,0.0
3a6c166d-37fa-5cda-adad-777eb4567f37,2026-09-12T01:34:00,1.79,3.2,1041,569,3.27,55.6,42.09,0.0
f1a6081a-48e3-56db-936e-f49af9832cb1,2026-09-12T01:34:00,1.46,2.61,1115,927,0,58.0,38.73,0.0
18b90679-ba14-5785-bca6-c3cc1e3ad587,2026-09-12T01:34:00,2.68,3.07,1230,770,0.96,58.0,41.73,0.0
77059140-e829-5d12-90bd-2d2ebd9c436c,2026-09-12T01:34:00,2.54,2.66,1075,630,1.07,58.0,36.49,0.0
3a6c166d-37fa-5cda-adad-777eb4567f37,2026-09-12T01:36:00,2.72,2.96,893,664,3.29,56.54,43.5,0.0
f1a6081a-48e3-56db-936e-f49af9832cb1,2026-09-12T01:36:00,1.47,3.19,1041,671,0,58.0,38.85,0.0
18b90679-ba14-5785-bca6-c3cc1e3ad587,2026-09-12T01:36:00,1.8,4.34,1105,641,0,58.0,41.93,0.0
77059140-e829-5d12-90bd-2d2ebd9c436c,2026-09-12T01:36:00,2.42,3.82,1140,645,0,58.0,37.62,0.0
3a6c166d-37fa-5cda-adad-777eb4567f37,2026-09-12T01:38:00,1.31,2.94,1019,743,1.97,56.33,36.47,0.0
f1a6081a-48e3-56db-936e-f49af9832cb1,2026-09-12T01:38:00,1.85,3.43,954,700,3.67,58.0,44.64,0.0
18b90679-ba14-5785-bca6-c3cc1e3ad587,2026-09-12T01:38:00,2.59,2.84,1038,605,0,58.0,35.17,0.0
77059140-e829-5d12-90bd-2d2ebd9c436c,2026-09-12T01:38:00,1.99,3.8,1368,728,1.39,58.0,41.23,0.0
3a6c166d-37fa-5cda-adad-777eb4567f37,2026-09-12T01:40:00,1.9,3.18,1256,674,0.79,55.83,38.38,0.0
f1a6081a-48e3-56db-936e-f49af9832cb1,2026-09-12T01:40:00,2.28,3.76,1254,947,0.5,58.0,40.06,0.0
18b90679-ba14-5785-bca6-c3cc1e3ad587,2026-09-12T01:40:00,1.83,4.14,1221,777,2.11,58.0,39.22,0.0
77059140-e829-5d12-90bd-2d2ebd9c436c,2026-09-12T01:40:00,1.33,3.86,1182,713,0,58.0,41.72,0.0
3a6c166d-37fa-5cda-adad-777eb4567f37,2026-09-12T01:42:00,2.82,2.87,1056,753,3.18,55.91,41.68,0.0
f1a6081a-48e3-56db-936e-f49af9832cb1,2026-09-12T01:42:00,2.6,3.3,909,641,0.42,58.0,37.57,0.0
18b90679-ba14-5785-bca6-c3cc1e3ad587,2026-09-12T01:42:00,2.67,3.55,1241,612,0,58.0,40.7,0.0
77059140-e829-5d12-90bd-2d2ebd9c436c,2026-09-12T01:42:00,2.23,3.69,1184,706,2.49,58.0,39.76,0.0
3a6c166d-37fa-5cda-adad-777eb4567f37,2026-09-12T01:44:00,1.35,3.06,1223,741,1.32,56.37,35.99,0.0
f1a6081a-48e3-56db-936e-f49af9832cb1,2026-09-12T01:44:00,2.31,3.09,1159,629,0,58.0,37.97,0.0
18b90679-ba14-5785-bca6-c3cc1e3ad587,2026-09-12T01:44:00,1.98,3.86,1193,688,0.07,58.0,40.97,0.0
77059140-e829-5d12-90bd-2d2ebd9c436c,2026-09-12T01:44:00,2.74,2.87,1030,797,1.92,58.0,38.48,0.0
3a6c166d-37fa-5cda-adad-777eb4567f37,2026-09-12T01:46:00,2.4,3.79,1270,656,1.4,56.58,37.33,0.0
f1a6081a-48e3-56db-936e-f49af9832cb1,2026-09-12T01:46:00,2.23,3.72,1209,765,2.03,58.0,39.81,0.0
18b90679-ba14-5785-bca6-c3cc1e3ad587,2026-09-12T01:46:00,1.79,3.46,1312,655,0,58.0,41.14,0.0
77059140-e829-5d12-90bd-2d2ebd9c436c,2026-09-12T01:46:00,2.81,2.84,820,639,1.24,58.0,39.23,0.0
3a6c166d-37fa-5cda-adad-777eb4567f37,2026-09-12T01:48:00,2.39,2.87,1121,811,3.98,56.54,39.92,0.0
f1a6081a-48e3-56db-936e-f49af9832cb1,2026-09-12T01:48:00,2.17,3.13,1278,783,2.18,58.0,38.29,0.0
18b90679-ba14-5785-bca6-c3cc1e3ad587,2026-09-12T01:48:00,2.74,3.78,957,794,1.37,58.0,40.3,0.0
77059140-e829-5d12-90bd-2d2ebd9c436c,2026-09-12T01:48:00,1.52,2.65,1231,627,2.53,58.0,36.29,0.0
3a6c166d-37fa-5cda-adad-777eb4567f37,2026-09-12T01:50:00,2.0,2.95,1020,806,0,56.22,42.59,0.0
f1a6081a-48e3-56db-936e-f49af9832cb1,2026-09-12T01:50:00,1.59,2.95,1149,805,3.42,58.0,40.54,0.0
18b90679-ba14-5785-bca6-c3cc1e3ad587,2026-09-12T01:50:00,2.46,2.12,1146,701,0.52,58.0,37.95,0.0
77059140-e829-5d12-90bd-2d2ebd9c436c,2026-09-12T01:50:00,2.53,3.83,1351,680,0,58.0,44.33,0.0
3a6c166d-37fa-5cda-adad-777eb4567f37,2026-09-12T01:52:00,2.59,3.23,1170,670,0.44,56.53,39.08,0.0
f1a6081a-48e3-56db-936e-f49af9832cb1,2026-09-12T01:52:00,2.61,4.21,857,909,2.93,58.0,39.68,0.0
18b90679-ba14-5785-bca6-c3cc1e3ad587,2026-09-12T01:52:00,2.08,2.48,1261,601,2.26,58.0,38.6,0.0
77059140-e829-5d12-90bd-2d2ebd9c436c,2026-09-12T01:52:00,1.66,3.51,1176,615,2.64,58.0,44.15,0.0
3a6c166d-37fa-5cda-adad-777eb4567f37,2026-09-12T01:54:00,2.58,3.08,1078,781,2.64,56.05,34.86,0.0
f1a6081a-48e3-56db-936e-f49af9832cb1,2026-09-12T01:54:00,1.89,2.93,1279,864,1.69,58.0,40.5,0.0
18b90679-ba14-5785-bca6-c3cc1e3ad587,2026-09-12T01:54:00,2.91,3.52,1188,735,1.77,58.0,43.02,0.0
77059140-e829-5d12-90bd-2d2ebd9c436c,2026-09-12T01:54:00,2.48,3.36,1073,725,0,58.0,40.8,0.0
3a6c166d-37fa-5cda-adad-777eb4567f37,2026-09-12T01:56:00,2.87,3.94,1167,699,2.73,55.73,39.31,0.0
f1a6081a-48e3-56db-936e-f49af9832cb1,2026-09-12T01:56:00,1.63,3.94,1283,692,0,58.0,38.91,0.0
18b90679-ba14-5785-bca6-c3cc1e3ad587,2026-09-12T01:56:00,1.78,3.21,1333,647,0,58.0,36.3,0.0
77059140-e829-5d12-90bd-2d2ebd9c436c,2026-09-12T01:56:00,2.3,2.9,1202,676,4.14,58.0,41.14,0.0
3a6c166d-37fa-5cda-adad-777eb4567f37,2026-09-12T01:58:00,1.55,2.93,1108,844,0,56.3,35.85,0.0
f1a6081a-48e3-56db-936e-f49af9832cb1,2026-09-12T01:58:00,2.48,2.59,1031,815,2.71,58.0,38.16,0.0
18b90679-ba14-5785-bca6-c3cc1e3ad587,2026-09-12T01:58:00,2.59,3.37,1018,641,0,58.0,36.98,0.0
77059140-e829-5d12-90bd-2d2ebd9c436c,2026-09-12T01:58:00,2.39,3.78,954,765,0,58.0,39.5,0.0
3a6c166d-37fa-5cda-adad-777eb4567f37,2026-09-12T02:00:00,1.96,3.57,1101,675,3.84,56.63,38.29,0.0
f1a6081a-48e3-56db-936e-f49af9832cb1,2026-09-12T02:00:00,2.37,3.23,852,540,0.67,58.0,45.2,0.0
18b90679-ba14-5785-bca6-c3cc1e3ad587,2026-09-12T02:00:00,1.98,3.32,1379,711,2.05,58.0,40.48,0.0
77059140-e829-5d12-90bd-2d2ebd9c436c,2026-09-12T02:00:00,1.94,2.94,1070,707,0,58.0,38.46,0.0
3a6c166d-37fa-5cda-adad-777eb4567f37,2026-09-12T02:02:00,2.53,2.67,1238,597,1.56,56.08,37.6,0.0
f1a6081a-48e3-56db-936e-f49af9832cb1,2026-09-12T02:02:00,2.32,3.29,1316,784,0,58.0,40.53,0.0
18b90679-ba14-5785-bca6-c3cc1e3ad587,2026-09-12T02:02:00,2.58,3.72,1357,885,0,58.0,40.69,0.0
77059140-e829-5d12-90bd-2d2ebd9c436c,2026-09-12T02:02:00,3.08,3.91,1053,572,0,58.0,41.36,0.0
3a6c166d-37fa-5cda-adad-777eb4567f37,2026-09-12T02:04:00,2.09,4.24,983,613,1.02,56.8,41.89,0.0
f1a6081a-48e3-56db-936e-f49af9832cb1,2026-09-12T02:04:00,2.05,4.1,1130,814,4.02,58.0,37.28,0.0
18b90679-ba14-5785-bca6-c3cc1e3ad587,2026-09-12T02:04:00,1.72,3.58,1159,715,1.64,58.0,39.48,0.0
77059140-e829-5d12-90bd-2d2ebd9c436c,2026-09-12T02:04:00,2.79,1.98,1289,735,0.93,58.0,37.3,0.0
3a6c166d-37fa-5cda-adad-777eb4567f37,2026-09-12T02:06:00,2.42,2.76,1025,752,2.76,56.41,40.33,0.0
f1a6081a-48e3-56db-936e-f49af9832cb1,2026-09-12T02:06:00,2.3,3.24,1076,587,1.24,58.0,37.7,0.0
18b90679-ba14-5785-bca6-c3cc1e3ad587,2026-09-12T02:06:00,2.2,2.43,1241,664,1.31,58.0,43.5,0.0
77059140-e829-5d12-90bd-2d2ebd9c436c,2026-09-12T02:06:00,2.79,3.64,1018,706,1.71,58.0,40.42,0.0
3a6c166d-37fa-5cda-adad-777eb4567f37,2026-09-12T02:08:00,2.21,2.74,1050,691,0,56.3,40.0,0.0
f1a6081a-48e3-56db-936e-f49af9832cb1,2026-09-12T02:08:00,1.99,2.99,945,574,1.4,58.0,37.19,0.0
18b90679-ba14-5785-bca6-c3cc1e3ad587,2026-09-12T02:08:00,2.18,3.28,1184,789,0.01,58.0,36.89,0.0
77059140-e829-5d12-90bd-2d2ebd9c436c,2026-09-12T02:08:00,2.31,3.73,1103,710,0.83,58.0,39.38,0.0
3a6c166d-37fa-5cda-adad-777eb4567f37,2026-09-12T02:10:00,1.73,3.74,1154,882,0.03,56.92,42.28,0.0
f1a6081a-48e3-56db-936e-f49af9832cb1,2026-09-12T02:10:00,2.42,3.36,1035,692,0.3,58.0,39.85,0.0
18b90679-ba14-5785-bca6-c3cc1e3ad587,2026-09-12T02:10:00,1.88,3.46,1362,640,2.15,58.0,35.06,0.0
77059140-e829-5d12-90bd-2d2ebd9c436c,2026-09-12T02:10:00,2.42,3.47,1039,768,1.38,58.0,44.31,0.0
3a6c166d-37fa-5cda-adad-777eb4567f37,2026-09-12T02:12:00,1.99,2.72,1062,713,0.09,56.82,42.73,0.0
f1a6081a-48e3-56db-936e-f49af9832cb1,2026-09-12T02:12:00,1.95,3.93,1261,739,0.55,58.0,44.65,0.0
18b90679-ba14-5785-bca6-c3cc1e3ad587,2026-09-12T02:12:00,2.53,2.87,1171,646,2.82,58.0,37.24,0.0
77059140-e829-5d12-90bd-2d2ebd9c436c,2026-09-12T02:12:00,2.03,3.07,1210,627,1.22,58.0,34.43,0.0
3a6c166d-37fa-5cda-adad-777eb4567f37,2026-09-12T02:14:00,2.46,3.25,1365,743,1.3,56.97,43.74,0.0
f1a6081a-48e3-56db-936e-f49af9832cb1,2026-09-12T02:14:00,2.01,3.57,1002,701,1.54,58.0,40.18,0.0
18b90679-ba14-5785-bca6-c3cc1e3ad587,2026-09-12T02:14:00,2.2,2.93,1204,774,0.01,58.0,39.78,0.0
77059140-e829-5d12-90bd-2d2ebd9c436c,2026-09-12T02:14:00,2.43,3.58,1199,766,2.31,58.0,41.64,0.0
3a6c166d-37fa-5cda-adad-777eb4567f37,2026-09-12T02:16:00,2.58,3.32,1003,757,3.98,56.74,40.23,0.0
f1a6081a-48e3-56db-936e-f49af9832cb1,2026-09-12T02:16:00,2.24,2.4,1198,683,0,58.0,42.94,0.0
18b90679-ba14-5785-bca6-c3cc1e3ad587,2026-09-12T02:16:00,1.92,3.4,1011,757,0,58.0,40.41,0.0
77059140-e829-5d12-90bd-2d2ebd9c436c,2026-09-12T02:16:00,2.3,3.69,1004,687,0,58.0,41.65,0.0
3a6c166d-37fa-5cda-adad-777eb4567f37,2026-09-12T02:18:00,2.15,3.22,948,750,0,56.66,37.95,0.0
f1a6081a-48e3-56db-936e-f49af9832cb1,2026-09-12T02:18:00,2.49,3.62,1220,713,1.76,58.0,37.65,0.0
18b90679-ba14-5785-bca6-c3cc1e3ad587,2026-09-12T02:18:00,2.8,4.09,1092,617,0,58.0,37.55,0.0
77059140-e829-5d12-90bd-2d2ebd9c436c,2026-09-12T02:18:00,1.93,3.5,1186,805,1.57,58.0,40.4,0.0
3a6c166d-37fa-5cda-adad-777eb4567f37,2026-09-12T02:20:00,2.32,3.99,1182,878,2.81,56.79,39.24,0.0
f1a6081a-48e3-56db-936e-f49af9832cb1,2026-09-12T02:20:00,2.03,3.92,1502,709,1.8,58.0,41.11,0.0
18b90679-ba14-5785-bca6-c3cc1e3ad587,2026-09-12T02:20:00,2.3,3.29,1245,600,0,58.0,40.49,0.0
77059140-e829-5d12-90bd-2d2ebd9c436c,2026-09-12T02:20:00,2.29,3.46,1239,839,0,58.0,38.2,0.0
3a6c166d-37fa-5cda-adad-777eb4567f37,2026-09-12T02:22:00,1.91,3.47,1208,660,0.44,56.87,40.98,0.0
f1a6081a-48e3-56db-936e-f49af9832cb1,2026-09-12T02:22:00,2.77,3.25,1212,794,0,58.0,37.2,0.0
18b90679-ba14-5785-bca6-c3cc1e3ad587,2026-09-12T02:22:00,1.78,3.56,1149,757,1.5,58.0,40.43,0.0
77059140-e829-5d12-90bd-2d2ebd9c436c,2026-09-12T02:22:00,2.49,3.19,1263,789,0,58.0,39.32,0.0
3a6c166d-37fa-5cda-adad-777eb4567f37,2026-09-12T02:24:00,2.67,3.57,1290,895,0.4,57.14,40.72,0.0
f1a6081a-48e3-56db-936e-f49af9832cb1,2026-09-12T02:24:00,2.55,3.21,1184,911,0.29,58.0,41.1,0.0
18b90679-ba14-5785-bca6-c3cc1e3ad587,2026-09-12T02:24:00,2.44,2.73,1256,616,1.68,58.0,43.03,0.0
77059140-e829-5d12-90bd-2d2ebd9c436c,2026-09-12T02:24:00,2.1,2.69,1175,736,1.51,58.0,40.51,0.0
3a6c166d-37fa-5cda-adad-777eb4567f37,2026-09-12T02:26:00,2.16,3.1,1107,579,2.28,56.74,36.65,0.0
f1a6081a-48e3-56db-936e-f49af9832cb1,2026-09-12T02:26:00,1.54,3.08,1248,749,1.37,58.0,40.56,0.0
18b90679-ba14-5785-bca6-c3cc1e3ad587,2026-09-12T02:26:00,1.68,3.78,1132,743,2.1,58.0,33.33,0.0
77059140-e829-5d12-90bd-2d2ebd9c436c,2026-09-12T02:26:00,2.77,3.23,1249,709,0.2,58.0,43.26,0.0
3a6c166d-37fa-5cda-adad-777eb4567f37,2026-09-12T02:28:00,2.46,3.06,1194,855,3.54,56.91,37.94,0.0
f1a6081a-48e3-56db-936e-f49af9832cb1,2026-09-12T02:28:00,2.81,3.27,1026,685,2.4,58.0,39.73,0.0
18b90679-ba14-5785-bca6-c3cc1e3ad587,2026-09-12T02:28:00,2.29,3.5,1154,788,3.72,58.0,41.06,0.0
77059140-e829-5d12-90bd-2d2ebd9c436c,2026-09-12T02:28:00,2.46,3.89,1275,845,0,58.0,40.08,0.0
3a6c166d-37fa-5cda-adad-777eb4567f37,2026-09-12T02:30:00,2.31,3.33,1215,618,2.91,56.37,38.76,0.0
f1a6081a-48e3-56db-936e-f49af9832cb1,2026-09-12T02:30:00,1.89,3.1,1183,596,2.92,58.0,39.98,0.0
18b90679-ba14-5785-bca6-c3cc1e3ad587,2026-09-12T02:30:00,2.58,4.04,1156,689,2.38,58.0,35.67,0.0
77059140-e829-5d12-90bd-2d2ebd9c436c,2026-09-12T02:30:00,2.66,3.36,1141,644,0,58.0,39.24,0.0
3a6c166d-37fa-5cda-adad-777eb4567f37,2026-09-12T02:32:00,2.67,4.61,1409,706,3.05,57.48,40.29,0.0
f1a6081a-48e3-56db-936e-f49af9832cb1,2026-09-12T02:32:00,2.46,3.17,1313,678,0.23,58.0,39.26,0.0
18b90679-ba14-5785-bca6-c3cc1e3ad587,2026-09-12T02:32:00,2.19,2.46,1318,990,0,58.0,43.42,0.0
77059140-e829-5d12-90bd-2d2ebd9c436c,2026-09-12T02:32:00,1.69,3.36,1097,766,2.3,58.0,36.81,0.0
3a6c166d-37fa-5cda-adad-777eb4567f37,2026-09-12T02:34:00,1.97,2.7,1155,636,0,57.71,47.17,0.0
f1a6081a-48e3-56db-936e-f49af9832cb1,2026-09-12T02:34:00,3.12,3.26,1070,803,0,58.0,39.38,0.0
18b90679-ba14-5785-bca6-c3cc1e3ad587,2026-09-12T02:34:00,1.96,3.8,1189,782,0.29,58.0,39.57,0.0
77059140-e829-5d12-90bd-2d2ebd9c436c,2026-09-12T02:34:00,1.65,3.36,1164,790,0.53,58.0,37.58,0.0
3a6c166d-37fa-5cda-adad-777eb4567f37,2026-09-12T02:36:00,2.06,3.03,1158,738,5.03,57.06,42.22,0.0
f1a6081a-48e3-56db-936e-f49af9832cb1,2026-09-12T02:36:00,2.08,3.44,1185,651,0.63,58.0,41.2,0.0
18b90679-ba14-5785-bca6-c3cc1e3ad587,2026-09-12T02:36:00,1.92,2.81,1188,720,0,58.0,43.07,0.0
77059140-e829-5d12-90bd-2d2ebd9c436c,2026-09-12T02:36:00,2.7,4.35,1152,807,3.6,58.0,41.45,0.0
3a6c166d-37fa-5cda-adad-777eb4567f37,2026-09-12T02:38:00,2.93,4.04,1300,889,0.25,56.66,44.47,0.0
f1a6081a-48e3-56db-936e-f49af9832cb1,2026-09-12T02:38:00,2.32,3.14,984,643,0.63,58.0,41.34,0.0
18b90679-ba14-5785-bca6-c3cc1e3ad587,2026-09-12T02:38:00,2.16,3.83,1173,676,3.86,58.0,43.14,0.0
77059140-e829-5d12-90bd-2d2ebd9c436c,2026-09-12T02:38:00,2.21,2.69,1082,713,1.55,58.0,43.12,0.0
3a6c166d-37fa-5cda-adad-777eb4567f37,2026-09-12T02:40:00,2.26,2.84,1239,838,3.79,57.09,38.68,0.0
f1a6081a-48e3-56db-936e-f49af9832cb1,2026-09-12T02:40:00,2.21,2.81,1256,678,1.56,58.0,38.48,0.0
18b90679-ba14-5785-bca6-c3cc1e3ad587,2026-09-12T02:40:00,2.09,3.39,1227,807,0.7,58.0,39.44,0.0
77059140-e829-5d12-90bd-2d2ebd9c436c,2026-09-12T02:40:00,2.43,3.23,1220,711,1.34,58.0,42.21,0.0
3a6c166d-37fa-5cda-adad-777eb4567f37,2026-09-12T02:42:00,2.05,3.63,1165,717,0.39,56.65,42.62,0.0
f1a6081a-48e3-56db-936e-f49af9832cb1,2026-09-12T02:42:00,2.27,3.3,1313,750,3.09,58.0,38.27,0.0
18b90679-ba14-5785-bca6-c3cc1e3ad587,2026-09-12T02:42:00,2.45,3.55,1233,907,2.41,58.0,40.85,0.0
77059140-e829-5d12-90bd-2d2ebd9c436c,2026-09-12T02:42:00,2.69,3.6,1193,853,5.47,58.0,38.78,0.0
3a6c166d-37fa-5cda-adad-777eb4567f37,2026-09-12T02:44:00,2.31,3.56,1377,919,2.75,57.22,39.33,0.0
f1a6081a-48e3-56db-936e-f49af9832cb1,2026-09-12T02:44:00,1.82,3.43,1452,765,1.45,58.0,38.25,0.0
18b90679-ba14-5785-bca6-c3cc1e3ad587,2026-09-12T02:44:00,2.7,3.3,1265,738,0,58.0,39.76,0.0
77059140-e829-5d12-90bd-2d2ebd9c436c,2026-09-12T02:44:00,1.95,3.12,1160,924,2.64,58.0,40.99,0.0
3a6c166d-37fa-5cda-adad-777eb4567f37,2026-09-12T02:46:00,2.41,3.22,1257,763,0.58,57.01,40.86,0.0
f1a6081a-48e3-56db-936e-f49af9832cb1,2026-09-12T02:46:00,2.1,3.76,1153,898,0,58.0,41.39,0.0
18b90679-ba14-5785-bca6-c3cc1e3ad587,2026-09-12T02:46:00,2.45,3.59,1270,854,1.03,58.0,39.3,0.0
77059140-e829-5d12-90bd-2d2ebd9c436c,2026-09-12T02:46:00,2.19,4.33,1110,870,0,58.0,41.58,0.0
3a6c166d-37fa-5cda-adad-777eb4567f37,2026-09-12T02:48:00,2.24,3.29,1367,622,3.19,57.26,40.71,0.0
f1a6081a-48e3-56db-936e-f49af9832cb1,2026-09-12T02:48:00,2.38,2.69,1148,810,2.43,58.0,40.1,0.0
18b90679-ba14-5785-bca6-c3cc1e3ad587,2026-09-12T02:48:00,1.73,3.32,1144,707,2.37,58.0,41.02,0.0
77059140-e829-5d12-90bd-2d2ebd9c436c,2026-09-12T02:48:00,1.79,3.38,1308,794,1.2,58.0,40.29,0.0
3a6c166d-37fa-5cda-adad-777eb4567f37,2026-09-12T02:50:00,1.98,2.81,1410,977,0,56.78,39.88,0.0
f1a6081a-48e3-56db-936e-f49af9832cb1,2026-09-12T02:50:00,1.66,3.02,1423,735,2.97,58.0,41.93,0.0
18b90679-ba14-5785-bca6-c3cc1e3ad587,2026-09-12T02:50:00,2.03,4.05,1115,734,2.33,58.0,39.54,0.0
77059140-e829-5d12-90bd-2d2ebd9c436c,2026-09-12T02:50:00,2.23,3.81,1384,618,1.58,58.0,43.45,0.0
3a6c166d-37fa-5cda-adad-777eb4567f37,2026-09-12T02:52:00,2.91,2.63,1214,719,1.06,57.49,39.54,0.0
f1a6081a-48e3-56db-936e-f49af9832cb1,2026-09-12T02:52:00,2.47,3.24,1433,860,0,58.0,39.39,0.0
18b90679-ba14-5785-bca6-c3cc1e3ad587,2026-09-12T02:52:00,2.09,3.55,1206,851,0.6,58.0,40.35,0.0
77059140-e829-5d12-90bd-2d2ebd9c436c,2026-09-12T02:52:00,2.11,3.18,1354,648,1.97,58.0,42.38,0.0
3a6c166d-37fa-5cda-adad-777eb4567f37,2026-09-12T02:54:00,2.61,3.53,1183,819,0,57.35,41.04,0.0
f1a6081a-48e3-56db-936e-f49af9832cb1,2026-09-12T02:54:00,2.7,4.29,1480,868,0.62,58.0,42.03,0.0
18b90679-ba14-5785-bca6-c3cc1e3ad587,2026-09-12T02:54:00,1.83,3.46,1243,743,2.48,58.0,39.28,0.0
77059140-e829-5d12-90bd-2d2ebd9c436c,2026-09-12T02:54:00,3.03,3.38,1486,814,0,58.0,40.64,0.0
3a6c166d-37fa-5cda-adad-777eb4567f37,2026-09-12T02:56:00,2.12,3.74,1447,703,1.7,57.43,40.71,0.0
f1a6081a-48e3-56db-936e-f49af9832cb1,2026-09-12T02:56:00,2.74,3.38,1245,1075,0.73,58.0,36.96,0.0
18b90679-ba14-5785-bca6-c3cc1e3ad587,2026-09-12T02:56:00,2.38,3.21,1244,781,0,58.0,40.6,0.0
77059140-e829-5d12-90bd-2d2ebd9c436c,2026-09-12T02:56:00,2.41,4.0,1285,896,4.55,58.0,41.7,0.0
3a6c166d-37fa-5cda-adad-777eb4567f37,2026-09-12T02:58:00,2.7,3.44,1323,835,0.79,57.07,42.6,0.0
f1a6081a-48e3-56db-936e-f49af9832cb1,2026-09-12T02:58:00,2.2,2.92,1085,993,1.31,58.0,39.39,0.0
18b90679-ba14-5785-bca6-c3cc1e3ad587,2026-09-12T02:58:00,2.99,2.69,1417,818,1.36,58.0,39.84,0.0
77059140-e829-5d12-90bd-2d2ebd9c436c,2026-09-12T02:58:00,2.23,4.14,1392,784,0.19,58.0,40.48,0.0
3a6c166d-37fa-5cda-adad-777eb4567f37,2026-09-12T03:00:00,1.72,4.4,1374,720,1.85,57.28,38.87,0.0
f1a6081a-48e3-56db-936e-f49af9832cb1,2026-09-12T03:00:00,2.55,3.16,1504,770,0.82,58.0,43.4,0.0
18b90679-ba14-5785-bca6-c3cc1e3ad587,2026-09-12T03:00:00,1.93,3.53,1531,808,2.04,58.0,39.01,0.0
77059140-e829-5d12-90bd-2d2ebd9c436c,2026-09-12T03:00:00,2.01,3.38,1550,882,2.6,58.0,42.18,0.0
3a6c166d-37fa-5cda-adad-777eb4567f37,2026-09-12T03:02:00,2.16,2.56,1320,628,3.64,57.68,38.55,0.0
f1a6081a-48e3-56db-936e-f49af9832cb1,2026-09-12T03:02:00,2.69,3.47,1259,980,1.18,58.0,39.74,0.0
18b90679-ba14-5785-bca6-c3cc1e3ad587,2026-09-12T03:02:00,2.18,3.15,1285,790,0,58.0,37.87,0.0
77059140-e829-5d12-90bd-2d2ebd9c436c,2026-09-12T03:02:00,2.79,3.87,1564,654,0,58.0,43.19,0.0
3a6c166d-37fa-5cda-adad-777eb4567f37,2026-09-12T03:04:00,2.59,3.86,1181,1002,1.21,57.08,37.79,0.0
f1a6081a-48e3-56db-936e-f49af9832cb1,2026-09-12T03:04:00,2.51,3.4,1305,597,0.04,58.0,36.83,0.0
18b90679-ba14-5785-bca6-c3cc1e3ad587,2026-09-12T03:04:00,2.63,3.2,1223,813,3.83,58.0,42.7,0.0
77059140-e829-5d12-90bd-2d2ebd9c436c,2026-09-12T03:04:00,2.66,3.15,1250,811,0,58.0,40.3,0.0
3a6c166d-37fa-5cda-adad-777eb4567f37,2026-09-12T03:06:00,1.81,3.64,1239,1063,0,57.11,44.39,0.0
f1a6081a-48e3-56db-936e-f49af9832cb1,2026-09-12T03:06:00,2.35,3.37,1182,934,2.71,58.0,38.17,0.0
18b90679-ba14-5785-bca6-c3cc1e3ad587,2026-09-12T03:06:00,2.8,3.12,1458,829,0.29,58.0,40.72,0.0
77059140-e829-5d12-90bd-2d2ebd9c436c,2026-09-12T03:06:00,2.06,2.71,1462,759,0.32,58.0,36.94,0.0
3a6c166d-37fa-5cda-adad-777eb4567f37,2026-09-12T03:08:00,2.42,4.11,1262,872,5.51,57.41,38.53,0.0
f1a6081a-48e3-56db-936e-f49af9832cb1,2026-09-12T03:08:00,2.91,4.33,1404,851,1.58,58.0,36.23,0.0
18b90679-ba14-5785-bca6-c3cc1e3ad587,2026-09-12T03:08:00,2.05,3.99,1245,792,2.09,58.0,40.2,0.0
77059140-e829-5d12-90bd-2d2ebd9c436c,2026-09-12T03:08:00,2.2,2.52,1352,815,2.17,58.0,39.57,0.0
3a6c166d-37fa-5cda-adad-777eb4567f37,2026-09-12T03:10:00,1.88,4.29,1345,960,4.67,57.33,39.06,0.0
f1a6081a-48e3-56db-936e-f49af9832cb1,2026-09-12T03:10:00,2.86,3.16,1294,786,0,58.0,45.69,0.0
18b90679-ba14-5785-bca6-c3cc1e3ad587,2026-09-12T03:10:00,2.61,3.34,1149,809,2.94,58.0,45.07,0.0
77059140-e829-5d12-90bd-2d2ebd9c436c,2026-09-12T03:10:00,3.09,3.6,1506,842,3.43,58.0,41.18,0.0
3a6c166d-37fa-5cda-adad-777eb4567f37,2026-09-12T03:12:00,3.14,3.9,1290,947,1.52,57.68,41.5,0.0
f1a6081a-48e3-56db-936e-f49af9832cb1,2026-09-12T03:12:00,2.91,3.37,1556,914,3.59,58.0,42.75,0.0
18b90679-ba14-5785-bca6-c3cc1e3ad587,2026-09-12T03:12:00,2.76,3.73,1335,958,2.43,58.0,42.77,0.0
77059140-e829-5d12-90bd-2d2ebd9c436c,2026-09-12T03:12:00,2.02,4.21,1367,957,2.84,58.0,40.55,0.0
3a6c166d-37fa-5cda-adad-777eb4567f37,2026-09-12T03:14:00,2.46,3.32,1122,793,0,57.64,42.51,0.0
f1a6081a-48e3-56db-936e-f49af9832cb1,2026-09-12T03:14:00,2.58,3.43,1426,912,2.72,58.0,43.95,0.0
18b90679-ba14-5785-bca6-c3cc1e3ad587,2026-09-12T03:14:00,2.33,3.0,1171,978,0,58.0,41.96,0.0
77059140-e829-5d12-90bd-2d2ebd9c436c,2026-09-12T03:14:00,2.39,3.48,1476,964,0.54,58.0,41.16,0.0
3a6c166d-37fa-5cda-adad-777eb4567f37,2026-09-12T03:16:00,2.39,3.48,1345,816,3.07,57.08,46.44,0.0
f1a6081a-48e3-56db-936e-f49af9832cb1,2026-09-12T03:16:00,2.13,2.69,1302,822,2.65,58.0,39.42,0.0
18b90679-ba14-5785-bca6-c3cc1e3ad587,2026-09-12T03:16:00,1.73,3.08,1375,819,5.41,58.0,44.78,0.0
77059140-e829-5d12-90bd-2d2ebd9c436c,2026-09-12T03:16:00,2.35,3.84,1406,974,3.35,58.0,40.42,0.0
3a6c166d-37fa-5cda-adad-777eb4567f37,2026-09-12T03:18:00,2.24,3.95,1225,871,3.06,57.51,39.74,0.0
f1a6081a-48e3-56db-936e-f49af9832cb1,2026-09-12T03:18:00,2.07,3.7,1245,740,3.11,58.0,41.62,0.0
18b90679-ba14-5785-bca6-c3cc1e3ad587,2026-09-12T03:18:00,2.59,2.77,1132,778,0.79,58.0,40.37,0.0
77059140-e829-5d12-90bd-2d2ebd9c436c,2026-09-12T03:18:00,2.34,3.4,1126,957,3.36,58.0,44.4,0.0
3a6c166d-37fa-5cda-adad-777eb4567f37,2026-09-12T03:20:00,2.73,4.33,1255,847,3.44,57.1,43.49,0.0
f1a6081a-48e3-56db-936e-f49af9832cb1,2026-09-12T03:20:00,2.48,3.25,1310,851,0.51,58.0,39.95,0.0
18b90679-ba14-5785-bca6-c3cc1e3ad587,2026-09-12T03:20:00,2.68,3.78,1432,759,1.14,58.0,44.63,0.0
77059140-e829-5d12-90bd-2d2ebd9c436c,2026-09-12T03:20:00,2.41,3.57,1132,768,1.43,58.0,39.53,0.0
3a6c166d-37fa-5cda-adad-777eb4567f37,2026-09-12T03:22:00,2.53,2.98,1364,768,2.23,57.5,37.53,0.0
f1a6081a-48e3-56db-936e-f49af9832cb1,2026-09-12T03:22:00,3.02,4.02,1224,794,2.08,58.0,42.41,0.0
18b90679-ba14-5785-bca6-c3cc1e3ad587,2026-09-12T03:22:00,1.37,4.23,1471,880,2.76,58.0,42.4,0.0
77059140-e829-5d12-90bd-2d2ebd9c436c,2026-09-12T03:22:00,2.18,3.67,1329,751,1.75,58.0,39.71,0.0
3a6c166d-37fa-5cda-adad-777eb4567f37,2026-09-12T03:24:00,3.06,3.65,1421,788,0.93,57.0,35.63,0.0
f1a6081a-48e3-56db-936e-f49af9832cb1,2026-09-12T03:24:00,1.96,2.5,1332,712,3.88,58.0,40.44,0.0
18b90679-ba14-5785-bca6-c3cc1e3ad587,2026-09-12T03:24:00,2.29,3.8,1235,847,1.18,58.0,39.0,0.0
77059140-e829-5d12-90bd-2d2ebd9c436c,2026-09-12T03:24:00,2.5,3.73,1496,922,4.56,58.0,40.99,0.0
3a6c166d-37fa-5cda-adad-777eb4567f37,2026-09-12T03:26:00,3.03,4.15,1322,952,2.1,57.77,41.41,0.0
f1a6081a-48e3-56db-936e-f49af9832cb1,2026-09-12T03:26:00,2.05,3.14,1309,720,3.97,58.0,40.88,0.0
18b90679-ba14-5785-bca6-c3cc1e3ad587,2026-09-12T03:26:00,2.74,3.21,1522,783,6.5,58.0,43.97,0.0
77059140-e829-5d12-90bd-2d2ebd9c436c,2026-09-12T03:26:00,1.99,4.0,1285,721,3.43,58.0,43.35,0.0
3a6c166d-37fa-5cda-adad-777eb4567f37,2026-09-12T03:28:00,2.27,3.62,1354,824,4.08,57.93,37.53,0.0
f1a6081a-48e3-56db-936e-f49af9832cb1,2026-09-12T03:28:00,2.43,3.18,1323,762,2.56,58.0,43.42,0.0
18b90679-ba14-5785-bca6-c3cc1e3ad587,2026-09-12T03:28:00,2.32,3.63,1275,855,4.52,58.0,37.38,0.0
77059140-e829-5d12-90bd-2d2ebd9c436c,2026-09-12T03:28:00,2.03,3.16,1412,782,2.24,58.0,38.64,0.0
3a6c166d-37fa-5cda-adad-777eb4567f37,2026-09-12T03:30:00,2.41,2.8,1354,999,0,57.59,37.65,0.0
f1a6081a-48e3-56db-936e-f49af9832cb1,2026-09-12T03:30:00,2.17,3.51,1397,826,2.49,58.0,40.64,0.0
18b90679-ba14-5785-bca6-c3cc1e3ad587,2026-09-12T03:30:00,2.89,3.97,1368,870,2.34,58.0,40.59,0.0
77059140-e829-5d12-90bd-2d2ebd9c436c,2026-09-12T03:30:00,2.53,3.42,1568,923,0,58.0,39.52,0.0
3a6c166d-37fa-5cda-adad-777eb4567f37,2026-09-12T03:32:00,2.74,4.07,1554,871,1.54,57.62,35.05,0.0
f1a6081a-48e3-56db-936e-f49af9832cb1,2026-09-12T03:32:00,2.66,3.13,1334,945,2.96,58.0,40.81,0.0
18b90679-ba14-5785-bca6-c3cc1e3ad587,2026-09-12T03:32:00,1.7,3.27,1266,987,0,58.0,42.31,0.0
77059140-e829-5d12-90bd-2d2ebd9c436c,2026-09-12T03:32:00,2.71,3.79,1339,1059,0.47,58.0,40.12,0.0
3a6c166d-37fa-5cda-adad-777eb4567f37,2026-09-12T03:34:00,2.41,2.91,1460,936,0.14,57.95,43.45,0.0
f1a6081a-48e3-56db-936e-f49af9832cb1,2026-09-12T03:34:00,2.47,3.4,1550,868,4.93,58.0,40.85,0.0
18b90679-ba14-5785-bca6-c3cc1e3ad587,2026-09-12T03:34:00,1.26,3.08,1492,917,3.51,58.0,43.81,0.0
77059140-e829-5d12-90bd-2d2ebd9c436c,2026-09-12T03:34:00,3.0,3.43,1506,946,0.5,58.0,42.57,0.0
3a6c166d-37fa-5cda-adad-777eb4567f37,2026-09-12T03:36:00,2.62,4.09,1114,862,0.97,57.78,45.91,0.0
f1a6081a-48e3-56db-936e-f49af9832cb1,2026-09-12T03:36:00,2.71,3.25,1369,652,3.9,58.0,43.85,0.0
18b90679-ba14-5785-bca6-c3cc1e3ad587,2026-09-12T03:36:00,2.3,3.09,1702,829,2.28,58.0,43.56,0.0
77059140-e829-5d12-90bd-2d2ebd9c436c,2026-09-12T03:36:00,2.58,3.26,1665,762,2.98,58.0,39.58,0.0
3a6c166d-37fa-5cda-adad-777eb4567f37,2026-09-12T03:38:00,2.5,3.16,1455,929,1.75,57.99,42.76,0.0
f1a6081a-48e3-56db-936e-f49af9832cb1,2026-09-12T03:38:00,2.58,2.93,1326,880,4.32,58.0,41.03,0.0
18b90679-ba14-5785-bca6-c3cc1e3ad587,2026-09-12T03:38:00,2.51,3.64,1371,919,0,58.0,39.25,0.0
77059140-e829-5d12-90bd-2d2ebd9c436c,2026-09-12T03:38:00,3.07,4.02,1342,930,1.35,58.0,38.44,0.0
3a6c166d-37fa-5cda-adad-777eb4567f37,2026-09-12T03:40:00,2.52,3.99,1339,925,3.3,57.73,40.53,0.0
f1a6081a-48e3-56db-936e-f49af9832cb1,2026-09-12T03:40:00,2.6,4.01,1347,936,0.63,58.0,37.34,0.0
18b90679-ba14-5785-bca6-c3cc1e3ad587,2026-09-12T03:40:00,2.64,3.6,1307,806,2.74,58.0,41.88,0.0
77059140-e829-5d12-90bd-2d2ebd9c436c,2026-09-12T03:40:00,2.77,3.7,1375,982,5.69,58.0,41.01,0.0
3a6c166d-37fa-5cda-adad-777eb4567f37,2026-09-12T03:42:00,2.27,3.58,1296,820,1.4,57.98,43.86,0.0
f1a6081a-48e3-56db-936e-f49af9832cb1,2026-09-12T03:42:00,2.35,3.39,1337,789,0.3,58.0,37.14,0.0
18b90679-ba14-5785-bca6-c3cc1e3ad587,2026-09-12T03:42:00,2.53,3.81,1369,906,3.1,58.0,42.92,0.0
77059140-e829-5d12-90bd-2d2ebd9c436c,2026-09-12T03:42:00,2.36,3.81,1459,743,4.3,58.0,42.66,0.0
3a6c166d-37fa-5cda-adad-777eb4567f37,2026-09-12T03:44:00,2.29,3.89,1580,867,1.61,58.09,42.11,0.0
f1a6081a-48e3-56db-936e-f49af9832cb1,2026-09-12T03:44:00,2.89,3.0,1284,903,1.16,58.0,44.5,0.0
18b90679-ba14-5785-bca6-c3cc1e3ad587,2026-09-12T03:44:00,2.29,3.87,1365,1115,1.08,58.0,39.75,0.0
77059140-e829-5d12-90bd-2d2ebd9c436c,2026-09-12T03:44:00,3.18,4.58,1396,855,2.39,58.0,41.36,0.0
3a6c166d-37fa-5cda-adad-777eb4567f37,2026-09-12T03:46:00,2.48,4.17,1300,836,4.72,57.8,43.99,0.0
f1a6081a-48e3-56db-936e-f49af9832cb1,2026-09-12T03:46:00,2.03,3.88,1350,704,1.74,58.0,38.83,0.0
18b90679-ba14-5785-bca6-c3cc1e3ad587,2026-09-12T03:46:00,2.78,2.97,1334,1021,1.55,58.0,44.48,0.0
77059140-e829-5d12-90bd-2d2ebd9c436c,2026-09-12T03:46:00,2.86,3.22,1587,985,1.15,58.0,38.1,0.0
3a6c166d-37fa-5cda-adad-777eb4567f37,2026-09-12T03:48:00,3.09,3.43,1534,865,1.58,58.25,40.94,0.0
f1a6081a-48e3-56db-936e-f49af9832cb1,2026-09-12T03:48:00,2.47,4.21,1496,878,1.0,58.0,36.65,0.0
18b90679-ba14-5785-bca6-c3cc1e3ad587,2026-09-12T03:48:00,2.49,3.99,1448,933,4.83,58.0,41.47,0.0
77059140-e829-5d12-90bd-2d2ebd9c436c,2026-09-12T03:48:00,2.52,3.66,1482,783,0.03,58.0,38.66,0.0
3a6c166d-37fa-5cda-adad-777eb4567f37,2026-09-12T03:50:00,1.92,3.53,1456,851,0,58.04,38.92,0.0
f1a6081a-48e3-56db-936e-f49af9832cb1,2026-09-12T03:50:00,2.68,3.36,1353,947,2.81,58.0,44.51,0.0
18b90679-ba14-5785-bca6-c3cc1e3ad587,2026-09-12T03:50:00,2.32,4.09,1429,803,3.81,58.0,42.9,0.0
77059140-e829-5d12-90bd-2d2ebd9c436c,2026-09-12T03:50:00,2.72,4.01,1530,870,0,58.0,39.83,0.0
3a6c166d-37fa-5cda-adad-777eb4567f37,2026-09-12T03:52:00,2.14,4.02,1507,1000,1.18,58.28,42.0,0.0
f1a6081a-48e3-56db-936e-f49af9832cb1,2026-09-12T03:52:00,2.36,3.5,1495,966,2.44,58.0,38.29,0.0
18b90679-ba14-5785-bca6-c3cc1e3ad587,2026-09-12T03:52:00,2.3,3.19,1826,944,0,58.0,40.5,0.0
77059140-e829-5d12-90bd-2d2ebd9c436c,2026-09-12T03:52:00,2.08,4.73,1550,882,4.56,58.0,44.0,0.0
3a6c166d-37fa-5cda-adad-777eb4567f37,2026-09-12T03:54:00,2.96,4.25,1703,783,0.35,58.7,40.53,0.0
f1a6081a-48e3-56db-936e-f49af9832cb1,2026-09-12T03:54:00,3.31,3.47,1495,953,5.72,58.0,43.21,0.0
18b90679-ba14-5785-bca6-c3cc1e3ad587,2026-09-12T03:54:00,3.03,3.8,1400,857,1.06,58.0,43.62,0.0
77059140-e829-5d12-90bd-2d2ebd9c436c,2026-09-12T03:54:00,2.86,4.7,1555,936,1.19,58.0,42.05,0.0
3a6c166d-37fa-5cda-adad-777eb4567f37,2026-09-12T03:56:00,2.46,3.21,1405,991,1.54,58.0,43.8,0.0
f1a6081a-48e3-56db-936e-f49af9832cb1,2026-09-12T03:56:00,2.26,3.75,1569,998,5.82,58.0,39.69,0.0
18b90679-ba14-5785-bca6-c3cc1e3ad587,2026-09-12T03:56:00,2.09,4.15,1404,943,0.54,58.0,40.49,0.0
77059140-e829-5d12-90bd-2d2ebd9c436c,2026-09-12T03:56:00,2.3,3.83,1537,891,1.13,58.0,43.71,0.0
3a6c166d-37fa-5cda-adad-777eb4567f37,2026-09-12T03:58:00,1.84,3.32,1751,927,3.29,57.96,42.17,0.0
f1a6081a-48e3-56db-936e-f49af9832cb1,2026-09-12T03:58:00,2.83,4.54,1806,975,0,58.0,43.74,0.0
18b90679-ba14-5785-bca6-c3cc1e3ad587,2026-09-12T03:58:00,2.43,3.44,1218,1047,3.62,58.0,41.74,0.0
77059140-e829-5d12-90bd-2d2ebd9c436c,2026-09-12T03:58:00,2.44,4.06,1423,1027,5.47,58.0,42.33,0.0
3a6c166d-37fa-5cda-adad-777eb4567f37,2026-09-12T04:00:00,2.85,4.98,1450,911,1.8,58.15,45.3,0.0
f1a6081a-48e3-56db-936e-f49af9832cb1,2026-09-12T04:00:00,2.41,3.73,1523,973,3.5,58.0,43.59,0.0
18b90679-ba14-5785-bca6-c3cc1e3ad587,2026-09-12T04:00:00,2.85,4.4,1479,936,1.75,58.0,42.5,0.0
77059140-e829-5d12-90bd-2d2ebd9c436c,2026-09-12T04:00:00,2.79,3.98,1507,867,0.62,58.0,39.27,0.0
3a6c166d-37fa-5cda-adad-777eb4567f37,2026-09-12T04:02:00,2.64,3.68,1459,1044,2.15,58.62,43.48,0.0
f1a6081a-48e3-56db-936e-f49af9832cb1,2026-09-12T04:02:00,2.29,3.66,1529,934,3.46,58.0,39.11,0.0
18b90679-ba14-5785-bca6-c3cc1e3ad587,2026-09-12T04:02:00,2.13,3.51,1546,1003,3.53,58.0,40.98,0.0
77059140-e829-5d12-90bd-2d2ebd9c436c,2026-09-12T04:02:00,1.89,4.0,1433,984,2.35,58.0,39.25,0.0
3a6c166d-37fa-5cda-adad-777eb4567f37,2026-09-12T04:04:00,2.43,4.42,1460,974,5.61,58.56,46.27,0.0
f1a6081a-48e3-56db-936e-f49af9832cb1,2026-09-12T04:04:00,3.02,3.32,1492,901,5.13,58.0,38.4,0.0
18b90679-ba14-5785-bca6-c3cc1e3ad587,2026-09-12T04:04:00,2.37,3.46,1433,879,5.53,58.0,43.74,0.0
77059140-e829-5d12-90bd-2d2ebd9c436c,2026-09-12T04:04:00,2.58,3.19,1467,981,2.09,58.0,41.48,0.0
3a6c166d-37fa-5cda-adad-777eb4567f37,2026-09-12T04:06:00,2.0,3.42,1628,847,5.05,58.1,38.78,0.0
f1a6081a-48e3-56db-936e-f49af9832cb1,2026-09-12T04:06:00,2.62,3.33,1428,1015,1.62,58.0,39.65,0.0
18b90679-ba14-5785-bca6-c3cc1e3ad587,2026-09-12T04:06:00,2.51,3.8,1612,911,4.36,58.0,41.05,0.0
77059140-e829-5d12-90bd-2d2ebd9c436c,2026-09-12T04:06:00,1.98,3.31,1569,969,0,58.0,38.45,0.0
3a6c166d-37fa-5cda-adad-777eb4567f37,2026-09-12T04:08:00,2.72,3.24,1367,1108,2.23,58.0,38.76,0.0
f1a6081a-48e3-56db-936e-f49af9832cb1,2026-09-12T04:08:00,2.99,3.25,1635,791,6.28,58.0,42.0,0.0
18b90679-ba14-5785-bca6-c3cc1e3ad587,2026-09-12T04:08:00,2.34,3.31,1325,928,0.92,58.0,42.88,0.0
77059140-e829-5d12-90bd-2d2ebd9c436c,2026-09-12T04:08:00,2.5,3.74,1613,1085,1.38,58.0,38.88,0.0
3a6c166d-37fa-5cda-adad-777eb4567f37,2026-09-12T04:10:00,3.07,3.89,1633,908,1.8,58.05,41.62,0.0
f1a6081a-48e3-56db-936e-f49af9832cb1,2026-09-12T04:10:00,2.09,3.05,1814,955,2.62,58.0,44.7,0.0
18b90679-ba14-5785-bca6-c3cc1e3ad587,2026-09-12T04:10:00,2.64,4.18,1481,940,2.39,58.0,41.25,0.0
77059140-e829-5d12-90bd-2d2ebd9c436c,2026-09-12T04:10:00,1.99,4.19,1495,975,1.26,58.0,42.55,0.0
3a6c166d-37fa-5cda-adad-777eb4567f37,2026-09-12T04:12:00,2.69,4.19,1485,958,3.21,58.22,43.01,0.0
f1a6081a-48e3-56db-936e-f49af9832cb1,2026-09-12T04:12:00,2.5,4.5,1644,1083,4.36,58.0,41.65,0.0
18b90679-ba14-5785-bca6-c3cc1e3ad587,2026-09-12T04:12:00,2.52,3.94,1522,1139,0.92,58.0,42.45,0.0
77059140-e829-5d12-90bd-2d2ebd9c436c,2026-09-12T04:12:00,2.33,3.26,1588,1054,3.67,58.0,39.85,0.0
3a6c166d-37fa-5cda-adad-777eb4567f37,2026-09-12T04:14:00,2.2,3.72,1565,1082,1.0,58.39,38.39,0.0
f1a6081a-48e3-56db-936e-f49af9832cb1,2026-09-12T04:14:00,2.43,3.82,1476,955,1.09,58.0,39.87,0.0
18b90679-ba14-5785-bca6-c3cc1e3ad587,2026-09-12T04:14:00,2.47,3.95,1425,1055,5.22,58.0,44.53,0.0
77059140-e829-5d12-90bd-2d2ebd9c436c,2026-09-12T04:14:00,2.2,3.99,1780,1015,1.66,58.0,40.23,0.0
3a6c166d-37fa-5cda-adad-777eb4567f37,2026-09-12T04:16:00,2.6,3.99,1750,1064,0,57.98,43.49,0.0
f1a6081a-48e3-56db-936e-f49af9832cb1,2026-09-12T04:16:00,2.88,3.38,1688,968,6.38,58.0,37.63,0.0
18b90679-ba14-5785-bca6-c3cc1e3ad587,2026-09-12T04:16:00,2.59,3.39,1570,869,2.71,58.0,43.84,0.0
77059140-e829-5d12-90bd-2d2ebd9c436c,2026-09-12T04:16:00,2.15,3.3,1720,881,1.04,58.0,38.87,0.0
3a6c166d-37fa-5cda-adad-777eb4567f37,2026-09-12T04:18:00,2.98,3.86,1656,1017,3.73,58.72,42.53,0.0
f1a6081a-48e3-56db-936e-f49af9832cb1,2026-09-12T04:18:00,3.08,4.09,1460,988,4.06,58.0,42.64,0.0
18b90679-ba14-5785-bca6-c3cc1e3ad587,2026-09-12T04:18:00,2.72,3.8,1767,1001,2.06,58.0,42.03,0.0
77059140-e829-5d12-90bd-2d2ebd9c436c,2026-09-12T04:18:00,2.58,3.01,1648,960,1.11,58.0,39.63,0.0
3a6c166d-37fa-5cda-adad-777eb4567f37,2026-09-12T04:20:00,1.98,3.86,1808,1041,2.45,59.06,38.94,0.0
f1a6081a-48e3-56db-936e-f49af9832cb1,2026-09-12T04:20:00,2.95,4.21,1557,954,1.12,58.0,41.8,0.0
18b90679-ba14-5785-bca6-c3cc1e3ad587,2026-09-12T04:20:00,2.3,4.43,1813,1080,3.74,58.0,41.56,0.0
77059140-e829-5d12-90bd-2d2ebd9c436c,2026-09-12T04:20:00,2.64,3.44,1886,1046,4.96,58.0,38.08,0.0
3a6c166d-37fa-5cda-adad-777eb4567f37,2026-09-12T04:22:00,2.47,4.42,1651,1058,1.98,58.47,44.34,0.0
f1a6081a-48e3-56db-936e-f49af9832cb1,2026-09-12T04:22:00,2.65,3.83,1600,911,2.27,58.0,47.73,0.0
18b90679-ba14-5785-bca6-c3cc1e3ad587,2026-09-12T04:22:00,3.09,4.05,1453,1018,2.79,58.0,42.78,0.0
77059140-e829-5d12-90bd-2d2ebd9c436c,2026-09-12T04:22:00,2.75,4.24,1603,946,0,58.0,40.16,0.0
3a6c166d-37fa-5cda-adad-777eb4567f37,2026-09-12T04:24:00,2.32,4.01,1759,960,2.76,58.55,41.95,0.0
f1a6081a-48e3-56db-936e-f49af9832cb1,2026-09-12T04:24:00,1.74,3.38,1695,1069,2.75,58.0,43.63,0.0
18b90679-ba14-5785-bca6-c3cc1e3ad587,2026-09-12T04:24:00,2.42,2.93,1442,1139,1.25,58.0,38.51,0.0
77059140-e829-5d12-90bd-2d2ebd9c436c,2026-09-12T04:24:00,2.89,3.34,1486,1045,1.17,58.0,45.11,0.0
3a6c166d-37fa-5cda-adad-777eb4567f37,2026-09-12T04:26:00,2.43,3.42,1702,991,3.28,58.65,43.27,0.0
f1a6081a-48e3-56db-936e-f49af9832cb1,2026-09-12T04:26:00,2.47,3.29,1595,1258,5.01,58.0,45.72,0.0
18b90679-ba14-5785-bca6-c3cc1e3ad587,2026-09-12T04:26:00,2.11,4.17,1637,1053,0,58.0,48.38,0.0
77059140-e829-5d12-90bd-2d2ebd9c436c,2026-09-12T04:26:00,2.29,4.21,1721,1136,4.98,58.0,42.81,0.0
3a6c166d-37fa-5cda-adad-777eb4567f37,2026-09-12T04:28:00,2.41,4.24,1777,1081,4.27,58.42,43.32,0.0
f1a6081a-48e3-56db-936e-f49af9832cb1,2026-09-12T04:28:00,2.67,4.24,1632,988,0,58.0,45.43,0.0
18b90679-ba14-5785-bca6-c3cc1e3ad587,2026-09-12T04:28:00,2.4,4.1,1554,1089,3.69,58.0,39.71,0.0
77059140-e829-5d12-90bd-2d2ebd9c436c,2026-09-12T04:28:00,3.24,3.97,1721,1051,1.66,58.0,41.55,0.0
3a6c166d-37fa-5cda-adad-777eb4567f37,2026-09-12T04:30:00,2.55,3.18,1712,1084,5.21,58.19,41.57,0.0
f1a6081a-48e3-56db-936e-f49af9832cb1,2026-09-12T04:30:00,2.16,3.89,1638,1085,3.69,58.0,44.87,0.0
18b90679-ba14-5785-bca6-c3cc1e3ad587,2026-09-12T04:30:00,3.05,4.06,1419,995,4.58,58.0,40.37,0.0
77059140-e829-5d12-90bd-2d2ebd9c436c,2026-09-12T04:30:00,2.17,3.57,1683,997,2.01,58.0,39.35,0.0
3a6c166d-37fa-5cda-adad-777eb4567f37,2026-09-12T04:32:00,2.26,4.3,1747,993,4.03,58.52,40.62,0.0
f1a6081a-48e3-56db-936e-f49af9832cb1,2026-09-12T04:32:00,2.19,3.39,1671,917,1.91,58.0,46.69,0.0
18b90679-ba14-5785-bca6-c3cc1e3ad587,2026-09-12T04:32:00,3.07,3.97,1905,1070,4.75,58.0,43.42,0.0
77059140-e829-5d12-90bd-2d2ebd9c436c,2026-09-12T04:32:00,2.61,3.35,1368,999,3.32,58.0,42.32,0.0
3a6c166d-37fa-5cda-adad-777eb4567f37,2026-09-12T04:34:00,3.01,3.52,1830,1022,2.05,58.71,44.91,0.0
f1a6081a-48e3-56db-936e-f49af9832cb1,2026-09-12T04:34:00,2.21,3.71,1605,998,3.35,58.0,43.91,0.0
18b90679-ba14-5785-bca6-c3cc1e3ad587,2026-09-12T04:34:00,2.3,3.63,1826,1194,1.56,58.0,43.35,0.0
77059140-e829-5d12-90bd-2d2ebd9c436c,2026-09-12T04:34:00,2.43,3.66,1874,1012,3.17,58.0,38.61,0.0
3a6c166d-37fa-5cda-adad-777eb4567f37,2026-09-12T04:36:00,3.01,4.57,1645,1179,4.73,58.86,43.2,0.0
f1a6081a-48e3-56db-936e-f49af9832cb1,2026-09-12T04:36:00,2.73,4.49,1713,1127,3.06,58.0,42.62,0.0
18b90679-ba14-5785-bca6-c3cc1e3ad587,2026-09-12T04:36:00,2.95,3.65,1781,947,2.82,58.0,39.89,0.0
77059140-e829-5d12-90bd-2d2ebd9c436c,2026-09-12T04:36:00,2.89,3.91,1754,1049,4.32,58.0,40.96,0.0
3a6c166d-37fa-5cda-adad-777eb4567f37,2026-09-12T04:38:00,3.39,3.65,1746,1069,1.74,58.53,44.4,0.0
f1a6081a-48e3-56db-936e-f49af9832cb1,2026-09-12T04:38:00,2.93,3.16,1595,862,2.94,58.0,43.17,0.0
18b90679-ba14-5785-bca6-c3cc1e3ad587,2026-09-12T04:38:00,2.08,3.51,1809,1007,3.07,58.0,44.84,0.0
77059140-e829-5d12-90bd-2d2ebd9c436c,2026-09-12T04:38:00,2.61,4.39,1673,1079,2.51,58.0,42.35,0.0
3a6c166d-37fa-5cda-adad-777eb4567f37,2026-09-12T04:40:00,2.55,4.45,1725,1159,0,58.17,43.34,0.0
f1a6081a-48e3-56db-936e-f49af9832cb1,2026-09-12T04:40:00,2.34,3.68,1747,1034,0,58.0,40.34,0.0
18b90679-ba14-5785-bca6-c3cc1e3ad587,2026-09-12T04:40:00,2.39,4.35,1765,1022,4.72,58.0,47.54,0.0
77059140-e829-5d12-90bd-2d2ebd9c436c,2026-09-12T04:40:00,3.09,3.61,1484,1040,5.21,58.0,39.2,0.0
3a6c166d-37fa-5cda-adad-777eb4567f37,2026-09-12T04:42:00,2.27,4.27,1460,982,0.93,58.84,44.39,0.0
f1a6081a-48e3-56db-936e-f49af9832cb1,2026-09-12T04:42:00,2.0,3.45,1529,981,0.78,58.0,42.62,0.0
18b90679-ba14-5785-bca6-c3cc1e3ad587,2026-09-12T04:42:00,2.13,3.98,1482,1169,4.31,58.0,45.39,0.0
77059140-e829-5d12-90bd-2d2ebd9c436c,2026-09-12T04:42:00,3.14,3.35,1636,1031,2.72,58.0,40.8,0.0
3a6c166d-37fa-5cda-adad-777eb4567f37,2026-09-12T04:44:00,2.94,4.41,1762,910,2.65,59.0,48.08,0.0
f1a6081a-48e3-56db-936e-f49af9832cb1,2026-09-12T04:44:00,2.14,4.31,1900,1217,3.2,58.0,39.4,0.0
18b90679-ba14-5785-bca6-c3cc1e3ad587,2026-09-12T04:44:00,2.62,4.3,1662,1128,3.17,58.0,45.23,0.0
77059140-e829-5d12-90bd-2d2ebd9c436c,2026-09-12T04:44:00,2.62,3.98,1775,1126,5.5,58.0,44.85,0.0
3a6c166d-37fa-5cda-adad-777eb4567f37,2026-09-12T04:46:00,2.81,4.39,1856,1019,2.37,58.65,45.96,0.0
f1a6081a-48e3-56db-936e-f49af9832cb1,2026-09-12T04:46:00,2.46,3.81,1721,1139,2.09,58.0,47.27,0.0
18b90679-ba14-5785-bca6-c3cc1e3ad587,2026-09-12T04:46:00,2.84,3.6,1780,1183,3.86,58.0,40.87,0.0
77059140-e829-5d12-90bd-2d2ebd9c436c,2026-09-12T04:46:00,2.07,3.49,1827,1265,1.5,58.0,42.66,0.0
3a6c166d-37fa-5cda-adad-777eb4567f37,2026-09-12T04:48:00,2.64,4.42,1673,1050,2.94,59.04,42.75,0.0
f1a6081a-48e3-56db-936e-f49af9832cb1,2026-09-12T04:48:00,3.3,4.34,1775,1217,3.77,58.0,42.41,0.0
18b90679-ba14-5785-bca6-c3cc1e3ad587,2026-09-12T04:48:00,2.17,2.77,1664,984,1.66,58.0,40.81,0.0
77059140-e829-5d12-90bd-2d2ebd9c436c,2026-09-12T04:48:00,2.66,4.59,1930,1020,5.76,58.0,39.37,0.0
3a6c166d-37fa-5cda-adad-777eb4567f37,2026-09-12T04:50:00,3.1,3.75,1888,1035,4.75,58.7,44.48,0.0
f1a6081a-48e3-56db-936e-f49af9832cb1,2026-09-12T04:50:00,3.22,4.21,1721,1114,0.42,58.0,44.36,0.0
18b90679-ba14-5785-bca6-c3cc1e3ad587,2026-09-12T04:50:00,2.6,4.38,1720,1158,3.08,58.0,44.61,0.0
77059140-e829-5d12-90bd-2d2ebd9c436c,2026-09-12T04:50:00,2.6,3.82,1657,997,1.57,58.0,46.91,0.0
3a6c166d-37fa-5cda-adad-777eb4567f37,2026-09-12T04:52:00,2.92,3.21,1734,1124,1.93,58.22,46.84,0.0
f1a6081a-48e3-56db-936e-f49af9832cb1,2026-09-12T04:52:00,2.67,3.51,1811,1094,4.37,58.0,40.73,0.0
18b90679-ba14-5785-bca6-c3cc1e3ad587,2026-09-12T04:52:00,2.71,3.59,1939,1056,1.36,58.0,41.22,0.0
77059140-e829-5d12-90bd-2d2ebd9c436c,2026-09-12T04:52:00,3.09,4.75,1724,1052,5.92,58.0,41.81,0.0
3a6c166d-37fa-5cda-adad-777eb4567f37,2026-09-12T04:54:00,2.9,4.42,1731,1113,0.32,59.05,44.25,0.0
f1a6081a-48e3-56db-936e-f49af9832cb1,2026-09-12T04:54:00,2.47,3.66,1961,1035,5.28,58.0,40.62,0.0
18b90679-ba14-5785-bca6-c3cc1e3ad587,2026-09-12T04:54:00,2.74,4.68,1564,1060,5.59,58.0,38.74,0.0
77059140-e829-5d12-90bd-2d2ebd9c436c,2026-09-12T04:54:00,2.66,3.74,1666,1210,2.02,58.0,42.73,0.0
3a6c166d-37fa-5cda-adad-777eb4567f37,2026-09-12T04:56:00,2.71,3.79,1825,1037,4.31,58.63,38.28,0.0
f1a6081a-48e3-56db-936e-f49af9832cb1,2026-09-12T04:56:00,2.65,4.26,1730,1008,2.58,58.0,47.94,0.0
18b90679-ba14-5785-bca6-c3cc1e3ad587,2026-09-12T04:56:00,2.44,3.46,1776,1048,2.7,58.0,44.11,0.0
77059140-e829-5d12-90bd-2d2ebd9c436c,2026-09-12T04:56:00,3.27,3.87,1682,1067,3.3,58.0,41.48,0.0
3a6c166d-37fa-5cda-adad-777eb4567f37,2026-09-12T04:58:00,3.17,3.43,1813,1090,3.57,59.03,41.14,0.0
f1a6081a-48e3-56db-936e-f49af9832cb1,2026-09-12T04:58:00,2.89,4.17,1628,1096,2.74,58.0,42.99,0.0
18b90679-ba14-5785-bca6-c3cc1e3ad587,2026-09-12T04:58:00,2.76,3.35,1511,1174,4.64,58.0,46.47,0.0
77059140-e829-5d12-90bd-2d2ebd9c436c,2026-09-12T04:58:00,3.2,3.42,1703,973,6.95,58.0,42.31,0.0
3a6c166d-37fa-5cda-adad-777eb4567f37,2026-09-12T05:00:00,3.07,4.38,1841,978,2.98,59.51,43.16,0.0
f1a6081a-48e3-56db-936e-f49af9832cb1,2026-09-12T05:00:00,2.85,4.17,1668,1211,4.55,58.0,43.31,0.0
18b90679-ba14-5785-bca6-c3cc1e3ad587,2026-09-12T05:00:00,2.57,4.3,1938,1034,2.88,58.0,44.64,0.0
77059140-e829-5d12-90bd-2d2ebd9c436c,2026-09-12T05:00:00,2.24,3.77,1837,1279,4.03,58.0,47.07,0.0
3a6c166d-37fa-5cda-adad-777eb4567f37,2026-09-12T05:02:00,2.84,3.67,1934,999,5.15,58.17,42.2,0.0
f1a6081a-48e3-56db-936e-f49af9832cb1,2026-09-12T05:02:00,2.08,3.61,1693,1183,5.8,58.0,41.46,0.0
18b90679-ba14-5785-bca6-c3cc1e3ad587,2026-09-12T05:02:00,2.14,3.6,1929,1121,5.3,58.0,42.43,0.0
77059140-e829-5d12-90bd-2d2ebd9c436c,2026-09-12T05:02:00,2.84,4.1,1923,1243,4.14,58.0,43.09,0.0
3a6c166d-37fa-5cda-adad-777eb4567f37,2026-09-12T05:04:00,2.93,3.67,1976,1214,5.74,59.06,45.3,0.0
f1a6081a-48e3-56db-936e-f49af9832cb1,2026-09-12T05:04:00,2.84,4.56,1724,1018,1.84,58.0,41.21,0.0
18b90679-ba14-5785-bca6-c3cc1e3ad587,2026-09-12T05:04:00,2.53,4.25,1798,1139,1.78,58.0,46.82,0.0
77059140-e829-5d12-90bd-2d2ebd9c436c,2026-09-12T05:04:00,2.56,4.42,1692,1177,3.72,58.0,40.92,0.0
3a6c166d-37fa-5cda-adad-777eb4567f37,2026-09-12T05:06:00,2.88,4.75,1935,1108,4.13,58.92,43.3,0.0
f1a6081a-48e3-56db-936e-f49af9832cb1,2026-09-12T05:06:00,3.19,4.38,1909,1168,3.26,58.0,46.15,0.0
18b90679-ba14-5785-bca6-c3cc1e3ad587,2026-09-12T05:06:00,3.41,3.98,1949,1188,4.33,58.0,45.18,0.0
77059140-e829-5d12-90bd-2d2ebd9c436c,2026-09-12T05:06:00,2.92,4.34,1864,1154,4.01,58.0,41.08,0.0
3a6c166d-37fa-5cda-adad-777eb4567f37,2026-09-12T05:08:00,3.04,4.48,1794,1139,3.16,58.53,45.79,0.0
f1a6081a-48e3-56db-936e-f49af9832cb1,2026-09-12T05:08:00,3.25,4.22,1668,1076,2.96,58.0,42.65,0.0
18b90679-ba14-5785-bca6-c3cc1e3ad587,2026-09-12T05:08:00,2.76,4.15,1769,1325,3.92,58.0,42.47,0.0
77059140-e829-5d12-90bd-2d2ebd9c436c,2026-09-12T05:08:00,3.1,3.56,2012,1064,6.84,58.0,39.51,0.0
3a6c166d-37fa-5cda-adad-777eb4567f37,2026-09-12T05:10:00,2.52,4.11,1781,1272,1.41,59.35,46.26,0.0
f1a6081a-48e3-56db-936e-f49af9832cb1,2026-09-12T05:10:00,2.9,4.7,1843,1126,4.71,58.0,41.36,0.0
18b90679-ba14-5785-bca6-c3cc1e3ad587,2026-09-12T05:10:00,2.74,4.48,1978,1174,1.54,58.0,45.22,0.0
77059140-e829-5d12-90bd-2d2ebd9c436c,2026-09-12T05:10:00,2.54,4.09,1578,1303,4.46,58.0,41.58,0.0
3a6c166d-37fa-5cda-adad-777eb4567f37,2026-09-12T05:12:00,2.88,4.77,1863,1175,2.53,59.15,39.7,0.0
f1a6081a-48e3-56db-936e-f49af9832cb1,2026-09-12T05:12:00,2.28,4.12,2044,1240,5.3,58.0,39.89,0.0
18b90679-ba14-5785-bca6-c3cc1e3ad587,2026-09-12T05:12:00,2.77,4.6,1744,1219,1.51,58.0,40.6,0.0
77059140-e829-5d12-90bd-2d2ebd9c436c,2026-09-12T05:12:00,2.98,3.82,1876,1285,1.91,58.0,50.9,0.0
3a6c166d-37fa-5cda-adad-777eb4567f37,2026-09-12T05:14:00,2.22,3.64,1902,1164,4.74,59.6,47.71,0.0
f1a6081a-48e3-56db-936e-f49af9832cb1,2026-09-12T05:14:00,2.85,3.86,1937,1074,6.16,58.0,49.41,0.0
18b90679-ba14-5785-bca6-c3cc1e3ad587,2026-09-12T05:14:00,2.48,3.68,1826,1204,3.91,58.0,42.63,0.0
77059140-e829-5d12-90bd-2d2ebd9c436c,2026-09-12T05:14:00,2.43,4.75,1863,1153,4.12,58.0,47.22,0.0
3a6c166d-37fa-5cda-adad-777eb4567f37,2026-09-12T05:16:00,2.3,3.63,2053,1272,4.95,58.98,40.96,0.0
f1a6081a-48e3-56db-936e-f49af9832cb1,2026-09-12T05:16:00,3.26,3.21,1750,1143,4.23,58.0,47.47,0.0
18b90679-ba14-5785-bca6-c3cc1e3ad587,2026-09-12T05:16:00,3.44,3.8,2043,1039,4.82,58.0,47.76,0.0
77059140-e829-5d12-90bd-2d2ebd9c436c,2026-09-12T05:16:00,2.27,4.04,2099,1190,4.74,58.0,44.71,0.0
3a6c166d-37fa-5cda-adad-777eb4567f37,2026-09-12T05:18:00,2.95,4.1,1707,1198,2.35,58.94,42.9,0.0
f1a6081a-48e3-56db-936e-f49af9832cb1,2026-09-12T05:18:00,3.41,4.49,2037,1084,4.31,58.0,39.26,0.0
18b90679-ba14-5785-bca6-c3cc1e3ad587,2026-09-12T05:18:00,2.49,3.91,1951,1192,8.33,58.0,44.0,0.0
77059140-e829-5d12-90bd-2d2ebd9c436c,2026-09-12T05:18:00,2.44,3.99,1615,1231,1.74,58.0,45.53,0.0
3a6c166d-37fa-5cda-adad-777eb4567f37,2026-09-12T05:20:00,2.67,4.46,2099,1161,6.51,59.14,45.1,0.0
f1a6081a-48e3-56db-936e-f49af9832cb1,2026-09-12T05:20:00,2.87,4.04,1816,1226,7.17,58.0,47.33,0.0
18b90679-ba14-5785-bca6-c3cc1e3ad587,2026-09-12T05:20:00,2.58,4.37,1966,1247,3.87,58.0,45.58,0.0
77059140-e829-5d12-90bd-2d2ebd9c436c,2026-09-12T05:20:00,3.09,3.82,2125,1042,2.4,58.0,45.17,0.0
3a6c166d-37fa-5cda-adad-777eb4567f37,2026-09-12T05:22:00,3.33,4.33,1948,1319,3.62,58.98,47.62,0.0
f1a6081a-48e3-56db-936e-f49af9832cb1,2026-09-12T05:22:00,1.96,3.83,1808,1188,6.21,58.0,46.22,0.0
18b90679-ba14-5785-bca6-c3cc1e3ad587,2026-09-12T05:22:00,2.74,4.15,1949,1129,4.01,58.0,44.71,0.0
77059140-e829-5d12-90bd-2d2ebd9c436c,2026-09-12T05:22:00,2.65,3.99,2015,1103,1.4,58.0,45.42,0.0
3a6c166d-37fa-5cda-adad-777eb4567f37,2026-09-12T05:24:00,2.79,3.88,1794,1382,4.44,59.57,40.96,0.0
f1a6081a-48e3-56db-936e-f49af9832cb1,2026-09-12T05:24:00,2.52,3.93,1809,1082,5.2,58.0,42.2,0.0
18b90679-ba14-5785-bca6-c3cc1e3ad587,2026-09-12T05:24:00,2.82,3.76,2062,1329,5.13,58.0,42.32,0.0
77059140-e829-5d12-90bd-2d2ebd9c436c,2026-09-12T05:24:00,3.36,3.97,1826,1213,3.18,58.0,43.22,0.0
3a6c166d-37fa-5cda-adad-777eb4567f37,2026-09-12T05:26:00,2.36,4.93,2087,1295,4.46,59.36,44.69,0.0
f1a6081a-48e3-56db-936e-f49af9832cb1,2026-09-12T05:26:00,2.86,3.78,1892,1333,2.16,58.0,43.85,0.0
18b90679-ba14-5785-bca6-c3cc1e3ad587,2026-09-12T05:26:00,2.44,3.72,2078,1265,3.18,58.0,43.97,0.0
77059140-e829-5d12-90bd-2d2ebd9c436c,2026-09-12T05:26:00,2.4,4.74,2107,1217,7.44,58.0,43.75,0.0
3a6c166d-37fa-5cda-adad-777eb4567f37,2026-09-12T05:28:00,3.45,5.05,2266,1224,5.17,59.15,43.79,0.0
f1a6081a-48e3-56db-936e-f49af9832cb1,2026-09-12T05:28:00,2.93,3.86,1959,1235,5.24,58.0,45.86,0.0
18b90679-ba14-5785-bca6-c3cc1e3ad587,2026-09-12T05:28:00,2.26,4.19,2024,1327,1.02,58.0,41.54,0.0
77059140-e829-5d12-90bd-2d2ebd9c436c,2026-09-12T05:28:00,2.78,3.67,2112,1170,5.5,58.0,43.27,0.0
3a6c166d-37fa-5cda-adad-777eb4567f37,2026-09-12T05:30:00,3.45,3.88,2046,1222,5.33,59.11,45.75,0.0
f1a6081a-48e3-56db-936e-f49af9832cb1,2026-09-12T05:30:00,2.8,4.52,1947,1294,5.49,58.0,46.09,0.0
18b90679-ba14-5785-bca6-c3cc1e3ad587,2026-09-12T05:30:00,2.79,4.57,1910,1380,2.28,58.0,43.81,0.0
77059140-e829-5d12-90bd-2d2ebd9c436c,2026-09-12T05:30:00,3.52,3.79,1841,1347,4.71,58.0,43.17,0.0
3a6c166d-37fa-5cda-adad-777eb4567f37,2026-09-12T05:32:00,2.84,4.18,1910,1331,2.79,59.52,39.2,0.0
f1a6081a-48e3-56db-936e-f49af9832cb1,2026-09-12T05:32:00,2.32,4.25,2084,1158,5.06,58.0,46.94,0.0
18b90679-ba14-5785-bca6-c3cc1e3ad587,2026-09-12T05:32:00,2.79,4.32,2020,1281,4.03,58.0,45.48,0.0
77059140-e829-5d12-90bd-2d2ebd9c436c,2026-09-12T05:32:00,3.3,4.25,1940,1201,4.07,58.0,45.65,0.0
3a6c166d-37fa-5cda-adad-777eb4567f37,2026-09-12T05:34:00,3.44,4.49,1967,1206,5.11,59.22,41.73,0.0
f1a6081a-48e3-56db-936e-f49af9832cb1,2026-09-12T05:34:00,2.96,4.11,1801,1337,4.59,58.0,40.16,0.0
18b90679-ba14-5785-bca6-c3cc1e3ad587,2026-09-12T05:34:00,2.6,4.82,1943,1197,5.55,58.0,44.05,0.0
77059140-e829-5d12-90bd-2d2ebd9c436c,2026-09-12T05:34:00,2.73,3.29,1903,1209,5.75,58.0,50.01,0.0
3a6c166d-37fa-5cda-adad-777eb4567f37,2026-09-12T05:36:00,2.87,4.2,1888,1324,2.97,59.15,45.6,0.0
f1a6081a-48e3-56db-936e-f49af9832cb1,2026-09-12T05:36:00,2.55,3.75,2114,1099,1.94,58.0,45.1,0.0
18b90679-ba14-5785-bca6-c3cc1e3ad587,2026-09-12T05:36:00,2.77,4.4,1915,1190,6.45,58.0,49.12,0.0
77059140-e829-5d12-90bd-2d2ebd9c436c,2026-09-12T05:36:00,3.02,4.67,2048,1185,6.42,58.0,43.61,0.0
3a6c166d-37fa-5cda-adad-777eb4567f37,2026-09-12T05:38:00,3.24,3.87,2162,1376,5.77,59.6,46.24,0.0
f1a6081a-48e3-56db-936e-f49af9832cb1,2026-09-12T05:38:00,2.97,4.67,1949,1321,6.61,58.0,44.87,0.0
18b90679-ba14-5785-bca6-c3cc1e3ad587,2026-09-12T05:38:00,2.55,3.65,2062,1306,3.51,58.0,44.38,0.0
77059140-e829-5d12-90bd-2d2ebd9c436c,2026-09-12T05:38:00,2.99,4.15,2161,1207,8.13,58.0,46.4,0.0
3a6c166d-37fa-5cda-adad-777eb4567f37,2026-09-12T05:40:00,3.07,3.43,2115,1266,5.26,59.31,41.27,0.0
f1a6081a-48e3-56db-936e-f49af9832cb1,2026-09-12T05:40:00,3.23,4.56,2229,1265,1.29,58.0,44.51,0.0
18b90679-ba14-5785-bca6-c3cc1e3ad587,2026-09-12T05:40:00,2.66,5.21,2333,1237,3.36,58.0,45.29,0.0
77059140-e829-5d12-90bd-2d2ebd9c436c,2026-09-12T05:40:00,3.03,3.12,2263,1324,7.88,58.0,44.64,0.0
3a6c166d-37fa-5cda-adad-777eb4567f37,2026-09-12T05:42:00,2.77,3.85,2064,1218,4.25,59.35,47.45,0.0
f1a6081a-48e3-56db-936e-f49af9832cb1,2026-09-12T05:42:00,2.05,3.63,2075,1145,5.25,58.0,45.9,0.0
18b90679-ba14-5785-bca6-c3cc1e3ad587,2026-09-12T05:42:00,3.0,4.39,2096,1397,4.96,58.0,45.19,0.0
77059140-e829-5d12-90bd-2d2ebd9c436c,2026-09-12T05:42:00,2.88,3.84,1737,1137,3.25,58.0,44.44,0.0
3a6c166d-37fa-5cda-adad-777eb4567f37,2026-09-12T05:44:00,2.78,4.47,1854,1391,3.92,59.48,45.39,0.0
f1a6081a-48e3-56db-936e-f49af9832cb1,2026-09-12T05:44:00,2.73,3.94,1942,1345,3.91,58.0,44.32,0.0
18b90679-ba14-5785-bca6-c3cc1e3ad587,2026-09-12T05:44:00,3.04,5.27,1934,1307,3.1,58.0,45.81,0.0
77059140-e829-5d12-90bd-2d2ebd9c436c,2026-09-12T05:44:00,3.16,4.3,1885,1220,5.47,58.0,40.65,0.0
3a6c166d-37fa-5cda-adad-777eb4567f37,2026-09-12T05:46:00,3.18,4.43,1971,1235,4.65,59.37,43.43,0.0
f1a6081a-48e3-56db-936e-f49af9832cb1,2026-09-12T05:46:00,2.1,4.79,2006,1423,1.65,58.0,48.81,0.0
18b90679-ba14-5785-bca6-c3cc1e3ad587,2026-09-12T05:46:00,3.29,3.49,2157,1204,5.77,58.0,46.6,0.0
77059140-e829-5d12-90bd-2d2ebd9c436c,2026-09-12T05:46:00,2.88,4.21,2033,1381,6.76,58.0,47.02,0.0
3a6c166d-37fa-5cda-adad-777eb4567f37,2026-09-12T05:48:00,2.77,3.56,2118,1308,6.42,59.14,43.82,0.0
f1a6081a-48e3-56db-936e-f49af9832cb1,2026-09-12T05:48:00,3.26,3.74,2175,1233,6.17,58.0,50.01,0.0
18b90679-ba14-5785-bca6-c3cc1e3ad587,2026-09-12T05:48:00,2.96,4.09,2083,1274,3.27,58.0,45.11,0.0
77059140-e829-5d12-90bd-2d2ebd9c436c,2026-09-12T05:48:00,2.44,3.82,2122,1230,5.52,58.0,43.45,0.0
3a6c166d-37fa-5cda-adad-777eb4567f37,2026-09-12T05:50:00,3.18,3.45,2074,1371,7.19,59.58,38.42,0.0
f1a6081a-48e3-56db-936e-f49af9832cb1,2026-09-12T05:50:00,3.1,3.87,2139,1292,6.85,58.0,49.16,0.0
18b90679-ba14-5785-bca6-c3cc1e3ad587,2026-09-12T05:50:00,3.19,4.55,2242,1320,6.67,58.0,44.74,0.0
77059140-e829-5d12-90bd-2d2ebd9c436c,2026-09-12T05:50:00,2.92,4.73,1999,1371,6.96,58.0,47.5,0.0
3a6c166d-37fa-5cda-adad-777eb4567f37,2026-09-12T05:52:00,2.7,4.06,2157,1455,3.49,59.87,42.52,0.0
f1a6081a-48e3-56db-936e-f49af9832cb1,2026-09-12T05:52:00,3.02,3.88,2135,1198,3.83,58.0,43.25,0.0
18b90679-ba14-5785-bca6-c3cc1e3ad587,2026-09-12T05:52:00,3.36,4.0,2057,1468,6.44,58.0,44.99,0.0
77059140-e829-5d12-90bd-2d2ebd9c436c,2026-09-12T05:52:00,3.19,5.17,2129,1403,4.24,58.0,44.56,0.0
3a6c166d-37fa-5cda-adad-777eb4567f37,2026-09-12T05:54:00,3.34,4.45,2060,1325,5.15,59.64,44.37,0.0
f1a6081a-48e3-56db-936e-f49af9832cb1,2026-09-12T05:54:00,2.57,4.27,2135,1382,2.87,58.0,44.49,0.0
18b90679-ba14-5785-bca6-c3cc1e3ad587,2026-09-12T05:54:00,3.07,4.54,2251,1310,6.07,58.0,41.82,0.0
77059140-e829-5d12-90bd-2d2ebd9c436c,2026-09-12T05:54:00,2.27,4.26,1996,1375,2.54,58.0,47.44,0.0
3a6c166d-37fa-5cda-adad-777eb4567f37,2026-09-12T05:56:00,3.01,4.38,2070,1450,3.19,60.06,51.09,0.0
f1a6081a-48e3-56db-936e-f49af9832cb1,2026-09-12T05:56:00,2.67,4.54,1938,1374,6.64,58.0,47.05,0.0
18b90679-ba14-5785-bca6-c3cc1e3ad587,2026-09-12T05:56:00,2.66,3.92,2237,1471,6.05,58.0,43.81,0.0
77059140-e829-5d12-90bd-2d2ebd9c436c,2026-09-12T05:56:00,2.78,3.59,2141,1371,3.89,58.0,46.55,0.0
3a6c166d-37fa-5cda-adad-777eb4567f37,2026-09-12T05:58:00,2.83,3.75,1843,1285,8.07,59.34,44.28,0.0
f1a6081a-48e3-56db-936e-f49af9832cb1,2026-09-12T05:58:00,3.11,4.83,2121,1356,7.26,58.0,47.95,0.0
18b90679-ba14-5785-bca6-c3cc1e3ad587,2026-09-12T05:58:00,2.47,4.39,2296,1386,6.18,58.0,45.81,0.0
77059140-e829-5d12-90bd-2d2ebd9c436c,2026-09-12T05:58:00,2.86,4.24,2273,1342,4.17,58.0,46.96,0.0
3a6c166d-37fa-5cda-adad-777eb4567f37,2026-09-12T06:00:00,3.03,4.31,2382,1328,9.75,59.75,43.23,0.0
f1a6081a-48e3-56db-936e-f49af9832cb1,2026-09-12T06:00:00,2.41,4.81,1981,1385,1.67,58.0,47.12,0.0
18b90679-ba14-5785-bca6-c3cc1e3ad587,2026-09-12T06:00:00,3.04,4.51,2307,1328,4.6,58.0,41.89,0.0
77059140-e829-5d12-90bd-2d2ebd9c436c,2026-09-12T06:00:00,3.0,3.67,2239,1423,4.39,58.0,45.3,0.0
3a6c166d-37fa-5cda-adad-777eb4567f37,2026-09-12T06:02:00,2.55,4.79,2317,1553,5.02,59.22,45.65,0.0
f1a6081a-48e3-56db-936e-f49af9832cb1,2026-09-12T06:02:00,2.65,4.46,2435,1327,5.24,58.0,43.62,0.0
18b90679-ba14-5785-bca6-c3cc1e3ad587,2026-09-12T06:02:00,2.89,4.96,2141,1469,4.86,58.0,44.62,0.0
77059140-e829-5d12-90bd-2d2ebd9c436c,2026-09-12T06:02:00,2.93,4.66,2233,1288,7.52,58.0,45.67,0.0
3a6c166d-37fa-5cda-adad-777eb4567f37,2026-09-12T06:04:00,3.67,5.11,1930,1330,7.52,59.38,47.62,0.0
f1a6081a-48e3-56db-936e-f49af9832cb1,2026-09-12T06:04:00,2.91,4.41,2096,1289,3.4,58.0,42.73,0.0
18b90679-ba14-5785-bca6-c3cc1e3ad587,2026-09-12T06:04:00,3.2,3.56,2302,1510,4.45,58.0,47.12,0.0
77059140-e829-5d12-90bd-2d2ebd9c436c,2026-09-12T06:04:00,3.28,5.38,2193,1305,4.78,58.0,44.64,0.0
3a6c166d-37fa-5cda-adad-777eb4567f37,2026-09-12T06:06:00,2.92,3.68,2119,1324,2.0,59.42,44.18,0.0
f1a6081a-48e3-56db-936e-f49af9832cb1,2026-09-12T06:06:00,4.0,5.43,2120,1460,3.14,58.0,43.32,0.0
18b90679-ba14-5785-bca6-c3cc1e3ad587,2026-09-12T06:06:00,3.04,4.41,2246,1530,3.25,58.0,48.2,0.0
77059140-e829-5d12-90bd-2d2ebd9c436c,2026-09-12T06:06:00,2.93,4.27,2124,1414,5.37,58.0,48.38,0.0
3a6c166d-37fa-5cda-adad-777eb4567f37,2026-09-12T06:08:00,2.64,3.6,2242,1407,3.78,60.03,45.64,0.0
f1a6081a-48e3-56db-936e-f49af9832cb1,2026-09-12T06:08:00,3.14,4.61,2227,1291,4.04,58.0,44.71,0.0
18b90679-ba14-5785-bca6-c3cc1e3ad587,2026-09-12T06:08:00,3.04,4.3,2024,1508,9.48,58.0,48.14,0.0
77059140-e829-5d12-90bd-2d2ebd9c436c,2026-09-12T06:08:00,3.42,4.84,2162,1365,5.62,58.0,44.2,0.0
3a6c166d-37fa-5cda-adad-777eb4567f37,2026-09-12T06:10:00,3.44,3.81,2195,1472,2.33,59.63,47.35,0.0
f1a6081a-48e3-56db-936e-f49af9832cb1,2026-09-12T06:10:00,3.16,4.58,2265,1424,3.05,58.0,45.29,0.0
18b90679-ba14-5785-bca6-c3cc1e3ad587,2026-09-12T06:10:00,3.6,4.17,2320,1351,4.41,58.0,48.97,0.0
77059140-e829-5d12-90bd-2d2ebd9c436c,2026-09-12T06:10:00,2.93,4.37,2328,1464,2.12,58.0,48.53,0.0
3a6c166d-37fa-5cda-adad-777eb4567f37,2026-09-12T06:12:00,3.03,4.3,2190,1406,2.87,59.41,41.56,0.0
f1a6081a-48e3-56db-936e-f49af9832cb1,2026-09-12T06:12:00,2.54,4.24,2345,1453,5.01,58.0,46.16,0.0
18b90679-ba14-5785-bca6-c3cc1e3ad587,2026-09-12T06:12:00,3.39,4.54,2390,1403,4.58,58.0,48.25,0.0
77059140-e829-5d12-90bd-2d2ebd9c436c,2026-09-12T06:12:00,2.82,4.06,2040,1400,4.93,58.0,47.25,0.0
3a6c166d-37fa-5cda-adad-777eb4567f37,2026-09-12T06:14:00,3.12,3.51,2386,1561,4.18,59.37,41.81,0.0
f1a6081a-48e3-56db-936e-f49af9832cb1,2026-09-12T06:14:00,2.56,4.13,2210,1481,3.31,58.0,45.56,0.0
18b90679-ba14-5785-bca6-c3cc1e3ad587,2026-09-12T06:14:00,3.09,5.09,2155,1284,3.06,58.0,46.35,0.0
77059140-e829-5d12-90bd-2d2ebd9c436c,2026-09-12T06:14:00,2.76,4.49,2324,1392,5.5,58.0,43.14,0.0
3a6c166d-37fa-5cda-adad-777eb4567f37,2026-09-12T06:16:00,3.27,4.02,2210,1513,5.28,59.58,46.28,0.0
f1a6081a-48e3-56db-936e-f49af9832cb1,2026-09-12T06:16:00,2.93,4.53,2150,1174,4.15,58.0,46.82,0.0
18b90679-ba14-5785-bca6-c3cc1e3ad587,2026-09-12T06:16:00,2.91,4.09,2259,1513,5.57,58.0,45.56,0.0
77059140-e829-5d12-90bd-2d2ebd9c436c,2026-09-12T06:16:00,3.1,4.22,2174,1451,7.02,58.0,49.88,0.0
3a6c166d-37fa-5cda-adad-777eb4567f37,2026-09-12T06:18:00,2.86,4.75,2346,1353,4.65,59.92,45.41,0.0
f1a6081a-48e3-56db-936e-f49af9832cb1,2026-09-12T06:18:00,3.2,3.96,2354,1479,8.5,58.0,45.89,0.0
18b90679-ba14-5785-bca6-c3cc1e3ad587,2026-09-12T06:18:00,3.14,4.68,2394,1545,4.52,58.0,44.56,0.0
77059140-e829-5d12-90bd-2d2ebd9c436c,2026-09-12T06:18:00,3.01,4.83,2270,1401,3.8,58.0,46.04,0.0
3a6c166d-37fa-5cda-adad-777eb4567f37,2026-09-12T06:20:00,3.08,3.62,2331,1443,7.97,60.49,45.94,0.0
f1a6081a-48e3-56db-936e-f49af9832cb1,2026-09-12T06:20:00,3.6,4.83,2161,1518,7.8,58.0,49.25,0.0
18b90679-ba14-5785-bca6-c3cc1e3ad587,2026-09-12T06:20:00,2.72,5.37,2210,1441,5.59,58.0,45.5,0.0
77059140-e829-5d12-90bd-2d2ebd9c436c,2026-09-12T06:20:00,3.52,4.81,2313,1507,4.13,58.0,46.29,0.0
3a6c166d-37fa-5cda-adad-777eb4567f37,2026-09-12T06:22:00,2.87,4.04,2387,1414,8.29,59.72,49.02,0.0
f1a6081a-48e3-56db-936e-f49af9832cb1,2026-09-12T06:22:00,2.38,4.07,2366,1450,4.75,58.0,44.43,0.0
18b90679-ba14-5785-bca6-c3cc1e3ad587,2026-09-12T06:22:00,2.99,4.48,2159,1426,8.81,58.0,45.54,0.0
77059140-e829-5d12-90bd-2d2ebd9c436c,2026-09-12T06:22:00,3.3,4.46,2266,1383,1.84,58.0,44.42,0.0
3a6c166d-37fa-5cda-adad-777eb4567f37,2026-09-12T06:24:00,2.74,5.13,2211,1438,6.4,59.51,40.23,0.0
f1a6081a-48e3-56db-936e-f49af9832cb1,2026-09-12T06:24:00,3.41,5.01,2311,1400,4.83,58.0,46.16,0.0
18b90679-ba14-5785-bca6-c3cc1e3ad587,2026-09-12T06:24:00,2.37,4.4,2278,1606,4.14,58.0,45.87,0.0
77059140-e829-5d12-90bd-2d2ebd9c436c,2026-09-12T06:24:00,3.37,4.38,2472,1324,3.45,58.0,42.94,0.0
3a6c166d-37fa-5cda-adad-777eb4567f37,2026-09-12T06:26:00,2.7,4.46,2097,1560,8.75,60.02,46.86,0.0
f1a6081a-48e3-56db-936e-f49af9832cb1,2026-09-12T06:26:00,3.35,4.37,2495,1533,5.66,58.0,45.03,0.0
18b90679-ba14-5785-bca6-c3cc1e3ad587,2026-09-12T06:26:00,3.15,4.34,2429,1367,5.11,58.0,50.64,0.0
77059140-e829-5d12-90bd-2d2ebd9c436c,2026-09-12T06:26:00,3.09,3.91,2339,1492,6.66,58.0,48.0,0.0
3a6c166d-37fa-5cda-adad-777eb4567f37,2026-09-12T06:28:00,2.81,4.93,2321,1457,7.14,60.15,46.96,0.0
f1a6081a-48e3-56db-936e-f49af9832cb1,2026-09-12T06:28:00,3.01,4.58,2330,1391,5.13,58.0,44.77,0.0
18b90679-ba14-5785-bca6-c3cc1e3ad587,2026-09-12T06:28:00,2.62,4.78,2245,1455,6.58,58.0,41.55,0.0
77059140-e829-5d12-90bd-2d2ebd9c436c,2026-09-12T06:28:00,3.48,5.49,2399,1481,6.64,58.0,45.67,0.0
3a6c166d-37fa-5cda-adad-777eb4567f37,2026-09-12T06:30:00,3.7,4.39,2371,1414,7.82,60.34,48.21,0.0
f1a6081a-48e3-56db-936e-f49af9832cb1,2026-09-12T06:30:00,2.91,4.73,2266,1472,7.17,58.0,45.85,0.0
18b90679-ba14-5785-bca6-c3cc1e3ad587,2026-09-12T06:30:00,3.2,4.44,2201,1428,2.89,58.0,47.06,0.0
77059140-e829-5d12-90bd-2d2ebd9c436c,2026-09-12T06:30:00,3.09,4.71,2059,1391,10.49,58.0,45.62,0.0
3a6c166d-37fa-5cda-adad-777eb4567f37,2026-09-12T06:32:00,3.37,5.0,2275,1448,3.02,59.8,44.66,0.0
f1a6081a-48e3-56db-936e-f49af9832cb1,2026-09-12T06:32:00,3.18,5.07,2439,1381,6.51,58.0,48.65,0.0
18b90679-ba14-5785-bca6-c3cc1e3ad587,2026-09-12T06:32:00,3.43,5.27,2225,1536,7.18,58.0,45.73,0.0
77059140-e829-5d12-90bd-2d2ebd9c436c,2026-09-12T06:32:00,3.16,4.81,2384,1613,5.65,58.0,42.66,0.0
3a6c166d-37fa-5cda-adad-777eb4567f37,2026-09-12T06:34:00,3.48,4.5,2329,1471,3.4,59.4,44.56,0.0
f1a6081a-48e3-56db-936e-f49af9832cb1,2026-09-12T06:34:00,3.21,5.33,2214,1515,5.86,58.0,46.0,0.0
18b90679-ba14-5785-bca6-c3cc1e3ad587,2026-09-12T06:34:00,3.61,4.38,2431,1389,6.76,58.0,48.73,0.0
77059140-e829-5d12-90bd-2d2ebd9c436c,2026-09-12T06:34:00,3.16,5.03,2442,1604,4.43,58.0,48.48,0.0
3a6c166d-37fa-5cda-adad-777eb4567f37,2026-09-12T06:36:00,3.19,5.18,2270,1513,2.97,59.92,43.38,0.0
f1a6081a-48e3-56db-936e-f49af9832cb1,2026-09-12T06:36:00,2.95,4.97,2329,1604,4.29,58.0,50.49,0.0
18b90679-ba14-5785-bca6-c3cc1e3ad587,2026-09-12T06:36:00,3.05,5.7,2238,1764,6.6,58.0,44.09,0.0
77059140-e829-5d12-90bd-2d2ebd9c436c,2026-09-12T06:36:00,3.46,4.73,2362,1467,4.34,58.0,48.71,0.0
3a6c166d-37fa-5cda-adad-777eb4567f37,2026-09-12T06:38:00,3.11,5.05,2442,1507,6.42,60.1,43.33,0.0
f1a6081a-48e3-56db-936e-f49af9832cb1,2026-09-12T06:38:00,3.16,4.19,2572,1490,2.28,58.0,44.23,0.0
18b90679-ba14-5785-bca6-c3cc1e3ad587,2026-09-12T06:38:00,3.75,4.56,2600,1413,3.69,58.0,46.3,0.0
77059140-e829-5d12-90bd-2d2ebd9c436c,2026-09-12T06:38:00,3.67,4.73,2392,1410,5.62,58.0,46.63,0.0
3a6c166d-37fa-5cda-adad-777eb4567f37,2026-09-12T06:40:00,3.34,5.01,2445,1561,4.04,60.05,44.93,0.0
f1a6081a-48e3-56db-936e-f49af9832cb1,2026-09-12T06:40:00,3.53,4.08,2096,1567,6.8,58.0,44.07,0.0
18b90679-ba14-5785-bca6-c3cc1e3ad587,2026-09-12T06:40:00,2.93,5.13,2428,1499,8.37,58.0,45.19,0.0
77059140-e829-5d12-90bd-2d2ebd9c436c,2026-09-12T06:40:00,3.7,4.77,2411,1333,4.81,58.0,47.13,0.0
3a6c166d-37fa-5cda-adad-777eb4567f37,2026-09-12T06:42:00,3.54,3.46,2380,1501,4.35,60.4,50.17,0.0
f1a6081a-48e3-56db-936e-f49af9832cb1,2026-09-12T06:42:00,3.1,4.55,2539,1481,5.52,58.0,49.6,0.0
18b90679-ba14-5785-bca6-c3cc1e3ad587,2026-09-12T06:42:00,3.21,4.52,2276,1479,6.97,58.0,47.66,0.0
77059140-e829-5d12-90bd-2d2ebd9c436c,2026-09-12T06:42:00,3.88,5.06,2267,1454,6.7,58.0,48.67,0.0
3a6c166d-37fa-5cda-adad-777eb4567f37,2026-09-12T06:44:00,3.39,4.74,2456,1684,3.63,60.15,46.86,0.0
f1a6081a-48e3-56db-936e-f49af9832cb1,2026-09-12T06:44:00,2.74,4.65,2461,1463,3.84,58.0,48.22,0.0
18b90679-ba14-5785-bca6-c3cc1e3ad587,2026-09-12T06:44:00,3.58,4.34,2484,1597,8.73,58.0,45.22,0.0
77059140-e829-5d12-90bd-2d2ebd9c436c,2026-09-12T06:44:00,2.73,3.86,2475,1613,7.37,58.0,47.8,0.0
3a6c166d-37fa-5cda-adad-777eb4567f37,2026-09-12T06:46:00,3.08,4.61,2437,1560,4.87,59.96,45.54,0.0
f1a6081a-48e3-56db-936e-f49af9832cb1,2026-09-12T06:46:00,3.18,4.53,2423,1601,3.39,58.0,47.07,0.0
18b90679-ba14-5785-bca6-c3cc1e3ad587,2026-09-12T06:46:00,2.9,5.57,2545,1526,8.37,58.0,48.46,0.0
77059140-e829-5d12-90bd-2d2ebd9c436c,2026-09-12T06:46:00,2.89,4.69,2318,1459,6.51,58.0,42.6,0.0
3a6c166d-37fa-5cda-adad-777eb4567f37,2026-09-12T06:48:00,3.38,5.06,2335,1577,2.25,60.3,46.86,0.0
f1a6081a-48e3-56db-936e-f49af9832cb1,2026-09-12T06:48:00,2.77,4.87,2439,1429,6.53,58.0,46.09,0.0
18b90679-ba14-5785-bca6-c3cc1e3ad587,2026-09-12T06:48:00,3.1,4.01,2204,1529,7.46,58.0,50.29,0.0
77059140-e829-5d12-90bd-2d2ebd9c436c,2026-09-12T06:48:00,3.36,4.97,2467,1532,3.41,58.0,45.14,0.0
3a6c166d-37fa-5cda-adad-777eb4567f37,2026-09-12T06:50:00,3.11,4.76,2329,1446,5.33,59.96,52.2,0.0
f1a6081a-48e3-56db-936e-f49af9832cb1,2026-09-12T06:50:00,3.18,5.06,2676,1546,6.27,58.0,44.31,0.0
18b90679-ba14-5785-bca6-c3cc1e3ad587,2026-09-12T06:50:00,2.93,5.29,2517,1664,3.64,58.0,47.53,0.0
77059140-e829-5d12-90bd-2d2ebd9c436c,2026-09-12T06:50:00,3.71,5.46,2502,1451,3.22,58.0,43.82,0.0
3a6c166d-37fa-5cda-adad-777eb4567f37,2026-09-12T06:52:00,3.39,5.88,2322,1631,4.37,60.19,49.16,0.0
f1a6081a-48e3-56db-936e-f49af9832cb1,2026-09-12T06:52:00,2.64,4.94,2607,1363,6.33,58.0,47.95,0.0
18b90679-ba14-5785-bca6-c3cc1e3ad587,2026-09-12T06:52:00,3.87,4.04,2563,1525,6.58,58.0,43.65,0.0
77059140-e829-5d12-90bd-2d2ebd9c436c,2026-09-12T06:52:00,2.94,4.27,2357,1392,9.5,58.0,41.54,0.0
3a6c166d-37fa-5cda-adad-777eb4567f37,2026-09-12T06:54:00,3.33,4.12,2439,1516,9.01,60.15,49.5,0.0
f1a6081a-48e3-56db-936e-f49af9832cb1,2026-09-12T06:54:00,3.16,3.99,2425,1488,5.61,58.0,44.43,0.0
18b90679-ba14-5785-bca6-c3cc1e3ad587,2026-09-12T06:54:00,2.73,4.47,2507,1623,3.44,58.0,41.26,0.0
77059140-e829-5d12-90bd-2d2ebd9c436c,2026-09-12T06:54:00,3.28,4.13,2643,1600,5.76,58.0,48.83,0.0
3a6c166d-37fa-5cda-adad-777eb4567f37,2026-09-12T06:56:00,3.42,4.5,2738,1557,4.73,60.11,45.18,0.0
f1a6081a-48e3-56db-936e-f49af9832cb1,2026-09-12T06:56:00,3.21,5.31,2501,1530,9.76,58.0,51.48,0.0
18b90679-ba14-5785-bca6-c3cc1e3ad587,2026-09-12T06:56:00,3.19,3.94,2634,1742,4.97,58.0,48.47,0.0
77059140-e829-5d12-90bd-2d2ebd9c436c,2026-09-12T06:56:00,3.33,4.99,2603,1605,7.99,58.0,44.22,0.0
3a6c166d-37fa-5cda-adad-777eb4567f37,2026-09-12T06:58:00,2.63,3.42,2740,1564,6.97,60.78,47.19,0.0
f1a6081a-48e3-56db-936e-f49af9832cb1,2026-09-12T06:58:00,3.12,5.47,2499,1476,4.78,58.0,43.48,0.0
18b90679-ba14-5785-bca6-c3cc1e3ad587,2026-09-12T06:58:00,3.67,5.44,2706,1507,6.96,58.0,49.9,0.0
77059140-e829-5d12-90bd-2d2ebd9c436c,2026-09-12T06:58:00,3.65,5.2,2529,1597,5.93,58.0,51.08,0.0
3a6c166d-37fa-5cda-adad-777eb4567f37,2026-09-12T07:00:00,3.46,4.58,2685,1601,6.07,60.39,48.82,0.0
f1a6081a-48e3-56db-936e-f49af9832cb1,2026-09-12T07:00:00,3.58,4.22,2686,1719,7.38,58.0,45.76,0.0
18b90679-ba14-5785-bca6-c3cc1e3ad587,2026-09-12T07:00:00,3.89,4.87,2593,1589,9.13,58.0,44.09,0.0
77059140-e829-5d12-90bd-2d2ebd9c436c,2026-09-12T07:00:00,3.36,4.42,2494,1769,7.43,58.0,47.42,0.0
3a6c166d-37fa-5cda-adad-777eb4567f37,2026-09-12T07:02:00,4.31,5.08,2600,1854,7.86,60.7,49.77,0.0
f1a6081a-48e3-56db-936e-f49af9832cb1,2026-09-12T07:02:00,3.36,4.65,2518,1544,3.92,58.0,48.02,0.0
18b90679-ba14-5785-bca6-c3cc1e3ad587,2026-09-12T07:02:00,3.3,4.78,2471,1586,7.24,58.0,48.51,0.0
77059140-e829-5d12-90bd-2d2ebd9c436c,2026-09-12T07:02:00,3.41,4.89,2630,1433,9.38,58.0,47.49,0.0
3a6c166d-37fa-5cda-adad-777eb4567f37,2026-09-12T07:04:00,2.66,5.44,2608,1650,5.05,60.03,47.36,0.0
f1a6081a-48e3-56db-936e-f49af9832cb1,2026-09-12T07:04:00,3.4,5.79,2457,1613,3.82,58.0,47.45,0.0
18b90679-ba14-5785-bca6-c3cc1e3ad587,2026-09-12T07:04:00,3.54,5.12,2539,1515,5.45,58.0,43.78,0.0
77059140-e829-5d12-90bd-2d2ebd9c436c,2026-09-12T07:04:00,3.49,5.55,2610,1528,7.48,58.0,46.33,0.0
3a6c166d-37fa-5cda-adad-777eb4567f37,2026-09-12T07:06:00,4.13,5.02,2675,1676,6.19,60.08,46.61,0.0
f1a6081a-48e3-56db-936e-f49af9832cb1,2026-09-12T07:06:00,3.6,4.46,2549,1493,4.58,58.0,48.76,0.0
18b90679-ba14-5785-bca6-c3cc1e3ad587,2026-09-12T07:06:00,3.4,4.74,2683,1492,6.53,58.0,49.02,0.0
77059140-e829-5d12-90bd-2d2ebd9c436c,2026-09-12T07:06:00,2.83,4.98,2764,1584,5.96,58.0,50.29,0.0
3a6c166d-37fa-5cda-adad-777eb4567f37,2026-09-12T07:08:00,3.23,5.03,2417,1646,6.52,60.83,43.88,0.0
f1a6081a-48e3-56db-936e-f49af9832cb1,2026-09-12T07:08:00,3.21,4.28,2592,1606,8.01,58.0,45.81,0.0
18b90679-ba14-5785-bca6-c3cc1e3ad587,2026-09-12T07:08:00,3.13,4.85,2554,1724,5.13,58.0,46.35,0.0
77059140-e829-5d12-90bd-2d2ebd9c436c,2026-09-12T07:08:00,3.17,5.03,2596,1567,5.48,58.0,47.27,0.0
3a6c166d-37fa-5cda-adad-777eb4567f37,2026-09-12T07:10:00,3.43,4.39,2469,1562,9.46,60.66,47.0,0.0
f1a6081a-48e3-56db-936e-f49af9832cb1,2026-09-12T07:10:00,3.41,5.14,2719,1692,8.07,58.0,49.11,0.0
18b90679-ba14-5785-bca6-c3cc1e3ad587,2026-09-12T07:10:00,3.51,4.88,2545,1655,8.48,58.0,48.67,0.0
77059140-e829-5d12-90bd-2d2ebd9c436c,2026-09-12T07:10:00,3.7,4.7,2759,1463,6.87,58.0,45.01,0.0
3a6c166d-37fa-5cda-adad-777eb4567f37,2026-09-12T07:12:00,3.3,5.83,2640,1792,6.02,60.7,47.16,0.0
f1a6081a-48e3-56db-936e-f49af9832cb1,2026-09-12T07:12:00,2.9,5.79,2557,1674,3.91,58.0,45.92,0.0
18b90679-ba14-5785-bca6-c3cc1e3ad587,2026-09-12T07:12:00,3.87,4.48,2600,1518,4.91,58.0,49.11,0.0
77059140-e829-5d12-90bd-2d2ebd9c436c,2026-09-12T07:12:00,2.89,4.25,2700,1617,4.69,58.0,49.35,0.0
3a6c166d-37fa-5cda-adad-777eb4567f37,2026-09-12T07:14:00,3.54,4.3,2437,1779,5.41,60.45,44.31,0.0
f1a6081a-48e3-56db-936e-f49af9832cb1,2026-09-12T07:14:00,3.37,4.77,2707,1687,7.04,58.0,46.64,0.0
18b90679-ba14-5785-bca6-c3cc1e3ad587,2026-09-12T07:14:00,3.65,4.1,2587,1727,5.35,58.0,47.55,0.0
77059140-e829-5d12-90bd-2d2ebd9c436c,2026-09-12T07:14:00,3.53,4.33,2731,1385,7.17,58.0,49.23,0.0
3a6c166d-37fa-5cda-adad-777eb4567f37,2026-09-12T07:16:00,3.4,5.01,2620,1589,4.59,61.03,46.78,0.0
f1a6081a-48e3-56db-936e-f49af9832cb1,2026-09-12T07:16:00,3.57,5.08,2676,1705,6.72,58.0,44.41,0.0
18b90679-ba14-5785-bca6-c3cc1e3ad587,2026-09-12T07:16:00,3.38,4.94,2641,1594,4.86,58.0,45.5,0.0
77059140-e829-5d12-90bd-2d2ebd9c436c,2026-09-12T07:16:00,3.46,5.05,2713,1553,6.54,58.0,46.7,0.0
3a6c166d-37fa-5cda-adad-777eb4567f37,2026-09-12T07:18:00,3.37,4.78,2611,1700,8.25,60.89,47.69,0.0
f1a6081a-48e3-56db-936e-f49af9832cb1,2026-09-12T07:18:00,3.66,4.61,2797,1651,7.15,58.0,47.94,0.0
18b90679-ba14-5785-bca6-c3cc1e3ad587,2026-09-12T07:18:00,3.23,4.66,2695,1584,7.0,58.0,44.23,0.0
77059140-e829-5d12-90bd-2d2ebd9c436c,2026-09-12T07:18:00,3.36,4.91,2770,1769,6.66,58.0,47.93,0.0
3a6c166d-37fa-5cda-adad-777eb4567f37,2026-09-12T07:20:00,3.82,5.95,2560,1658,6.02,60.56,44.14,0.0
f1a6081a-48e3-56db-936e-f49af9832cb1,2026-09-12T07:20:00,3.02,5.26,2540,1676,10.46,58.0,51.61,0.0
18b90679-ba14-5785-bca6-c3cc1e3ad587,2026-09-12T07:20:00,2.89,4.8,2663,1881,6.07,58.0,46.92,0.0
77059140-e829-5d12-90bd-2d2ebd9c436c,2026-09-12T07:20:00,3.89,5.73,2755,1757,8.43,58.0,47.75,0.0
3a6c166d-37fa-5cda-adad-777eb4567f37,2026-09-12T07:22:00,3.73,4.37,2762,1628,7.7,60.78,47.5,0.0
f1a6081a-48e3-56db-936e-f49af9832cb1,2026-09-12T07:22:00,3.66,4.31,2652,1603,7.4,58.0,49.14,0.0
18b90679-ba14-5785-bca6-c3cc1e3ad587,2026-09-12T07:22:00,3.62,4.67,2758,1691,9.11,58.0,48.11,0.0
77059140-e829-5d12-90bd-2d2ebd9c436c,2026-09-12T07:22:00,2.94,4.8,2807,1667,5.81,58.0,50.94,0.0
3a6c166d-37fa-5cda-adad-777eb4567f37,2026-09-12T07:24:00,3.67,4.22,2934,1577,5.48,60.42,44.82,0.0
f1a6081a-48e3-56db-936e-f49af9832cb1,2026-09-12T07:24:00,3.41,4.78,2580,1709,4.72,58.0,45.78,0.0
18b90679-ba14-5785-bca6-c3cc1e3ad587,2026-09-12T07:24:00,3.44,4.34,2584,1570,8.99,58.0,49.27,0.0
77059140-e829-5d12-90bd-2d2ebd9c436c,2026-09-12T07:24:00,3.93,5.52,2720,1661,7.32,58.0,48.7,0.0
3a6c166d-37fa-5cda-adad-777eb4567f37,2026-09-12T07:26:00,4.01,4.93,2644,1569,6.37,60.66,47.43,0.0
f1a6081a-48e3-56db-936e-f49af9832cb1,2026-09-12T07:26:00,3.44,4.67,2904,1724,5.04,58.0,45.14,0.0
18b90679-ba14-5785-bca6-c3cc1e3ad587,2026-09-12T07:26:00,3.13,4.75,2786,1819,9.46,58.0,44.91,0.0
77059140-e829-5d12-90bd-2d2ebd9c436c,2026-09-12T07:26:00,3.67,4.8,2472,1685,5.44,58.0,48.38,0.0
3a6c166d-37fa-5cda-adad-777eb4567f37,2026-09-12T07:28:00,3.52,6.56,2717,1629,9.47,60.47,48.65,0.0
f1a6081a-48e3-56db-936e-f49af9832cb1,2026-09-12T07:28:00,3.6,4.03,2761,1610,6.5,58.0,48.81,0.0
18b90679-ba14-5785-bca6-c3cc1e3ad587,2026-09-12T07:28:00,3.25,4.12,2687,1755,10.64,58.0,45.14,0.0
77059140-e829-5d12-90bd-2d2ebd9c436c,2026-09-12T07:28:00,3.55,4.71,2632,1824,7.99,58.0,51.09,0.0
3a6c166d-37fa-5cda-adad-777eb4567f37,2026-09-12T07:30:00,3.58,4.97,2762,1764,6.54,60.71,46.57,0.0
f1a6081a-48e3-56db-936e-f49af9832cb1,2026-09-12T07:30:00,3.29,4.09,2732,1791,6.98,58.0,42.05,0.0
18b90679-ba14-5785-bca6-c3cc1e3ad587,2026-09-12T07:30:00,2.99,4.42,2842,1555,11.56,58.0,50.55,0.0
77059140-e829-5d12-90bd-2d2ebd9c436c,2026-09-12T07:30:00,3.97,4.68,2787,1805,8.23,58.0,44.09,0.0
3a6c166d-37fa-5cda-adad-777eb4567f37,2026-09-12T07:32:00,3.39,5.29,2880,1714,5.36,60.53,46.75,0.0
f1a6081a-48e3-56db-936e-f49af9832cb1,2026-09-12T07:32:00,3.32,5.02,2543,1715,7.27,58.0,48.69,0.0
18b90679-ba14-5785-bca6-c3cc1e3ad587,2026-09-12T07:32:00,3.39,5.12,2839,1586,7.37,58.0,50.81,0.0
77059140-e829-5d12-90bd-2d2ebd9c436c,2026-09-12T07:32:00,3.42,4.76,3018,1736,3.67,58.0,44.53,0.0
3a6c166d-37fa-5cda-adad-777eb4567f37,2026-09-12T07:34:00,3.32,5.0,2773,1688,8.1,60.66,52.57,0.0
f1a6081a-48e3-56db-936e-f49af9832cb1,2026-09-12T07:34:00,3.52,4.55,2809,1786,6.73,58.0,49.98,0.0
18b90679-ba14-5785-bca6-c3cc1e3ad587,2026-09-12T07:34:00,3.56,3.82,2814,1707,3.75,58.0,48.04,0.0
77059140-e829-5d12-90bd-2d2ebd9c436c,2026-09-12T07:34:00,2.81,4.96,2823,1737,6.31,58.0,48.06,0.0
3a6c166d-37fa-5cda-adad-777eb4567f37,2026-09-12T07:36:00,3.26,5.4,2756,1704,5.85,61.31,45.7,0.0
f1a6081a-48e3-56db-936e-f49af9832cb1,2026-09-12T07:36:00,3.95,5.77,2726,1797,6.12,58.0,48.82,0.0
18b90679-ba14-5785-bca6-c3cc1e3ad587,2026-09-12T07:36:00,3.56,4.37,2860,1770,7.09,58.0,46.38,0.0
77059140-e829-5d12-90bd-2d2ebd9c436c,2026-09-12T07:36:00,3.41,4.79,2732,1688,6.04,58.0,47.28,0.0
3a6c166d-37fa-5cda-adad-777eb4567f37,2026-09-12T07:38:00,3.54,5.84,2805,1868,6.45,61.2,47.33,0.0
f1a6081a-48e3-56db-936e-f49af9832cb1,2026-09-12T07:38:00,3.27,5.0,2910,1902,7.07,58.0,46.46,0.0
18b90679-ba14-5785-bca6-c3cc1e3ad587,2026-09-12T07:38:00,3.26,4.48,2805,1771,6.94,58.0,49.57,0.0
77059140-e829-5d12-90bd-2d2ebd9c436c,2026-09-12T07:38:00,3.62,4.83,2588,1947,6.0,58.0,45.68,0.0
3a6c166d-37fa-5cda-adad-777eb4567f37,2026-09-12T07:40:00,3.41,4.7,2888,1728,8.22,60.77,48.64,0.0
f1a6081a-48e3-56db-936e-f49af9832cb1,2026-09-12T07:40:00,3.83,4.45,2741,1929,4.51,58.0,48.97,0.0
18b90679-ba14-5785-bca6-c3cc1e3ad587,2026-09-12T07:40:00,3.87,5.07,2720,1871,7.27,58.0,44.93,0.0
77059140-e829-5d12-90bd-2d2ebd9c436c,2026-09-12T07:40:00,3.47,4.72,2711,1785,10.3,58.0,48.63,0.0
3a6c166d-37fa-5cda-adad-777eb4567f37,2026-09-12T07:42:00,3.8,4.74,3013,1859,7.77,60.83,53.13,0.0
f1a6081a-48e3-56db-936e-f49af9832cb1,2026-09-12T07:42:00,2.95,5.13,2792,1554,6.09,58.0,47.98,0.0
18b90679-ba14-5785-bca6-c3cc1e3ad587,2026-09-12T07:42:00,3.28,5.24,3033,1674,6.92,58.0,46.76,0.0
77059140-e829-5d12-90bd-2d2ebd9c436c,2026-09-12T07:42:00,3.45,4.91,2751,1644,9.0,58.0,47.43,0.0
3a6c166d-37fa-5cda-adad-777eb4567f37,2026-09-12T07:44:00,3.11,4.79,2648,1631,12.08,60.5,49.9,0.0
f1a6081a-48e3-56db-936e-f49af9832cb1,2026-09-12T07:44:00,3.0,4.88,2703,1652,4.1,58.0,45.58,0.0
18b90679-ba14-5785-bca6-c3cc1e3ad587,2026-09-12T07:44:00,4.19,5.45,2774,1743,6.93,58.0,50.19,0.0
77059140-e829-5d12-90bd-2d2ebd9c436c,2026-09-12T07:44:00,4.32,4.0,2882,1678,7.56,58.0,50.32,0.0
3a6c166d-37fa-5cda-adad-777eb4567f37,2026-09-12T07:46:00,3.21,5.34,2599,1679,6.02,61.12,49.22,0.0
f1a6081a-48e3-56db-936e-f49af9832cb1,2026-09-12T07:46:00,3.74,5.09,2960,1748,6.67,58.0,52.77,0.0
18b90679-ba14-5785-bca6-c3cc1e3ad587,2026-09-12T07:46:00,3.72,5.1,2766,1708,3.94,58.0,49.68,0.0
77059140-e829-5d12-90bd-2d2ebd9c436c,2026-09-12T07:46:00,2.87,4.92,2935,1749,6.26,58.0,51.14,0.0
3a6c166d-37fa-5cda-adad-777eb4567f37,2026-09-12T07:48:00,3.02,4.34,2941,1721,10.35,60.54,50.11,0.0
f1a6081a-48e3-56db-936e-f49af9832cb1,2026-09-12T07:48:00,2.94,6.07,3006,1816,9.19,58.0,50.33,0.0
18b90679-ba14-5785-bca6-c3cc1e3ad587,2026-09-12T07:48:00,2.64,5.5,2802,1739,8.81,58.0,46.9,0.0
77059140-e829-5d12-90bd-2d2ebd9c436c,2026-09-12T07:48:00,3.76,4.76,3011,1921,8.39,58.0,48.13,0.0
3a6c166d-37fa-5cda-adad-777eb4567f37,2026-09-12T07:50:00,3.85,4.55,2727,1827,7.12,61.09,47.85,0.0
f1a6081a-48e3-56db-936e-f49af9832cb1,2026-09-12T07:50:00,3.78,5.72,3099,1799,5.84,58.0,47.96,0.0
18b90679-ba14-5785-bca6-c3cc1e3ad587,2026-09-12T07:50:00,3.75,4.83,2801,1679,6.96,58.0,48.57,0.0
77059140-e829-5d12-90bd-2d2ebd9c436c,2026-09-12T07:50:00,2.92,5.13,3016,1776,6.18,58.0,49.1,0.0
3a6c166d-37fa-5cda-adad-777eb4567f37,2026-09-12T07:52:00,4.23,4.8,2923,1772,2.74,60.61,52.49,0.0
f1a6081a-48e3-56db-936e-f49af9832cb1,2026-09-12T07:52:00,2.91,5.05,2863,1875,6.77,58.0,58.34,0.0
18b90679-ba14-5785-bca6-c3cc1e3ad587,2026-09-12T07:52:00,3.73,5.07,2835,1793,3.84,58.0,45.1,0.0
77059140-e829-5d12-90bd-2d2ebd9c436c,2026-09-12T07:52:00,3.19,4.78,2977,1929,8.44,58.0,46.06,0.0
3a6c166d-37fa-5cda-adad-777eb4567f37,2026-09-12T07:54:00,3.58,4.59,2910,1899,10.66,60.88,51.51,0.0
f1a6081a-48e3-56db-936e-f49af9832cb1,2026-09-12T07:54:00,2.96,4.77,2951,1886,5.61,58.0,48.22,0.0
18b90679-ba14-5785-bca6-c3cc1e3ad587,2026-09-12T07:54:00,3.72,6.08,2842,1935,8.42,58.0,51.1,0.0
77059140-e829-5d12-90bd-2d2ebd9c436c,2026-09-12T07:54:00,3.51,4.84,2961,1904,6.54,58.0,46.86,0.0
3a6c166d-37fa-5cda-adad-777eb4567f37,2026-09-12T07:56:00,3.88,4.72,2999,1764,6.06,61.15,47.43,0.0
f1a6081a-48e3-56db-936e-f49af9832cb1,2026-09-12T07:56:00,3.2,4.39,3032,1687,8.46,58.0,46.29,0.0
18b90679-ba14-5785-bca6-c3cc1e3ad587,2026-09-12T07:56:00,4.48,4.85,3104,1821,6.07,58.0,47.67,0.0
77059140-e829-5d12-90bd-2d2ebd9c436c,2026-09-12T07:56:00,3.4,5.93,2817,1756,6.27,58.0,50.84,0.0
3a6c166d-37fa-5cda-adad-777eb4567f37,2026-09-12T07:58:00,3.3,5.37,3127,1860,7.95,60.89,47.2,0.0
f1a6081a-48e3-56db-936e-f49af9832cb1,2026-09-12T07:58:00,3.67,4.96,3048,1676,8.24,58.0,47.69,0.0
18b90679-ba14-5785-bca6-c3cc1e3ad587,2026-09-12T07:58:00,3.07,4.73,3079,2011,7.79,58.0,44.46,0.0
77059140-e829-5d12-90bd-2d2ebd9c436c,2026-09-12T07:58:00,2.81,4.77,2864,1724,8.98,58.0,49.21,0.0
3a6c166d-37fa-5cda-adad-777eb4567f37,2026-09-12T08:00:00,3.96,5.89,2811,1937,5.92,61.29,45.81,0.0
f1a6081a-48e3-56db-936e-f49af9832cb1,2026-09-12T08:00:00,3.37,5.72,2825,1963,5.53,58.0,50.3,0.0
18b90679-ba14-5785-bca6-c3cc1e3ad587,2026-09-12T08:00:00,3.68,5.14,3013,1740,8.14,58.0,47.25,0.0
77059140-e829-5d12-90bd-2d2ebd9c436c,2026-09-12T08:00:00,3.88,4.81,3204,1666,9.14,58.0,47.06,0.0
3a6c166d-37fa-5cda-adad-777eb4567f37,2026-09-12T08:02:00,3.52,5.8,2990,1858,5.92,61.23,46.81,0.0
f1a6081a-48e3-56db-936e-f49af9832cb1,2026-09-12T08:02:00,3.54,5.42,3195,1814,7.12,58.0,52.1,0.0
18b90679-ba14-5785-bca6-c3cc1e3ad587,2026-09-12T08:02:00,2.97,4.83,2976,1877,5.23,58.0,45.66,0.0
77059140-e829-5d12-90bd-2d2ebd9c436c,2026-09-12T08:02:00,3.87,5.47,3010,1840,9.21,58.0,50.89,0.0
3a6c166d-37fa-5cda-adad-777eb4567f37,2026-09-12T08:04:00,3.22,4.63,2827,1869,5.78,60.95,50.06,0.0
f1a6081a-48e3-56db-936e-f49af9832cb1,2026-09-12T08:04:00,4.22,4.73,2968,1814,9.73,58.0,46.75,0.0
18b90679-ba14-5785-bca6-c3cc1e3ad587,2026-09-12T08:04:00,3.1,4.91,2877,1950,7.2,58.0,46.22,0.0
77059140-e829-5d12-90bd-2d2ebd9c436c,2026-09-12T08:04:00,3.61,4.92,3061,1651,5.67,58.0,48.37,0.0
3a6c166d-37fa-5cda-adad-777eb4567f37,2026-09-12T08:06:00,4.06,5.08,2750,1874,8.01,61.15,47.45,0.0
f1a6081a-48e3-56db-936e-f49af9832cb1,2026-09-12T08:06:00,3.98,5.03,2815,1971,7.36,58.0,50.37,0.0
18b90679-ba14-5785-bca6-c3cc1e3ad587,2026-09-12T08:06:00,4.36,4.63,3114,1960,7.89,58.0,50.84,0.0
77059140-e829-5d12-90bd-2d2ebd9c436c,2026-09-12T08:06:00,4.16,5.31,2996,1784,9.64,58.0,48.76,0.0
3a6c166d-37fa-5cda-adad-777eb4567f37,2026-09-12T08:08:00,3.09,6.1,2937,1812,7.05,61.71,44.69,0.0
f1a6081a-48e3-56db-936e-f49af9832cb1,2026-09-12T08:08:00,3.37,5.26,2917,1717,7.35,58.0,44.65,0.0
18b90679-ba14-5785-bca6-c3cc1e3ad587,2026-09-12T08:08:00,4.08,5.83,3112,1764,3.49,58.0,49.65,0.0
77059140-e829-5d12-90bd-2d2ebd9c436c,2026-09-12T08:08:00,3.35,5.12,3155,1847,8.43,58.0,45.14,0.0
3a6c166d-37fa-5cda-adad-777eb4567f37,2026-09-12T08:10:00,3.52,5.04,2731,1992,6.99,60.74,49.28,0.0
f1a6081a-48e3-56db-936e-f49af9832cb1,2026-09-12T08:10:00,3.37,5.08,3015,1845,9.53,58.0,49.97,0.0
18b90679-ba14-5785-bca6-c3cc1e3ad587,2026-09-12T08:10:00,3.34,5.32,3214,1969,10.47,58.0,46.75,0.0
77059140-e829-5d12-90bd-2d2ebd9c436c,2026-09-12T08:10:00,3.05,5.17,3119,1842,9.8,58.0,49.87,0.0
3a6c166d-37fa-5cda-adad-777eb4567f37,2026-09-12T08:12:00,3.84,5.41,2835,1875,6.93,61.53,46.22,0.0
f1a6081a-48e3-56db-936e-f49af9832cb1,2026-09-12T08:12:00,3.59,5.52,2781,1785,8.16,58.0,44.41,0.0
18b90679-ba14-5785-bca6-c3cc1e3ad587,2026-09-12T08:12:00,3.61,5.11,2930,1826,9.31,58.0,53.76,0.0
77059140-e829-5d12-90bd-2d2ebd9c436c,2026-09-12T08:12:00,3.17,5.13,3064,2003,6.06,58.0,50.44,0.0
3a6c166d-37fa-5cda-adad-777eb4567f37,2026-09-12T08:14:00,3.78,5.58,2927,1858,5.34,61.13,54.5,0.0
f1a6081a-48e3-56db-936e-f49af9832cb1,2026-09-12T08:14:00,3.05,4.68,2937,1886,10.33,58.0,47.12,0.0
18b90679-ba14-5785-bca6-c3cc1e3ad587,2026-09-12T08:14:00,3.53,4.47,3132,1806,9.26,58.0,44.78,0.0
77059140-e829-5d12-90bd-2d2ebd9c436c,2026-09-12T08:14:00,3.13,5.9,2962,1840,8.29,58.0,51.13,0.0
3a6c166d-37fa-5cda-adad-777eb4567f37,2026-09-12T08:16:00,3.8,5.25,2968,1964,9.66,61.01,52.99,0.0
f1a6081a-48e3-56db-936e-f49af9832cb1,2026-09-12T08:16:00,4.44,4.02,3232,1985,7.33,58.0,50.36,0.0
18b90679-ba14-5785-bca6-c3cc1e3ad587,2026-09-12T08:16:00,3.21,5.93,2801,1779,6.84,58.0,47.09,0.0
77059140-e829-5d12-90bd-2d2ebd9c436c,2026-09-12T08:16:00,3.71,5.17,2997,1862,3.29,58.0,50.39,0.0
3a6c166d-37fa-5cda-adad-777eb4567f37,2026-09-12T08:18:00,3.62,5.31,3181,1887,3.81,61.32,49.75,0.0
f1a6081a-48e3-56db-936e-f49af9832cb1,2026-09-12T08:18:00,3.37,4.61,3003,1765,9.12,58.0,51.01,0.0
18b90679-ba14-5785-bca6-c3cc1e3ad587,2026-09-12T08:18:00,3.36,5.5,3031,1977,9.24,58.0,49.11,0.0
77059140-e829-5d12-90bd-2d2ebd9c436c,2026-09-12T08:18:00,4.11,4.86,3197,1836,6.31,58.0,50.14,0.0
3a6c166d-37fa-5cda-adad-777eb4567f37,2026-09-12T08:20:00,3.29,5.31,2896,1995,6.38,61.71,54.55,0.0
f1a6081a-48e3-56db-936e-f49af9832cb1,2026-09-12T08:20:00,3.23,5.57,2910,1778,6.4,58.0,50.43,0.0
18b90679-ba14-5785-bca6-c3cc1e3ad587,2026-09-12T08:20:00,4.4,4.87,2916,1988,9.16,58.0,53.77,0.0
77059140-e829-5d12-90bd-2d2ebd9c436c,2026-09-12T08:20:00,2.94,4.75,2916,1905,7.62,58.0,53.13,0.0
3a6c166d-37fa-5cda-adad-777eb4567f37,2026-09-12T08:22:00,3.44,4.96,2932,1955,9.3,61.27,46.37,0.0
f1a6081a-48e3-56db-936e-f49af9832cb1,2026-09-12T08:22:00,4.08,6.22,3152,1954,8.98,58.0,47.29,0.0
18b90679-ba14-5785-bca6-c3cc1e3ad587,2026-09-12T08:22:00,3.86,5.7,3212,2012,8.48,58.0,53.99,0.0
77059140-e829-5d12-90bd-2d2ebd9c436c,2026-09-12T08:22:00,3.42,5.2,3220,1868,6.7,58.0,50.03,0.0
3a6c166d-37fa-5cda-adad-777eb4567f37,2026-09-12T08:24:00,3.59,4.89,3346,1881,10.27,61.58,49.15,0.0
f1a6081a-48e3-56db-936e-f49af9832cb1,2026-09-12T08:24:00,3.51,4.96,2855,1890,9.75,58.0,53.9,0.0
18b90679-ba14-5785-bca6-c3cc1e3ad587,2026-09-12T08:24:00,4.19,4.98,3113,2054,7.15,58.0,51.08,0.0
77059140-e829-5d12-90bd-2d2ebd9c436c,2026-09-12T08:24:00,3.83,5.3,3306,1796,9.06,58.0,52.96,0.0
3a6c166d-37fa-5cda-adad-777eb4567f37,2026-09-12T08:26:00,3.72,5.74,3232,1951,7.44,61.87,45.87,0.0
f1a6081a-48e3-56db-936e-f49af9832cb1,2026-09-12T08:26:00,3.71,5.72,3126,1763,9.15,58.0,49.98,0.0
18b90679-ba14-5785-bca6-c3cc1e3ad587,2026-09-12T08:26:00,3.17,5.72,3081,1886,6.56,58.0,49.1,0.0
77059140-e829-5d12-90bd-2d2ebd9c436c,2026-09-12T08:26:00,4.07,4.48,3222,1932,9.9,58.0,44.25,0.0
3a6c166d-37fa-5cda-adad-777eb4567f37,2026-09-12T08:28:00,3.81,5.62,3424,1845,3.04,61.47,50.18,0.0
f1a6081a-48e3-56db-936e-f49af9832cb1,2026-09-12T08:28:00,4.01,4.25,2973,1712,10.75,58.0,47.71,0.0
18b90679-ba14-5785-bca6-c3cc1e3ad587,2026-09-12T08:28:00,3.82,4.77,3090,1960,8.66,58.0,47.91,0.0
77059140-e829-5d12-90bd-2d2ebd9c436c,2026-09-12T08:28:00,3.43,5.46,3156,1968,5.38,58.0,51.25,0.0
3a6c166d-37fa-5cda-adad-777eb4567f37,2026-09-12T08:30:00,3.96,4.59,3168,1836,7.57,61.23,45.07,0.0
f1a6081a-48e3-56db-936e-f49af9832cb1,2026-09-12T08:30:00,4.01,4.55,2966,1940,6.1,58.0,45.79,0.0
18b90679-ba14-5785-bca6-c3cc1e3ad587,2026-09-12T08:30:00,3.46,5.02,3419,1960,8.64,58.0,53.39,0.0
77059140-e829-5d12-90bd-2d2ebd9c436c,2026-09-12T08:30:00,3.98,5.1,3107,2064,5.17,58.0,48.45,0.0
3a6c166d-37fa-5cda-adad-777eb4567f37,2026-09-12T08:32:00,3.63,5.48,2850,2041,6.0,61.79,51.94,0.0
f1a6081a-48e3-56db-936e-f49af9832cb1,2026-09-12T08:32:00,3.42,4.93,3005,1890,7.8,58.0,49.94,0.0
18b90679-ba14-5785-bca6-c3cc1e3ad587,2026-09-12T08:32:00,3.79,5.97,3138,1926,8.45,58.0,55.58,0.0
77059140-e829-5d12-90bd-2d2ebd9c436c,2026-09-12T08:32:00,3.6,4.84,3161,1963,6.02,58.0,54.0,0.0
3a6c166d-37fa-5cda-adad-777eb4567f37,2026-09-12T08:34:00,3.52,5.39,3025,1705,9.4,61.65,49.5,0.0
f1a6081a-48e3-56db-936e-f49af9832cb1,2026-09-12T08:34:00,3.84,5.43,2869,1805,10.7,58.0,47.85,0.0
18b90679-ba14-5785-bca6-c3cc1e3ad587,2026-09-12T08:34:00,3.81,5.14,3116,2085,5.6,58.0,48.76,0.0
77059140-e829-5d12-90bd-2d2ebd9c436c,2026-09-12T08:34:00,3.71,5.5,3095,1982,8.31,58.0,48.94,0.0
3a6c166d-37fa-5cda-adad-777eb4567f37,2026-09-12T08:36:00,3.34,4.89,2928,2077,7.03,61.27,51.73,0.0
f1a6081a-48e3-56db-936e-f49af9832cb1,2026-09-12T08:36:00,3.91,5.47,3181,2089,7.93,58.0,50.45,0.0
18b90679-ba14-5785-bca6-c3cc1e3ad587,2026-09-12T08:36:00,3.63,5.39,3196,1963,6.26,58.0,49.41,0.0
77059140-e829-5d12-90bd-2d2ebd9c436c,2026-09-12T08:36:00,4.07,5.93,3213,2039,7.85,58.0,51.67,0.0
3a6c166d-37fa-5cda-adad-777eb4567f37,2026-09-12T08:38:00,3.7,5.63,2946,2081,9.86,61.82,49.61,0.0
f1a6081a-48e3-56db-936e-f49af9832cb1,2026-09-12T08:38:00,3.71,5.19,3250,1973,8.04,58.0,48.48,0.0
18b90679-ba14-5785-bca6-c3cc1e3ad587,2026-09-12T08:38:00,3.46,4.93,3054,1829,8.29,58.0,48.95,0.0
77059140-e829-5d12-90bd-2d2ebd9c436c,2026-09-12T08:38:00,2.77,5.45,3084,2103,3.77,58.0,51.45,0.0
3a6c166d-37fa-5cda-adad-777eb4567f37,2026-09-12T08:40:00,3.55,5.9,3169,2038,7.13,61.66,50.86,0.0
f1a6081a-48e3-56db-936e-f49af9832cb1,2026-09-12T08:40:00,3.64,4.07,3367,2035,9.13,58.0,54.21,0.0
18b90679-ba14-5785-bca6-c3cc1e3ad587,2026-09-12T08:40:00,3.83,5.34,3170,2101,6.62,58.0,48.1,0.0
77059140-e829-5d12-90bd-2d2ebd9c436c,2026-09-12T08:40:00,3.04,5.18,3110,1833,9.0,58.0,43.93,0.0
3a6c166d-37fa-5cda-adad-777eb4567f37,2026-09-12T08:42:00,4.22,4.98,3226,1926,6.83,61.25,45.89,0.0
f1a6081a-48e3-56db-936e-f49af9832cb1,2026-09-12T08:42:00,3.83,5.12,3159,2034,8.36,58.0,47.36,0.0
18b90679-ba14-5785-bca6-c3cc1e3ad587,2026-09-12T08:42:00,3.85,5.71,3193,1991,12.81,58.0,51.25,0.0
77059140-e829-5d12-90bd-2d2ebd9c436c,2026-09-12T08:42:00,3.29,5.4,3169,2004,6.14,58.0,51.63,0.0
3a6c166d-37fa-5cda-adad-777eb4567f37,2026-09-12T08:44:00,3.54,5.79,3394,2052,8.93,61.51,48.91,0.0
f1a6081a-48e3-56db-936e-f49af9832cb1,2026-09-12T08:44:00,3.19,5.89,3073,2042,7.53,58.0,47.93,0.0
18b90679-ba14-5785-bca6-c3cc1e3ad587,2026-09-12T08:44:00,4.09,6.23,3111,1897,8.05,58.0,53.72,0.0
77059140-e829-5d12-90bd-2d2ebd9c436c,2026-09-12T08:44:00,4.08,5.38,3282,1925,7.39,58.0,50.49,0.0
3a6c166d-37fa-5cda-adad-777eb4567f37,2026-09-12T08:46:00,3.81,5.99,3253,2060,7.87,62.4,48.23,0.0
f1a6081a-48e3-56db-936e-f49af9832cb1,2026-09-12T08:46:00,3.78,4.9,3293,1893,12.02,58.0,48.25,0.0
18b90679-ba14-5785-bca6-c3cc1e3ad587,2026-09-12T08:46:00,4.24,5.36,3121,2034,3.67,58.0,53.8,0.0
77059140-e829-5d12-90bd-2d2ebd9c436c,2026-09-12T08:46:00,3.49,5.17,3255,1937,8.65,58.0,49.31,0.0
3a6c166d-37fa-5cda-adad-777eb4567f37,2026-09-12T08:48:00,3.77,5.31,3034,2003,9.11,61.47,48.18,0.0
f1a6081a-48e3-56db-936e-f49af9832cb1,2026-09-12T08:48:00,4.09,5.52,3157,2203,7.35,58.0,48.96,0.0
18b90679-ba14-5785-bca6-c3cc1e3ad587,2026-09-12T08:48:00,3.64,5.32,3155,1939,7.6,58.0,50.15,0.0
77059140-e829-5d12-90bd-2d2ebd9c436c,2026-09-12T08:48:00,3.79,6.03,3343,2145,8.89,58.0,50.91,0.0
3a6c166d-37fa-5cda-adad-777eb4567f37,2026-09-12T08:50:00,4.89,4.57,3288,2116,6.4,61.81,51.3,0.0
f1a6081a-48e3-56db-936e-f49af9832cb1,2026-09-12T08:50:00,4.14,5.72,3177,1873,9.51,58.0,49.86,0.0
18b90679-ba14-5785-bca6-c3cc1e3ad587,2026-09-12T08:50:00,3.47,5.22,3351,2031,7.74,58.0,49.22,0.0
77059140-e829-5d12-90bd-2d2ebd9c436c,2026-09-12T08:50:00,3.81,5.03,3135,1832,9.49,58.0,49.1,0.0
3a6c166d-37fa-5cda-adad-777eb4567f37,2026-09-12T08:52:00,3.73,5.43,3223,2008,10.17,61.52,52.52,0.0
f1a6081a-48e3-56db-936e-f49af9832cb1,2026-09-12T08:52:00,4.17,5.58,3243,1991,9.58,58.0,46.8,0.0
18b90679-ba14-5785-bca6-c3cc1e3ad587,2026-09-12T08:52:00,3.83,5.73,3203,2011,7.35,58.0,57.14,0.0
77059140-e829-5d12-90bd-2d2ebd9c436c,2026-09-12T08:52:00,4.26,5.9,3468,1842,9.08,58.0,51.26,0.0
3a6c166d-37fa-5cda-adad-777eb4567f37,2026-09-12T08:54:00,3.62,5.34,3388,2133,11.03,61.54,51.96,0.0
f1a6081a-48e3-56db-936e-f49af9832cb1,2026-09-12T08:54:00,4.14,5.95,3315,1961,9.41,58.0,47.44,0.0
18b90679-ba14-5785-bca6-c3cc1e3ad587,2026-09-12T08:54:00,3.72,5.85,3248,2050,9.47,58.0,50.82,0.0
77059140-e829-5d12-90bd-2d2ebd9c436c,2026-09-12T08:54:00,4.41,5.0,3326,2083,11.63,58.0,46.92,0.0
3a6c166d-37fa-5cda-adad-777eb4567f37,2026-09-12T08:56:00,4.12,5.35,3226,1972,13.78,61.69,50.25,0.0
f1a6081a-48e3-56db-936e-f49af9832cb1,2026-09-12T08:56:00,3.63,5.89,3175,2099,8.62,58.0,49.43,0.0
18b90679-ba14-5785-bca6-c3cc1e3ad587,2026-09-12T08:56:00,4.71,5.38,3360,1973,7.3,58.0,51.22,0.0
77059140-e829-5d12-90bd-2d2ebd9c436c,2026-09-12T08:56:00,3.44,6.15,3433,2140,8.23,58.0,51.11,0.0
3a6c166d-37fa-5cda-adad-777eb4567f37,2026-09-12T08:58:00,3.6,6.38,3257,2079,9.6,61.66,51.56,0.0
f1a6081a-48e3-56db-936e-f49af9832cb1,2026-09-12T08:58:00,3.2,4.6,3213,1900,9.27,58.0,50.77,0.0
18b90679-ba14-5785-bca6-c3cc1e3ad587,2026-09-12T08:58:00,3.56,5.45,3006,2080,10.33,58.0,48.75,0.0
77059140-e829-5d12-90bd-2d2ebd9c436c,2026-09-12T08:58:00,4.02,5.26,3477,2190,7.2,58.0,49.42,0.0
3a6c166d-37fa-5cda-adad-777eb4567f37,2026-09-12T09:00:00,3.62,5.23,3122,2162,9.75,62.71,49.04,0.0
f1a6081a-48e3-56db-936e-f49af9832cb1,2026-09-12T09:00:00,3.83,5.37,3461,2181,6.73,58.0,47.02,0.0
18b90679-ba14-5785-bca6-c3cc1e3ad587,2026-09-12T09:00:00,4.02,5.67,3467,2037,8.04,58.0,50.03,0.0
77059140-e829-5d12-90bd-2d2ebd9c436c,2026-09-12T09:00:00,3.51,5.15,3218,1928,9.12,58.0,54.39,0.0
3a6c166d-37fa-5cda-adad-777eb4567f37,2026-09-12T09:02:00,4.25,6.14,3349,2039,12.48,62.37,48.4,0.0
f1a6081a-48e3-56db-936e-f49af9832cb1,2026-09-12T09:02:00,3.41,5.17,3184,2074,7.86,58.0,50.18,0.0
18b90679-ba14-5785-bca6-c3cc1e3ad587,2026-09-12T09:02:00,3.66,6.07,3365,2099,9.95,58.0,53.27,0.0
77059140-e829-5d12-90bd-2d2ebd9c436c,2026-09-12T09:02:00,3.56,5.4,3194,2126,9.01,58.0,51.74,0.0
3a6c166d-37fa-5cda-adad-777eb4567f37,2026-09-12T09:04:00,4.18,5.84,3296,2098,5.34,62.35,46.75,0.0
f1a6081a-48e3-56db-936e-f49af9832cb1,2026-09-12T09:04:00,3.93,5.34,3299,2008,9.87,58.0,51.43,0.0
18b90679-ba14-5785-bca6-c3cc1e3ad587,2026-09-12T09:04:00,3.6,5.94,3412,1995,5.35,58.0,52.3,0.0
77059140-e829-5d12-90bd-2d2ebd9c436c,2026-09-12T09:04:00,3.84,5.37,3238,1986,10.04,58.0,51.59,0.0
3a6c166d-37fa-5cda-adad-777eb4567f37,2026-09-12T09:06:00,3.92,5.33,3326,2020,8.21,62.37,51.1,0.0
f1a6081a-48e3-56db-936e-f49af9832cb1,2026-09-12T09:06:00,4.13,5.46,3316,2187,8.98,58.0,52.66,0.0
18b90679-ba14-5785-bca6-c3cc1e3ad587,2026-09-12T09:06:00,3.65,5.97,3356,2083,9.89,58.0,51.08,0.0
77059140-e829-5d12-90bd-2d2ebd9c436c,2026-09-12T09:06:00,3.88,5.52,3209,1981,8.18,58.0,50.1,0.0
3a6c166d-37fa-5cda-adad-777eb4567f37,2026-09-12T09:08:00,4.41,5.09,3363,2065,7.59,62.04,50.85,0.0
f1a6081a-48e3-56db-936e-f49af9832cb1,2026-09-12T09:08:00,3.73,5.33,3424,2030,7.39,58.0,49.86,0.0
18b90679-ba14-5785-bca6-c3cc1e3ad587,2026-09-12T09:08:00,4.02,5.5,3188,2092,10.81,58.0,50.84,0.0
77059140-e829-5d12-90bd-2d2ebd9c436c,2026-09-12T09:08:00,4.49,5.69,3101,2101,10.63,58.0,55.53,0.0
3a6c166d-37fa-5cda-adad-777eb4567f37,2026-09-12T09:10:00,4.31,5.92,3264,1933,8.17,61.75,48.85,0.0
f1a6081a-48e3-56db-936e-f49af9832cb1,2026-09-12T09:10:00,3.97,5.57,3353,2189,8.85,58.0,55.81,0.0
18b90679-ba14-5785-bca6-c3cc1e3ad587,2026-09-12T09:10:00,3.5,6.09,3216,2355,11.01,58.0,51.66,0.0
77059140-e829-5d12-90bd-2d2ebd9c436c,2026-09-12T09:10:00,4.1,4.85,3239,2071,7.22,58.0,51.93,0.0
3a6c166d-37fa-5cda-adad-777eb4567f37,2026-09-12T09:12:00,3.6,5.75,3339,2067,10.64,61.99,53.11,0.0
f1a6081a-48e3-56db-936e-f49af9832cb1,2026-09-12T09:12:00,3.82,5.17,3298,2055,11.5,58.0,49.32,0.0
18b90679-ba14-5785-bca6-c3cc1e3ad587,2026-09-12T09:12:00,4.56,5.72,3540,2117,6.59,58.0,47.64,0.0
77059140-e829-5d12-90bd-2d2ebd9c436c,2026-09-12T09:12:00,3.68,5.18,3512,2127,17.33,58.0,47.89,0.0
3a6c166d-37fa-5cda-adad-777eb4567f37,2026-09-12T09:14:00,3.67,6.44,3407,2027,7.01,61.76,52.12,0.0
f1a6081a-48e3-56db-936e-f49af9832cb1,2026-09-12T09:14:00,4.15,6.07,3448,2132,9.49,58.0,53.16,0.0
18b90679-ba14-5785-bca6-c3cc1e3ad587,2026-09-12T09:14:00,3.83,5.15,3378,2213,6.26,58.0,51.95,0.0
77059140-e829-5d12-90bd-2d2ebd9c436c,2026-09-12T09:14:00,4.13,5.73,3412,2206,13.28,58.0,44.99,0.0
3a6c166d-37fa-5cda-adad-777eb4567f37,2026-09-12T09:16:00,3.22,5.38,3396,2188,6.35,62.39,53.76,0.0
f1a6081a-48e3-56db-936e-f49af9832cb1,2026-09-12T09:16:00,4.0,5.01,3384,2180,8.15,58.0,51.45,0.0
18b90679-ba14-5785-bca6-c3cc1e3ad587,2026-09-12T09:16:00,4.0,4.87,3344,2011,6.67,58.0,50.75,0.0
77059140-e829-5d12-90bd-2d2ebd9c436c,2026-09-12T09:16:00,3.68,6.13,3323,2104,9.03,58.0,54.71,0.0
3a6c166d-37fa-5cda-adad-777eb4567f37,2026-09-12T09:18:00,3.87,6.26,3339,2236,10.14,61.84,51.12,0.0
f1a6081a-48e3-56db-936e-f49af9832cb1,2026-09-12T09:18:00,3.55,5.9,3333,2158,11.06,58.0,49.52,0.0
18b90679-ba14-5785-bca6-c3cc1e3ad587,2026-09-12T09:18:00,4.37,5.17,3448,2078,7.38,58.0,52.05,0.0
77059140-e829-5d12-90bd-2d2ebd9c436c,2026-09-12T09:18:00,3.9,5.47,3384,2227,11.7,58.0,52.68,0.0
3a6c166d-37fa-5cda-adad-777eb4567f37,2026-09-12T09:20:00,3.67,6.01,3438,2111,9.7,62.58,54.25,0.0
f1a6081a-48e3-56db-936e-f49af9832cb1,2026-09-12T09:20:00,3.5,5.03,3450,2229,7.84,58.0,51.57,0.0
18b90679-ba14-5785-bca6-c3cc1e3ad587,2026-09-12T09:20:00,4.23,5.6,3487,2290,9.79,58.0,47.87,0.0
77059140-e829-5d12-90bd-2d2ebd9c436c,2026-09-12T09:20:00,3.83,5.14,3391,2129,8.27,58.0,51.53,0.0
3a6c166d-37fa-5cda-adad-777eb4567f37,2026-09-12T09:22:00,3.77,6.01,3102,2186,10.38,62.69,52.72,0.0
f1a6081a-48e3-56db-936e-f49af9832cb1,2026-09-12T09:22:00,4.06,5.49,3361,2104,11.17,58.0,49.96,0.0
18b90679-ba14-5785-bca6-c3cc1e3ad587,2026-09-12T09:22:00,3.75,4.96,3526,2007,11.55,58.0,49.71,0.0
77059140-e829-5d12-90bd-2d2ebd9c436c,2026-09-12T09:22:00,4.25,5.26,3230,1995,7.05,58.0,48.66,0.0
3a6c166d-37fa-5cda-adad-777eb4567f37,2026-09-12T09:24:00,4.0,6.0,3515,2067,6.09,62.45,51.56,0.0
f1a6081a-48e3-56db-936e-f49af9832cb1,2026-09-12T09:24:00,4.15,5.74,3462,2115,11.55,58.0,48.87,0.0
18b90679-ba14-5785-bca6-c3cc1e3ad587,2026-09-12T09:24:00,3.61,5.35,3242,2309,8.89,58.0,54.37,0.0
77059140-e829-5d12-90bd-2d2ebd9c436c,2026-09-12T09:24:00,3.27,5.43,3251,2060,8.17,58.0,45.21,0.0
3a6c166d-37fa-5cda-adad-777eb4567f37,2026-09-12T09:26:00,3.7,4.71,3313,2327,11.08,62.21,54.77,0.0
f1a6081a-48e3-56db-936e-f49af9832cb1,2026-09-12T09:26:00,3.7,6.02,3142,2280,10.54,58.0,48.25,0.0
18b90679-ba14-5785-bca6-c3cc1e3ad587,2026-09-12T09:26:00,4.27,5.16,3392,2158,7.46,58.0,49.53,0.0
77059140-e829-5d12-90bd-2d2ebd9c436c,2026-09-12T09:26:00,3.84,6.48,3336,2044,7.58,58.0,52.08,0.0
3a6c166d-37fa-5cda-adad-777eb4567f37,2026-09-12T09:28:00,4.02,5.76,3496,2135,10.78,62.86,53.15,0.0
f1a6081a-48e3-56db-936e-f49af9832cb1,2026-09-12T09:28:00,3.63,6.08,3350,2025,9.0,58.0,55.92,0.0
18b90679-ba14-5785-bca6-c3cc1e3ad587,2026-09-12T09:28:00,3.73,5.4,3407,2066,13.53,58.0,50.0,0.0
77059140-e829-5d12-90bd-2d2ebd9c436c,2026-09-12T09:28:00,4.21,5.74,3235,2098,9.53,58.0,50.08,0.0
3a6c166d-37fa-5cda-adad-777eb4567f37,2026-09-12T09:30:00,4.11,5.51,3308,2093,5.81,62.21,52.21,0.0
f1a6081a-48e3-56db-936e-f49af9832cb1,2026-09-12T09:30:00,3.59,5.69,3534,2143,11.41,58.0,48.28,0.0
18b90679-ba14-5785-bca6-c3cc1e3ad587,2026-09-12T09:30:00,4.04,5.92,3332,2288,10.71,58.0,51.5,0.0
77059140-e829-5d12-90bd-2d2ebd9c436c,2026-09-12T09:30:00,3.27,5.52,3540,2077,7.83,58.0,51.38,0.0
3a6c166d-37fa-5cda-adad-777eb4567f37,2026-09-12T09:32:00,3.71,6.4,3190,1916,8.12,62.39,52.29,0.0
f1a6081a-48e3-56db-936e-f49af9832cb1,2026-09-12T09:32:00,3.15,4.7,3638,2239,9.39,58.0,50.57,0.0
18b90679-ba14-5785-bca6-c3cc1e3ad587,2026-09-12T09:32:00,4.1,5.8,3538,2221,8.48,58.0,49.21,0.0
77059140-e829-5d12-90bd-2d2ebd9c436c,2026-09-12T09:32:00,4.44,5.5,3698,2128,8.77,58.0,49.52,0.0
3a6c166d-37fa-5cda-adad-777eb4567f37,2026-09-12T09:34:00,3.98,5.81,3628,2170,12.21,62.08,54.3,0.0
f1a6081a-48e3-56db-936e-f49af9832cb1,2026-09-12T09:34:00,3.85,5.8,3353,2246,6.1,58.0,53.49,0.0
18b90679-ba14-5785-bca6-c3cc1e3ad587,2026-09-12T09:34:00,3.42,6.52,3492,2306,8.82,58.0,50.73,0.0
77059140-e829-5d12-90bd-2d2ebd9c436c,2026-09-12T09:34:00,3.84,6.18,3449,1976,8.37,58.0,49.17,0.0
3a6c166d-37fa-5cda-adad-777eb4567f37,2026-09-12T09:36:00,3.72,6.1,3469,2093,9.03,62.37,55.06,0.0
f1a6081a-48e3-56db-936e-f49af9832cb1,2026-09-12T09:36:00,4.29,6.05,3528,2080,7.04,58.0,51.33,0.0
18b90679-ba14-5785-bca6-c3cc1e3ad587,2026-09-12T09:36:00,4.28,5.67,3580,2307,9.75,58.0,51.67,0.0
77059140-e829-5d12-90bd-2d2ebd9c436c,2026-09-12T09:36:00,4.51,5.7,3615,2174,9.06,58.0,51.17,0.0
3a6c166d-37fa-5cda-adad-777eb4567f37,2026-09-12T09:38:00,3.97,5.48,3560,2131,5.37,62.38,56.12,0.0
f1a6081a-48e3-56db-936e-f49af9832cb1,2026-09-12T09:38:00,4.64,5.05,3511,2205,10.34,58.0,52.22,0.0
18b90679-ba14-5785-bca6-c3cc1e3ad587,2026-09-12T09:38:00,4.58,5.37,3527,2205,10.75,58.0,53.37,0.0
77059140-e829-5d12-90bd-2d2ebd9c436c,2026-09-12T09:38:00,3.66,5.55,3354,2038,7.31,58.0,56.31,0.0
3a6c166d-37fa-5cda-adad-777eb4567f37,2026-09-12T09:40:00,3.74,5.31,3585,2188,11.04,62.44,51.01,0.0
f1a6081a-48e3-56db-936e-f49af9832cb1,2026-09-12T09:40:00,3.61,5.09,3336,2466,7.4,58.0,54.28,0.0
18b90679-ba14-5785-bca6-c3cc1e3ad587,2026-09-12T09:40:00,3.64,5.17,3278,2314,9.19,58.0,60.05,0.0
77059140-e829-5d12-90bd-2d2ebd9c436c,2026-09-12T09:40:00,4.1,5.81,3489,2133,8.0,58.0,55.81,0.0
3a6c166d-37fa-5cda-adad-777eb4567f37,2026-09-12T09:42:00,4.09,6.21,3685,2359,10.7,62.57,49.24,0.0
f1a6081a-48e3-56db-936e-f49af9832cb1,2026-09-12T09:42:00,3.81,5.2,3707,2133,10.79,58.0,49.24,0.0
18b90679-ba14-5785-bca6-c3cc1e3ad587,2026-09-12T09:42:00,4.14,4.99,3473,2158,10.67,58.0,52.71,0.0
77059140-e829-5d12-90bd-2d2ebd9c436c,2026-09-12T09:42:00,3.96,5.12,3492,2176,5.79,58.0,48.4,0.0
3a6c166d-37fa-5cda-adad-777eb4567f37,2026-09-12T09:44:00,4.0,5.24,3498,2352,10.82,62.64,52.24,0.0
f1a6081a-48e3-56db-936e-f49af9832cb1,2026-09-12T09:44:00,3.18,6.24,3502,2167,7.67,58.0,52.25,0.0
18b90679-ba14-5785-bca6-c3cc1e3ad587,2026-09-12T09:44:00,4.06,5.63,3627,2302,10.96,58.0,51.48,0.0
77059140-e829-5d12-90bd-2d2ebd9c436c,2026-09-12T09:44:00,4.34,6.46,3419,2275,9.81,58.0,49.86,0.0
3a6c166d-37fa-5cda-adad-777eb4567f37,2026-09-12T09:46:00,4.19,6.3,3671,2178,7.68,62.38,49.98,0.0
f1a6081a-48e3-56db-936e-f49af9832cb1,2026-09-12T09:46:00,4.76,4.98,3499,2128,10.38,58.0,48.59,0.0
18b90679-ba14-5785-bca6-c3cc1e3ad587,2026-09-12T09:46:00,4.27,5.6,3753,2220,9.51,58.0,52.34,0.0
77059140-e829-5d12-90bd-2d2ebd9c436c,2026-09-12T09:46:00,4.36,6.04,3579,2208,7.51,58.0,51.48,0.0
3a6c166d-37fa-5cda-adad-777eb4567f37,2026-09-12T09:48:00,3.76,6.2,3623,2241,8.23,62.3,54.96,0.0
f1a6081a-48e3-56db-936e-f49af9832cb1,2026-09-12T09:48:00,3.24,5.38,3718,2150,7.14,58.0,49.83,0.0
18b90679-ba14-5785-bca6-c3cc1e3ad587,2026-09-12T09:48:00,3.42,5.17,3689,2103,9.34,58.0,57.28,0.0
77059140-e829-5d12-90bd-2d2ebd9c436c,2026-09-12T09:48:00,3.96,5.28,3733,2279,10.7,58.0,52.03,0.0
3a6c166d-37fa-5cda-adad-777eb4567f37,2026-09-12T09:50:00,3.17,6.23,3570,2165,11.16,62.67,50.42,0.0
f1a6081a-48e3-56db-936e-f49af9832cb1,2026-09-12T09:50:00,4.24,6.17,3418,2034,9.91,58.0,51.86,0.0
18b90679-ba14-5785-bca6-c3cc1e3ad587,2026-09-12T09:50:00,3.78,5.92,3555,2181,8.82,58.0,53.16,0.0
77059140-e829-5d12-90bd-2d2ebd9c436c,2026-09-12T09:50:00,3.84,5.26,3636,2186,12.56,58.0,52.95,0.0
3a6c166d-37fa-5cda-adad-777eb4567f37,2026-09-12T09:52:00,4.07,5.13,3473,2095,8.54,62.72,51.54,0.0
f1a6081a-48e3-56db-936e-f49af9832cb1,2026-09-12T09:52:00,3.99,5.9,3295,2196,10.81,58.0,47.81,0.0
18b90679-ba14-5785-bca6-c3cc1e3ad587,2026-09-12T09:52:00,3.95,6.25,3648,2263,11.11,58.0,50.91,0.0
77059140-e829-5d12-90bd-2d2ebd9c436c,2026-09-12T09:52:00,4.16,6.05,3543,2236,11.0,58.0,51.54,0.0
3a6c166d-37fa-5cda-adad-777eb4567f37,2026-09-12T09:54:00,4.24,5.78,3570,2249,6.94,62.24,51.35,0.0
f1a6081a-48e3-56db-936e-f49af9832cb1,2026-09-12T09:54:00,4.2,5.67,3433,2091,7.85,58.0,48.63,0.0
18b90679-ba14-5785-bca6-c3cc1e3ad587,2026-09-12T09:54:00,4.29,6.6,3531,2149,6.82,58.0,52.59,0.0
77059140-e829-5d12-90bd-2d2ebd9c436c,2026-09-12T09:54:00,3.86,5.26,3508,2334,7.26,58.0,55.57,0.0
3a6c166d-37fa-5cda-adad-777eb4567f37,2026-09-12T09:56:00,3.71,5.5,3846,2222,7.33,62.51,47.04,0.0
f1a6081a-48e3-56db-936e-f49af9832cb1,2026-09-12T09:56:00,3.73,5.35,3544,2147,8.03,58.0,52.27,0.0
18b90679-ba14-5785-bca6-c3cc1e3ad587,2026-09-12T09:56:00,3.76,5.85,3597,2295,10.08,58.0,50.53,0.0
77059140-e829-5d12-90bd-2d2ebd9c436c,2026-09-12T09:56:00,3.28,5.24,3642,2339,12.14,58.0,53.08,0.0
3a6c166d-37fa-5cda-adad-777eb4567f37,2026-09-12T09:58:00,4.22,5.39,3506,2323,10.56,62.73,51.0,0.0
f1a6081a-48e3-56db-936e-f49af9832cb1,2026-09-12T09:58:00,4.14,4.86,3524,2310,4.77,58.0,53.38,0.0
18b90679-ba14-5785-bca6-c3cc1e3ad587,2026-09-12T09:58:00,3.58,5.58,3689,2251,8.24,58.0,55.47,0.0
77059140-e829-5d12-90bd-2d2ebd9c436c,2026-09-12T09:58:00,3.75,5.67,3794,2380,10.59,58.0,53.7,0.0
3a6c166d-37fa-5cda-adad-777eb4567f37,2026-09-12T10:00:00,4.02,5.58,3613,2298,9.38,62.87,56.58,0.0
f1a6081a-48e3-56db-936e-f49af9832cb1,2026-09-12T10:00:00,4.1,6.02,3552,2184,8.02,58.0,50.36,0.0
18b90679-ba14-5785-bca6-c3cc1e3ad587,2026-09-12T10:00:00,4.2,6.38,3632,2131,10.6,58.0,55.83,0.0
77059140-e829-5d12-90bd-2d2ebd9c436c,2026-09-12T10:00:00,4.28,6.09,3537,2302,12.08,58.0,50.18,0.0
3a6c166d-37fa-5cda-adad-777eb4567f37,2026-09-12T10:02:00,3.58,5.01,3633,2278,9.21,62.98,53.64,0.0
f1a6081a-48e3-56db-936e-f49af9832cb1,2026-09-12T10:02:00,4.21,6.92,3456,2271,10.57,58.0,54.5,0.0
18b90679-ba14-5785-bca6-c3cc1e3ad587,2026-09-12T10:02:00,4.24,5.78,3580,2390,12.23,58.0,56.42,0.0
77059140-e829-5d12-90bd-2d2ebd9c436c,2026-09-12T10:02:00,3.45,4.95,3775,2222,9.7,58.0,52.59,0.0
3a6c166d-37fa-5cda-adad-777eb4567f37,2026-09-12T10:04:00,3.65,5.66,3855,2290,9.59,63.02,51.73,0.0
f1a6081a-48e3-56db-936e-f49af9832cb1,2026-09-12T10:04:00,4.65,6.34,3820,2198,12.0,58.0,51.74,0.0
18b90679-ba14-5785-bca6-c3cc1e3ad587,2026-09-12T10:04:00,3.94,5.66,3586,2348,10.55,58.0,51.02,0.0
77059140-e829-5d12-90bd-2d2ebd9c436c,2026-09-12T10:04:00,3.9,6.06,3645,2265,12.45,58.0,52.01,0.0
3a6c166d-37fa-5cda-adad-777eb4567f37,2026-09-12T10:06:00,4.1,5.96,3813,2332,7.18,62.71,51.91,0.0
f1a6081a-48e3-56db-936e-f49af9832cb1,2026-09-12T10:06:00,3.44,6.98,3806,2093,12.52,58.0,57.79,0.0
18b90679-ba14-5785-bca6-c3cc1e3ad587,2026-09-12T10:06:00,3.76,6.35,3787,2318,10.11,58.0,52.45,0.0
77059140-e829-5d12-90bd-2d2ebd9c436c,2026-09-12T10:06:00,3.16,5.15,3710,2104,9.7,58.0,54.41,0.0
3a6c166d-37fa-5cda-adad-777eb4567f37,2026-09-12T10:08:00,3.95,5.6,3726,2320,10.24,62.94,48.67,0.0
f1a6081a-48e3-56db-936e-f49af9832cb1,2026-09-12T10:08:00,3.57,8.15,3340,1998,16.06,58.0,61.73,0.0
18b90679-ba14-5785-bca6-c3cc1e3ad587,2026-09-12T10:08:00,3.66,5.31,3633,2196,10.34,58.0,55.24,0.0
77059140-e829-5d12-90bd-2d2ebd9c436c,2026-09-12T10:08:00,4.18,5.65,3636,2306,7.3,58.0,58.27,0.0
3a6c166d-37fa-5cda-adad-777eb4567f37,2026-09-12T10:10:00,3.1,5.64,3425,2185,7.35,63.37,48.37,0.0
f1a6081a-48e3-56db-936e-f49af9832cb1,2026-09-12T10:10:00,4.73,9.47,3802,2085,16.9,58.0,61.61,0.0
18b90679-ba14-5785-bca6-c3cc1e3ad587,2026-09-12T10:10:00,4.42,5.92,3622,2284,8.17,58.0,52.63,0.0
77059140-e829-5d12-90bd-2d2ebd9c436c,2026-09-12T10:10:00,3.89,6.03,3686,2169,11.3,58.0,50.62,0.0
3a6c166d-37fa-5cda-adad-777eb4567f37,2026-09-12T10:12:00,4.08,5.7,3645,2354,9.83,62.84,50.63,0.0
f1a6081a-48e3-56db-936e-f49af9832cb1,2026-09-12T10:12:00,3.83,9.86,3502,2038,20.83,58.0,63.12,0.0
18b90679-ba14-5785-bca6-c3cc1e3ad587,2026-09-12T10:12:00,3.18,5.73,3566,2312,10.35,58.0,51.76,0.0
77059140-e829-5d12-90bd-2d2ebd9c436c,2026-09-12T10:12:00,3.87,6.44,3798,2280,12.3,58.0,56.21,0.0
3a6c166d-37fa-5cda-adad-777eb4567f37,2026-09-12T10:14:00,4.19,5.04,3747,2248,9.24,62.54,56.48,0.0
f1a6081a-48e3-56db-936e-f49af9832cb1,2026-09-12T10:14:00,4.06,9.6,3908,1967,22.04,58.0,61.43,0.0
18b90679-ba14-5785-bca6-c3cc1e3ad587,2026-09-12T10:14:00,3.99,5.12,3747,2303,9.85,58.0,48.04,0.0
77059140-e829-5d12-90bd-2d2ebd9c436c,2026-09-12T10:14:00,3.74,6.25,3596,2247,9.51,58.0,52.52,0.0
3a6c166d-37fa-5cda-adad-777eb4567f37,2026-09-12T10:16:00,4.45,5.25,3607,2313,10.27,63.13,57.53,0.0
f1a6081a-48e3-56db-936e-f49af9832cb1,2026-09-12T10:16:00,3.92,10.7,3672,2067,24.08,58.0,62.71,0.0
18b90679-ba14-5785-bca6-c3cc1e3ad587,2026-09-12T10:16:00,3.88,5.48,3746,2360,9.1,58.0,56.34,0.0
77059140-e829-5d12-90bd-2d2ebd9c436c,2026-09-12T10:16:00,4.14,6.22,3646,2370,9.05,58.0,52.02,0.0
3a6c166d-37fa-5cda-adad-777eb4567f37,2026-09-12T10:18:00,4.32,6.24,3770,2506,12.6,62.84,51.27,0.0
f1a6081a-48e3-56db-936e-f49af9832cb1,2026-09-12T10:18:00,4.04,11.23,3658,1916,23.84,58.0,68.16,0.0
18b90679-ba14-5785-bca6-c3cc1e3ad587,2026-09-12T10:18:00,4.04,6.2,3505,2211,9.54,58.0,52.74,0.0
77059140-e829-5d12-90bd-2d2ebd9c436c,2026-09-12T10:18:00,4.04,6.11,3693,2432,10.28,58.0,47.74,0.0
3a6c166d-37fa-5cda-adad-777eb4567f37,2026-09-12T10:20:00,4.04,6.17,3607,2482,12.31,63.38,48.58,0.0
f1a6081a-48e3-56db-936e-f49af9832cb1,2026-09-12T10:20:00,4.43,12.17,3586,1985,26.91,58.0,68.77,0.0
18b90679-ba14-5785-bca6-c3cc1e3ad587,2026-09-12T10:20:00,3.98,6.33,3581,2375,8.55,58.0,48.06,0.0
77059140-e829-5d12-90bd-2d2ebd9c436c,2026-09-12T10:20:00,4.01,6.76,3576,2413,9.13,58.0,49.51,0.0
3a6c166d-37fa-5cda-adad-777eb4567f37,2026-09-12T10:22:00,4.15,5.6,3663,2290,10.32,63.18,52.65,0.0
f1a6081a-48e3-56db-936e-f49af9832cb1,2026-09-12T10:22:00,3.9,12.64,3390,1922,28.41,58.0,66.77,0.0
18b90679-ba14-5785-bca6-c3cc1e3ad587,2026-09-12T10:22:00,3.91,5.41,3672,2378,9.34,58.0,55.45,0.0
77059140-e829-5d12-90bd-2d2ebd9c436c,2026-09-12T10:22:00,3.76,6.46,3498,2367,6.76,58.0,55.73,0.0
3a6c166d-37fa-5cda-adad-777eb4567f37,2026-09-12T10:24:00,4.19,5.58,3679,2218,9.32,62.93,50.53,0.0
f1a6081a-48e3-56db-936e-f49af9832cb1,2026-09-12T10:24:00,4.41,12.42,3646,1882,32.33,58.0,67.26,0.0
18b90679-ba14-5785-bca6-c3cc1e3ad587,2026-09-12T10:24:00,3.54,5.44,3819,2160,10.08,58.0,51.52,0.0
77059140-e829-5d12-90bd-2d2ebd9c436c,2026-09-12T10:24:00,3.73,6.3,3437,2376,7.29,58.0,49.15,0.0
3a6c166d-37fa-5cda-adad-777eb4567f37,2026-09-12T10:26:00,3.68,5.65,3623,2243,12.29,62.67,51.27,0.0
f1a6081a-48e3-56db-936e-f49af9832cb1,2026-09-12T10:26:00,4.88,14.23,3627,1689,35.3,58.0,69.32,0.0
18b90679-ba14-5785-bca6-c3cc1e3ad587,2026-09-12T10:26:00,3.87,6.28,3541,2197,8.65,58.0,52.82,0.0
77059140-e829-5d12-90bd-2d2ebd9c436c,2026-09-12T10:26:00,3.7,5.9,3834,2275,9.73,58.0,55.24,0.0
3a6c166d-37fa-5cda-adad-777eb4567f37,2026-09-12T10:28:00,4.52,5.7,3612,2316,8.19,63.65,48.28,0.0
f1a6081a-48e3-56db-936e-f49af9832cb1,2026-09-12T10:28:00,4.35,13.55,3694,1805,35.46,58.0,71.55,0.0
18b90679-ba14-5785-bca6-c3cc1e3ad587,2026-09-12T10:28:00,4.14,6.49,3663,2323,8.62,58.0,53.29,0.0
77059140-e829-5d12-90bd-2d2ebd9c436c,2026-09-12T10:28:00,4.18,4.99,3565,2182,8.71,58.0,54.9,0.0
3a6c166d-37fa-5cda-adad-777eb4567f37,2026-09-12T10:30:00,4.12,5.73,3788,2312,11.5,62.93,57.24,0.0
f1a6081a-48e3-56db-936e-f49af9832cb1,2026-09-12T10:30:00,3.42,14.35,3611,1755,37.58,58.0,72.69,0.0
18b90679-ba14-5785-bca6-c3cc1e3ad587,2026-09-12T10:30:00,4.35,5.19,3868,2275,10.93,58.0,53.36,0.0
77059140-e829-5d12-90bd-2d2ebd9c436c,2026-09-12T10:30:00,4.28,6.06,3501,2298,10.39,58.0,55.3,0.0
3a6c166d-37fa-5cda-adad-777eb4567f37,2026-09-12T10:32:00,4.78,5.45,3735,2401,9.99,62.85,51.6,0.0
f1a6081a-48e3-56db-936e-f49af9832cb1,2026-09-12T10:32:00,3.94,14.95,3815,1720,39.54,58.0,77.94,0.0
18b90679-ba14-5785-bca6-c3cc1e3ad587,2026-09-12T10:32:00,4.87,6.06,3762,2330,11.7,58.0,56.12,0.0
77059140-e829-5d12-90bd-2d2ebd9c436c,2026-09-12T10:32:00,3.84,6.08,3656,2297,9.02,58.0,52.43,0.0
3a6c166d-37fa-5cda-adad-777eb4567f37,2026-09-12T10:34:00,3.89,5.65,3790,2261,7.28,63.06,52.08,0.0
f1a6081a-48e3-56db-936e-f49af9832cb1,2026-09-12T10:34:00,3.71,16.2,3793,1638,41.46,58.0,74.87,0.0
18b90679-ba14-5785-bca6-c3cc1e3ad587,2026-09-12T10:34:00,3.86,5.34,3545,2435,9.8,58.0,54.92,0.0
77059140-e829-5d12-90bd-2d2ebd9c436c,2026-09-12T10:34:00,4.29,6.28,3693,2331,8.29,58.0,46.37,0.0
3a6c166d-37fa-5cda-adad-777eb4567f37,2026-09-12T10:36:00,4.21,5.69,3726,2362,10.86,63.0,51.59,0.0
f1a6081a-48e3-56db-936e-f49af9832cb1,2026-09-12T10:36:00,3.77,15.84,3648,1558,41.82,58.0,77.38,0.0
18b90679-ba14-5785-bca6-c3cc1e3ad587,2026-09-12T10:36:00,4.1,6.41,3837,2497,10.03,58.0,55.43,0.0
77059140-e829-5d12-90bd-2d2ebd9c436c,2026-09-12T10:36:00,4.0,5.31,3993,2383,13.03,58.0,57.63,0.0
3a6c166d-37fa-5cda-adad-777eb4567f37,2026-09-12T10:38:00,4.11,5.47,3749,2368,11.29,63.09,56.19,0.0
f1a6081a-48e3-56db-936e-f49af9832cb1,2026-09-12T10:38:00,4.49,17.09,3478,1639,48.37,58.0,77.72,0.0
18b90679-ba14-5785-bca6-c3cc1e3ad587,2026-09-12T10:38:00,4.62,5.76,3808,2295,9.18,58.0,56.46,0.0
77059140-e829-5d12-90bd-2d2ebd9c436c,2026-09-12T10:38:00,4.34,6.34,3765,2305,12.1,58.0,51.66,0.0
3a6c166d-37fa-5cda-adad-777eb4567f37,2026-09-12T10:40:00,3.43,5.49,3917,2445,12.0,63.07,49.35,0.0
f1a6081a-48e3-56db-936e-f49af9832cb1,2026-09-12T10:40:00,4.42,17.41,3637,1451,48.25,58.0,77.9,0.0
18b90679-ba14-5785-bca6-c3cc1e3ad587,2026-09-12T10:40:00,3.95,5.9,3874,2459,10.5,58.0,49.17,0.0
77059140-e829-5d12-90bd-2d2ebd9c436c,2026-09-12T10:40:00,3.85,5.59,3786,2529,11.88,58.0,55.11,0.0
3a6c166d-37fa-5cda-adad-777eb4567f37,2026-09-12T10:42:00,3.93,6.14,4018,2186,11.77,63.29,57.79,0.0
f1a6081a-48e3-56db-936e-f49af9832cb1,2026-09-12T10:42:00,4.32,18.25,3649,1552,49.8,58.0,80.81,0.0
18b90679-ba14-5785-bca6-c3cc1e3ad587,2026-09-12T10:42:00,4.18,5.89,3874,2375,9.3,58.0,56.27,0.0
77059140-e829-5d12-90bd-2d2ebd9c436c,2026-09-12T10:42:00,3.84,5.84,3851,2349,11.14,58.0,55.71,0.0
3a6c166d-37fa-5cda-adad-777eb4567f37,2026-09-12T10:44:00,4.18,6.04,3827,2253,7.62,63.62,55.43,0.0
f1a6081a-48e3-56db-936e-f49af9832cb1,2026-09-12T10:44:00,3.87,18.62,3723,1512,50.0,58.0,85.48,0.0
18b90679-ba14-5785-bca6-c3cc1e3ad587,2026-09-12T10:44:00,3.87,5.93,3737,2316,11.79,58.0,54.42,0.0
77059140-e829-5d12-90bd-2d2ebd9c436c,2026-09-12T10:44:00,3.9,6.48,3848,2521,12.5,58.0,52.7,0.0
3a6c166d-37fa-5cda-adad-777eb4567f37,2026-09-12T10:46:00,4.15,6.0,3731,2542,5.77,63.0,50.42,0.0
f1a6081a-48e3-56db-936e-f49af9832cb1,2026-09-12T10:46:00,4.66,18.96,3532,1369,51.78,58.0,81.64,0.0
18b90679-ba14-5785-bca6-c3cc1e3ad587,2026-09-12T10:46:00,3.77,6.44,3747,2495,10.44,58.0,53.82,0.0
77059140-e829-5d12-90bd-2d2ebd9c436c,2026-09-12T10:46:00,4.42,4.99,3829,2474,10.43,58.0,55.82,0.0
3a6c166d-37fa-5cda-adad-777eb4567f37,2026-09-12T10:48:00,4.0,5.9,3829,2411,8.77,63.49,52.48,0.0
f1a6081a-48e3-56db-936e-f49af9832cb1,2026-09-12T10:48:00,3.97,19.44,3680,1415,53.06,58.0,90.06,0.0
18b90679-ba14-5785-bca6-c3cc1e3ad587,2026-09-12T10:48:00,3.88,5.74,3847,2414,11.48,58.0,54.54,0.0
77059140-e829-5d12-90bd-2d2ebd9c436c,2026-09-12T10:48:00,4.21,5.73,3812,2361,12.36,58.0,54.94,0.0
3a6c166d-37fa-5cda-adad-777eb4567f37,2026-09-12T10:50:00,4.23,6.31,3648,2228,10.99,63.61,57.0,0.0
f1a6081a-48e3-56db-936e-f49af9832cb1,2026-09-12T10:50:00,4.1,19.94,3704,1388,55.65,58.0,89.11,0.0
18b90679-ba14-5785-bca6-c3cc1e3ad587,2026-09-12T10:50:00,4.18,6.23,3797,2384,9.96,58.0,49.68,0.0
77059140-e829-5d12-90bd-2d2ebd9c436c,2026-09-12T10:50:00,4.34,5.28,4196,2378,8.74,58.0,54.51,0.0
3a6c166d-37fa-5cda-adad-777eb4567f37,2026-09-12T10:52:00,4.15,5.52,3903,2485,9.97,63.62,54.04,0.0
f1a6081a-48e3-56db-936e-f49af9832cb1,2026-09-12T10:52:00,4.44,21.52,3834,1343,58.61,58.0,84.16,0.0
18b90679-ba14-5785-bca6-c3cc1e3ad587,2026-09-12T10:52:00,4.2,6.25,3673,2362,13.76,58.0,55.23,0.0
77059140-e829-5d12-90bd-2d2ebd9c436c,2026-09-12T10:52:00,4.21,5.72,3841,2339,13.12,58.0,52.3,0.0
3a6c166d-37fa-5cda-adad-777eb4567f37,2026-09-12T10:54:00,4.03,6.01,3773,2302,14.13,63.52,48.13,0.0
f1a6081a-48e3-56db-936e-f49af9832cb1,2026-09-12T10:54:00,4.44,21.14,3785,1313,61.12,58.0,90.7,0.0
18b90679-ba14-5785-bca6-c3cc1e3ad587,2026-09-12T10:54:00,4.08,5.89,3960,2385,10.05,58.0,51.76,0.0
77059140-e829-5d12-90bd-2d2ebd9c436c,2026-09-12T10:54:00,4.16,6.48,3906,2292,9.38,58.0,50.95,0.0
3a6c166d-37fa-5cda-adad-777eb4567f37,2026-09-12T10:56:00,3.57,6.46,3725,2356,11.52,63.26,53.59,0.0
f1a6081a-48e3-56db-936e-f49af9832cb1,2026-09-12T10:56:00,3.71,21.74,3636,1161,58.47,58.0,92.56,0.0
18b90679-ba14-5785-bca6-c3cc1e3ad587,2026-09-12T10:56:00,4.2,5.74,3895,2342,7.85,58.0,54.79,0.0
77059140-e829-5d12-90bd-2d2ebd9c436c,2026-09-12T10:56:00,4.3,5.83,3619,2489,12.28,58.0,55.62,0.0
3a6c166d-37fa-5cda-adad-777eb4567f37,2026-09-12T10:58:00,3.95,6.39,3744,2416,12.53,63.17,52.44,0.0
f1a6081a-48e3-56db-936e-f49af9832cb1,2026-09-12T10:58:00,3.69,22.55,3514,1242,60.49,58.0,91.86,0.0
18b90679-ba14-5785-bca6-c3cc1e3ad587,2026-09-12T10:58:00,4.2,6.6,3957,2506,11.67,58.0,55.92,0.0
77059140-e829-5d12-90bd-2d2ebd9c436c,2026-09-12T10:58:00,4.22,5.65,3776,2399,10.81,58.0,50.48,0.0
3a6c166d-37fa-5cda-adad-777eb4567f37,2026-09-12T11:00:00,3.91,6.75,3825,2386,14.32,63.11,54.44,0.0
f1a6081a-48e3-56db-936e-f49af9832cb1,2026-09-12T11:00:00,3.36,23.46,3764,1094,64.86,58.0,93.42,0.0
18b90679-ba14-5785-bca6-c3cc1e3ad587,2026-09-12T11:00:00,4.54,6.04,3736,2362,12.33,58.0,53.64,0.0
77059140-e829-5d12-90bd-2d2ebd9c436c,2026-09-12T11:00:00,4.51,5.27,3725,2385,10.02,58.0,52.62,0.0
3a6c166d-37fa-5cda-adad-777eb4567f37,2026-09-12T11:02:00,4.05,6.31,3855,2366,11.21,63.81,50.83,0.0
f1a6081a-48e3-56db-936e-f49af9832cb1,2026-09-12T11:02:00,4.29,22.21,3902,1142,65.49,58.0,97.93,0.0
18b90679-ba14-5785-bca6-c3cc1e3ad587,2026-09-12T11:02:00,4.12,6.25,3688,2285,8.49,58.0,54.2,0.0
77059140-e829-5d12-90bd-2d2ebd9c436c,2026-09-12T11:02:00,4.08,6.69,4094,2483,10.3,58.0,52.98,0.0
3a6c166d-37fa-5cda-adad-777eb4567f37,2026-09-12T11:04:00,4.44,5.78,3746,2245,10.81,63.55,50.38,0.0
f1a6081a-48e3-56db-936e-f49af9832cb1,2026-09-12T11:04:00,4.66,23.22,3793,1210,63.45,58.0,92.45,0.0
18b90679-ba14-5785-bca6-c3cc1e3ad587,2026-09-12T11:04:00,4.43,6.33,3761,2299,10.82,58.0,54.89,0.0
77059140-e829-5d12-90bd-2d2ebd9c436c,2026-09-12T11:04:00,4.11,6.24,3976,2435,9.33,58.0,54.61,0.0
3a6c166d-37fa-5cda-adad-777eb4567f37,2026-09-12T11:06:00,4.7,6.54,3652,2409,9.98,63.85,52.74,0.0
f1a6081a-48e3-56db-936e-f49af9832cb1,2026-09-12T11:06:00,4.63,22.67,3951,1232,67.41,58.0,95.45,0.0
18b90679-ba14-5785-bca6-c3cc1e3ad587,2026-09-12T11:06:00,4.01,5.88,4004,2386,12.13,58.0,52.44,0.0
77059140-e829-5d12-90bd-2d2ebd9c436c,2026-09-12T11:06:00,3.78,6.43,3735,2441,12.72,58.0,55.5,0.0
3a6c166d-37fa-5cda-adad-777eb4567f37,2026-09-12T11:08:00,4.65,5.66,3898,2385,10.18,63.88,54.57,0.0
f1a6081a-48e3-56db-936e-f49af9832cb1,2026-09-12T11:08:00,4.23,22.48,3856,1186,67.29,58.0,98.07,0.0
18b90679-ba14-5785-bca6-c3cc1e3ad587,2026-09-12T11:08:00,3.89,6.16,3886,2309,13.43,58.0,55.37,0.0
77059140-e829-5d12-90bd-2d2ebd9c436c,2026-09-12T11:08:00,4.03,6.67,3723,2341,9.72,58.0,53.45,0.0
3a6c166d-37fa-5cda-adad-777eb4567f37,2026-09-12T11:10:00,5.06,5.68,3927,2332,9.39,63.28,54.91,0.0
f1a6081a-48e3-56db-936e-f49af9832cb1,2026-09-12T11:10:00,3.92,23.47,4014,1214,62.53,58.0,95.48,0.0
18b90679-ba14-5785-bca6-c3cc1e3ad587,2026-09-12T11:10:00,4.21,6.51,3874,2418,11.28,58.0,50.29,0.0
77059140-e829-5d12-90bd-2d2ebd9c436c,2026-09-12T11:10:00,4.0,6.34,3713,2495,10.93,58.0,60.43,0.0
3a6c166d-37fa-5cda-adad-777eb4567f37,2026-09-12T11:12:00,3.99,6.12,3937,2325,10.5,63.46,55.61,0.0
f1a6081a-48e3-56db-936e-f49af9832cb1,2026-09-12T11:12:00,4.37,22.35,3703,1136,65.2,58.0,94.05,0.0
18b90679-ba14-5785-bca6-c3cc1e3ad587,2026-09-12T11:12:00,4.42,5.18,3627,2429,12.21,58.0,53.43,0.0
77059140-e829-5d12-90bd-2d2ebd9c436c,2026-09-12T11:12:00,3.46,5.62,3948,2343,10.11,58.0,55.64,0.0
3a6c166d-37fa-5cda-adad-777eb4567f37,2026-09-12T11:14:00,4.0,6.52,3987,2570,9.56,63.73,53.31,0.0
f1a6081a-48e3-56db-936e-f49af9832cb1,2026-09-12T11:14:00,3.52,23.33,3986,1154,64.53,58.0,91.43,0.0
18b90679-ba14-5785-bca6-c3cc1e3ad587,2026-09-12T11:14:00,4.12,5.86,3791,2541,9.85,58.0,51.96,0.0
77059140-e829-5d12-90bd-2d2ebd9c436c,2026-09-12T11:14:00,3.94,5.82,3789,2411,8.88,58.0,58.11,0.0
3a6c166d-37fa-5cda-adad-777eb4567f37,2026-09-12T11:16:00,3.67,5.64,3822,2332,11.69,63.68,55.31,0.0
f1a6081a-48e3-56db-936e-f49af9832cb1,2026-09-12T11:16:00,4.17,22.73,3769,1278,64.31,58.0,93.51,0.0
18b90679-ba14-5785-bca6-c3cc1e3ad587,2026-09-12T11:16:00,5.09,6.31,3969,2438,9.99,58.0,57.69,0.0
77059140-e829-5d12-90bd-2d2ebd9c436c,2026-09-12T11:16:00,4.71,5.69,3937,2347,10.59,58.0,43.88,0.0
3a6c166d-37fa-5cda-adad-777eb4567f37,2026-09-12T11:18:00,3.97,5.95,3889,2488,13.46,64.0,52.95,0.0
f1a6081a-48e3-56db-936e-f49af9832cb1,2026-09-12T11:18:00,3.99,22.86,3778,1242,64.7,58.0,94.45,0.0
18b90679-ba14-5785-bca6-c3cc1e3ad587,2026-09-12T11:18:00,4.18,5.92,3951,2500,11.72,58.0,55.54,0.0
77059140-e829-5d12-90bd-2d2ebd9c436c,2026-09-12T11:18:00,3.55,6.12,3612,2364,9.99,58.0,52.63,0.0
3a6c166d-37fa-5cda-adad-777eb4567f37,2026-09-12T11:20:00,4.48,6.09,3856,2387,10.44,63.51,52.9,0.0
f1a6081a-48e3-56db-936e-f49af9832cb1,2026-09-12T11:20:00,4.1,23.17,3731,1266,63.76,58.0,93.95,0.0
18b90679-ba14-5785-bca6-c3cc1e3ad587,2026-09-12T11:20:00,4.8,6.62,3834,2454,6.98,58.0,53.28,0.0
77059140-e829-5d12-90bd-2d2ebd9c436c,2026-09-12T11:20:00,3.64,6.26,3926,2402,11.07,58.0,53.94,0.0
3a6c166d-37fa-5cda-adad-777eb4567f37,2026-09-12T11:22:00,3.51,6.14,3834,2438,15.57,63.35,54.87,0.0
f1a6081a-48e3-56db-936e-f49af9832cb1,2026-09-12T11:22:00,3.73,22.75,4147,1152,64.31,58.0,93.59,0.0
18b90679-ba14-5785-bca6-c3cc1e3ad587,2026-09-12T11:22:00,4.36,6.07,3921,2302,13.01,58.0,53.01,0.0
77059140-e829-5d12-90bd-2d2ebd9c436c,2026-09-12T11:22:00,3.77,5.73,4079,2473,11.27,58.0,54.3,0.0
3a6c166d-37fa-5cda-adad-777eb4567f37,2026-09-12T11:24:00,3.96,5.94,3912,2529,10.79,64.1,55.0,0.0
f1a6081a-48e3-56db-936e-f49af9832cb1,2026-09-12T11:24:00,3.87,22.89,3735,1253,65.85,58.0,97.78,0.0
18b90679-ba14-5785-bca6-c3cc1e3ad587,2026-09-12T11:24:00,4.03,6.49,3996,2523,8.06,58.0,58.72,0.0
77059140-e829-5d12-90bd-2d2ebd9c436c,2026-09-12T11:24:00,4.06,5.48,3702,2352,11.58,58.0,53.81,0.0
3a6c166d-37fa-5cda-adad-777eb4567f37,2026-09-12T11:26:00,4.77,7.08,3848,2531,12.32,63.72,50.77,0.0
f1a6081a-48e3-56db-936e-f49af9832cb1,2026-09-12T11:26:00,3.83,23.54,3860,1288,65.41,58.0,89.55,0.0
18b90679-ba14-5785-bca6-c3cc1e3ad587,2026-09-12T11:26:00,4.11,5.34,3873,2352,10.42,58.0,53.1,0.0
77059140-e829-5d12-90bd-2d2ebd9c436c,2026-09-12T11:26:00,3.65,6.38,3939,2336,9.5,58.0,53.04,0.0
3a6c166d-37fa-5cda-adad-777eb4567f37,2026-09-12T11:28:00,3.77,6.26,3964,2517,11.18,64.01,55.54,0.0
f1a6081a-48e3-56db-936e-f49af9832cb1,2026-09-12T11:28:00,4.09,23.48,3866,1272,64.95,58.0,92.26,0.0
18b90679-ba14-5785-bca6-c3cc1e3ad587,2026-09-12T11:28:00,3.75,5.79,3904,2580,8.83,58.0,57.02,0.0
77059140-e829-5d12-90bd-2d2ebd9c436c,2026-09-12T11:28:00,4.67,6.17,3756,2422,10.7,58.0,53.79,0.0
3a6c166d-37fa-5cda-adad-777eb4567f37,2026-09-12T11:30:00,4.34,7.0,4010,2472,8.3,63.13,50.52,0.0
f1a6081a-48e3-56db-936e-f49af9832cb1,2026-09-12T11:30:00,4.9,23.12,3930,1210,64.67,58.0,97.47,0.0
18b90679-ba14-5785-bca6-c3cc1e3ad587,2026-09-12T11:30:00,4.85,6.15,3870,2415,9.05,58.0,56.79,0.0
77059140-e829-5d12-90bd-2d2ebd9c436c,2026-09-12T11:30:00,4.37,6.91,3682,2518,7.41,58.0,55.97,0.0
3a6c166d-37fa-5cda-adad-777eb4567f37,2026-09-12T11:32:00,5.25,6.33,3901,2460,9.14,63.31,50.31,0.0
f1a6081a-48e3-56db-936e-f49af9832cb1,2026-09-12T11:32:00,4.02,22.44,4160,1324,60.39,58.0,94.38,0.0
18b90679-ba14-5785-bca6-c3cc1e3ad587,2026-09-12T11:32:00,4.76,5.59,3889,2322,13.38,58.0,50.8,0.0
77059140-e829-5d12-90bd-2d2ebd9c436c,2026-09-12T11:32:00,4.84,5.89,3831,2543,10.03,58.0,51.51,0.0
3a6c166d-37fa-5cda-adad-777eb4567f37,2026-09-12T11:34:00,4.62,6.2,4048,2397,11.06,63.67,54.89,0.0
f1a6081a-48e3-56db-936e-f49af9832cb1,2026-09-12T11:34:00,4.59,19.67,4018,1386,58.53,58.0,84.68,0.0
18b90679-ba14-5785-bca6-c3cc1e3ad587,2026-09-12T11:34:00,4.11,6.03,3972,2369,10.01,58.0,51.99,0.0
77059140-e829-5d12-90bd-2d2ebd9c436c,2026-09-12T11:34:00,5.14,6.17,4045,2487,12.55,58.0,51.75,0.0
3a6c166d-37fa-5cda-adad-777eb4567f37,2026-09-12T11:36:00,4.62,5.79,3772,2432,11.76,64.13,54.04,0.0
f1a6081a-48e3-56db-936e-f49af9832cb1,2026-09-12T11:36:00,4.73,18.89,3773,1409,54.34,58.0,86.25,0.0
18b90679-ba14-5785-bca6-c3cc1e3ad587,2026-09-12T11:36:00,3.92,5.48,3954,2315,9.7,58.0,55.71,0.0
77059140-e829-5d12-90bd-2d2ebd9c436c,2026-09-12T11:36:00,3.25,5.08,3984,2464,13.1,58.0,52.33,0.0
3a6c166d-37fa-5cda-adad-777eb4567f37,2026-09-12T11:38:00,4.69,6.3,3885,2476,11.31,63.8,54.94,0.0
f1a6081a-48e3-56db-936e-f49af9832cb1,2026-09-12T11:38:00,4.4,18.49,3936,1621,50.18,58.0,88.93,0.0
18b90679-ba14-5785-bca6-c3cc1e3ad587,2026-09-12T11:38:00,3.95,6.22,4081,2526,7.88,58.0,59.37,0.0
77059140-e829-5d12-90bd-2d2ebd9c436c,2026-09-12T11:38:00,4.86,6.08,3854,2553,11.75,58.0,53.91,0.0
3a6c166d-37fa-5cda-adad-777eb4567f37,2026-09-12T11:40:00,4.13,5.67,3911,2446,14.01,63.86,55.31,0.0
f1a6081a-48e3-56db-936e-f49af9832cb1,2026-09-12T11:40:00,4.49,18.0,3883,1700,49.33,58.0,85.81,0.0
18b90679-ba14-5785-bca6-c3cc1e3ad587,2026-09-12T11:40:00,4.34,5.52,3853,2548,9.95,58.0,52.43,0.0
77059140-e829-5d12-90bd-2d2ebd9c436c,2026-09-12T11:40:00,4.05,6.16,4060,2388,13.0,58.0,57.8,0.0
3a6c166d-37fa-5cda-adad-777eb4567f37,2026-09-12T11:42:00,4.49,6.46,3815,2471,10.89,64.04,52.65,0.0
f1a6081a-48e3-56db-936e-f49af9832cb1,2026-09-12T11:42:00,3.51,16.01,4047,1728,41.37,58.0,77.39,0.0
18b90679-ba14-5785-bca6-c3cc1e3ad587,2026-09-12T11:42:00,4.5,6.29,3945,2373,9.91,58.0,54.39,0.0
77059140-e829-5d12-90bd-2d2ebd9c436c,2026-09-12T11:42:00,4.07,6.67,3837,2540,11.62,58.0,48.32,0.0
3a6c166d-37fa-5cda-adad-777eb4567f37,2026-09-12T11:44:00,4.2,6.15,3818,2539,9.38,63.95,51.86,0.0
f1a6081a-48e3-56db-936e-f49af9832cb1,2026-09-12T11:44:00,4.95,15.82,3853,1745,40.86,58.0,76.42,0.0
18b90679-ba14-5785-bca6-c3cc1e3ad587,2026-09-12T11:44:00,4.43,5.9,4113,2524,13.05,58.0,48.3,0.0
77059140-e829-5d12-90bd-2d2ebd9c436c,2026-09-12T11:44:00,4.3,6.1,3850,2430,11.35,58.0,54.17,0.0
3a6c166d-37fa-5cda-adad-777eb4567f37,2026-09-12T11:46:00,4.6,5.79,3893,2465,9.39,64.29,54.36,0.0
f1a6081a-48e3-56db-936e-f49af9832cb1,2026-09-12T11:46:00,4.4,14.1,3920,1846,37.77,58.0,68.0,0.0
18b90679-ba14-5785-bca6-c3cc1e3ad587,2026-09-12T11:46:00,4.25,6.18,4061,2561,11.44,58.0,56.62,0.0
77059140-e829-5d12-90bd-2d2ebd9c436c,2026-09-12T11:46:00,4.14,6.42,3939,2587,13.59,58.0,50.6,0.0
3a6c166d-37fa-5cda-adad-777eb4567f37,2026-09-12T11:48:00,4.6,6.79,3965,2526,8.19,64.36,55.28,0.0
f1a6081a-48e3-56db-936e-f49af9832cb1,2026-09-12T11:48:00,4.18,13.32,3971,1931,30.42,58.0,64.36,0.0
18b90679-ba14-5785-bca6-c3cc1e3ad587,2026-09-12T11:48:00,3.98,6.56,3861,2534,9.79,58.0,52.31,0.0
77059140-e829-5d12-90bd-2d2ebd9c436c,2026-09-12T11:48:00,3.93,5.83,4008,2399,9.63,58.0,56.88,0.0
3a6c166d-37fa-5cda-adad-777eb4567f37,2026-09-12T11:50:00,4.18,6.1,4180,2567,14.25,64.13,54.56,0.0
f1a6081a-48e3-56db-936e-f49af9832cb1,2026-09-12T11:50:00,3.94,11.93,3739,2075,30.82,58.0,70.37,0.0
18b90679-ba14-5785-bca6-c3cc1e3ad587,2026-09-12T11:50:00,3.1,5.87,4038,2387,11.14,58.0,52.95,0.0
77059140-e829-5d12-90bd-2d2ebd9c436c,2026-09-12T11:50:00,4.46,6.22,4241,2515,11.74,58.0,56.97,0.0
3a6c166d-37fa-5cda-adad-777eb4567f37,2026-09-12T11:52:00,4.42,6.19,3937,2464,11.56,64.2,55.01,0.0
f1a6081a-48e3-56db-936e-f49af9832cb1,2026-09-12T11:52:00,4.5,11.62,4115,2076,23.57,58.0,64.31,0.0
18b90679-ba14-5785-bca6-c3cc1e3ad587,2026-09-12T11:52:00,4.28,6.17,4061,2411,9.94,58.0,55.25,0.0
77059140-e829-5d12-90bd-2d2ebd9c436c,2026-09-12T11:52:00,4.02,6.73,3986,2395,7.78,58.0,59.2,0.0
3a6c166d-37fa-5cda-adad-777eb4567f37,2026-09-12T11:54:00,3.98,5.73,3798,2423,9.54,64.53,57.99,0.0
f1a6081a-48e3-56db-936e-f49af9832cb1,2026-09-12T11:54:00,4.4,9.59,3874,2275,21.91,58.0,60.61,0.0
18b90679-ba14-5785-bca6-c3cc1e3ad587,2026-09-12T11:54:00,3.82,6.79,3924,2315,11.08,58.0,54.37,0.0
77059140-e829-5d12-90bd-2d2ebd9c436c,2026-09-12T11:54:00,4.53,6.38,4304,2571,7.72,58.0,51.64,0.0
3a6c166d-37fa-5cda-adad-777eb4567f37,2026-09-12T11:56:00,4.07,6.18,4147,2490,11.93,63.92,51.65,0.0
f1a6081a-48e3-56db-936e-f49af9832cb1,2026-09-12T11:56:00,4.75,8.01,4018,2274,15.59,58.0,61.48,0.0
18b90679-ba14-5785-bca6-c3cc1e3ad587,2026-09-12T11:56:00,4.19,6.46,4160,2347,10.9,58.0,54.9,0.0
77059140-e829-5d12-90bd-2d2ebd9c436c,2026-09-12T11:56:00,4.48,5.97,3892,2419,10.93,58.0,55.24,0.0
3a6c166d-37fa-5cda-adad-777eb4567f37,2026-09-12T11:58:00,4.3,5.58,4027,2654,12.48,65.03,56.04,0.0
f1a6081a-48e3-56db-936e-f49af9832cb1,2026-09-12T11:58:00,4.17,6.85,3918,2308,14.28,58.0,57.82,0.0
18b90679-ba14-5785-bca6-c3cc1e3ad587,2026-09-12T11:58:00,4.48,6.64,3957,2598,10.1,58.0,56.58,0.0
77059140-e829-5d12-90bd-2d2ebd9c436c,2026-09-12T11:58:00,4.65,5.55,3950,2513,9.71,58.0,55.37,0.0
3a6c166d-37fa-5cda-adad-777eb4567f37,2026-09-12T12:00:00,4.73,6.13,3926,2547,9.14,64.16,52.67,0.0
f1a6081a-48e3-56db-936e-f49af9832cb1,2026-09-12T12:00:00,3.6,6.16,4011,2367,11.06,58.0,54.62,0.0
18b90679-ba14-5785-bca6-c3cc1e3ad587,2026-09-12T12:00:00,4.26,6.66,3925,2450,9.96,58.0,50.39,0.0
77059140-e829-5d12-90bd-2d2ebd9c436c,2026-09-12T12:00:00,4.59,5.36,3850,2551,9.97,58.0,56.94,0.0
3a6c166d-37fa-5cda-adad-777eb4567f37,2026-09-12T12:02:00,5.23,6.45,4198,2576,11.36,64.47,53.56,0.0
f1a6081a-48e3-56db-936e-f49af9832cb1,2026-09-12T12:02:00,4.03,6.07,3945,2482,10.62,58.0,56.04,0.0
18b90679-ba14-5785-bca6-c3cc1e3ad587,2026-09-12T12:02:00,4.38,6.42,3683,2425,12.56,58.0,55.11,0.0
77059140-e829-5d12-90bd-2d2ebd9c436c,2026-09-12T12:02:00,4.27,6.54,3998,2635,11.28,58.0,54.25,0.0
3a6c166d-37fa-5cda-adad-777eb4567f37,2026-09-12T12:04:00,4.41,6.26,4003,2433,10.01,64.73,54.79,0.0
f1a6081a-48e3-56db-936e-f49af9832cb1,2026-09-12T12:04:00,4.08,6.08,4114,2458,7.67,58.0,56.15,0.0
18b90679-ba14-5785-bca6-c3cc1e3ad587,2026-09-12T12:04:00,4.65,6.17,3870,2369,9.6,58.0,53.86,0.0
77059140-e829-5d12-90bd-2d2ebd9c436c,2026-09-12T12:04:00,4.93,7.15,3929,2428,10.19,58.0,56.84,0.0
3a6c166d-37fa-5cda-adad-777eb4567f37,2026-09-12T12:06:00,4.75,5.29,4277,2579,13.9,64.23,54.25,0.0
f1a6081a-48e3-56db-936e-f49af9832cb1,2026-09-12T12:06:00,3.96,6.52,3958,2473,13.42,58.0,55.17,0.0
18b90679-ba14-5785-bca6-c3cc1e3ad587,2026-09-12T12:06:00,3.75,6.46,3906,2517,10.01,58.0,51.64,0.0
77059140-e829-5d12-90bd-2d2ebd9c436c,2026-09-12T12:06:00,4.59,5.08,3997,2482,13.86,58.0,54.08,0.0
3a6c166d-37fa-5cda-adad-777eb4567f37,2026-09-12T12:08:00,4.17,6.3,3860,2546,13.24,64.42,55.7,0.0
f1a6081a-48e3-56db-936e-f49af9832cb1,2026-09-12T12:08:00,4.36,6.14,3961,2558,11.4,58.0,55.63,0.0
18b90679-ba14-5785-bca6-c3cc1e3ad587,2026-09-12T12:08:00,4.03,6.18,3959,2540,13.9,58.0,53.89,0.0
77059140-e829-5d12-90bd-2d2ebd9c436c,2026-09-12T12:08:00,4.48,6.77,3970,2468,7.95,58.0,54.0,0.0
3a6c166d-37fa-5cda-adad-777eb4567f37,2026-09-12T12:10:00,4.81,5.98,3996,2398,13.12,64.65,51.69,0.0
f1a6081a-48e3-56db-936e-f49af9832cb1,2026-09-12T12:10:00,3.98,6.63,3778,2551,11.45,58.0,51.74,0.0
18b90679-ba14-5785-bca6-c3cc1e3ad587,2026-09-12T12:10:00,4.21,6.45,4105,2495,14.09,58.0,51.81,0.0
77059140-e829-5d12-90bd-2d2ebd9c436c,2026-09-12T12:10:00,4.6,6.27,3992,2370,13.43,58.0,55.1,0.0
3a6c166d-37fa-5cda-adad-777eb4567f37,2026-09-12T12:12:00,4.84,5.36,3947,2441,12.79,64.48,54.12,0.0
f1a6081a-48e3-56db-936e-f49af9832cb1,2026-09-12T12:12:00,4.61,6.1,4171,2422,11.75,58.0,56.12,0.0
18b90679-ba14-5785-bca6-c3cc1e3ad587,2026-09-12T12:12:00,4.72,6.94,3729,2493,12.56,58.0,53.56,0.0
77059140-e829-5d12-90bd-2d2ebd9c436c,2026-09-12T12:12:00,3.62,6.28,3944,2572,8.44,58.0,58.7,0.0
3a6c166d-37fa-5cda-adad-777eb4567f37,2026-09-12T12:14:00,4.3,6.11,3810,2472,11.32,64.52,53.66,0.0
f1a6081a-48e3-56db-936e-f49af9832cb1,2026-09-12T12:14:00,4.05,5.87,3837,2690,10.46,58.0,52.79,0.0
18b90679-ba14-5785-bca6-c3cc1e3ad587,2026-09-12T12:14:00,4.42,5.13,3732,2554,11.21,58.0,58.12,0.0
77059140-e829-5d12-90bd-2d2ebd9c436c,2026-09-12T12:14:00,4.5,6.08,3939,2621,14.11,58.0,61.23,0.0
3a6c166d-37fa-5cda-adad-777eb4567f37,2026-09-12T12:16:00,4.72,6.15,4144,2579,12.48,64.49,58.03,0.0
f1a6081a-48e3-56db-936e-f49af9832cb1,2026-09-12T12:16:00,4.16,6.24,4046,2622,11.16,58.0,56.71,0.0
18b90679-ba14-5785-bca6-c3cc1e3ad587,2026-09-12T12:16:00,4.36,6.25,3963,2590,11.72,58.0,52.06,0.0
77059140-e829-5d12-90bd-2d2ebd9c436c,2026-09-12T12:16:00,3.83,6.15,3873,2509,11.59,58.0,59.08,0.0
3a6c166d-37fa-5cda-adad-777eb4567f37,2026-09-12T12:18:00,3.81,6.32,4210,2562,10.05,64.49,57.35,0.0
f1a6081a-48e3-56db-936e-f49af9832cb1,2026-09-12T12:18:00,4.56,6.71,4008,2489,10.88,58.0,55.96,0.0
18b90679-ba14-5785-bca6-c3cc1e3ad587,2026-09-12T12:18:00,3.98,5.13,4304,2725,11.07,58.0,59.82,0.0
77059140-e829-5d12-90bd-2d2ebd9c436c,2026-09-12T12:18:00,4.52,6.46,3750,2601,12.66,58.0,56.43,0.0
3a6c166d-37fa-5cda-adad-777eb4567f37,2026-09-12T12:20:00,4.35,5.98,3835,2528,10.74,64.28,55.46,0.0
f1a6081a-48e3-56db-936e-f49af9832cb1,2026-09-12T12:20:00,3.94,6.43,3855,2580,9.86,58.0,54.07,0.0
18b90679-ba14-5785-bca6-c3cc1e3ad587,2026-09-12T12:20:00,4.5,5.85,4299,2429,13.2,58.0,56.29,0.0
77059140-e829-5d12-90bd-2d2ebd9c436c,2026-09-12T12:20:00,4.43,6.17,3893,2750,10.02,58.0,53.29,0.0
3a6c166d-37fa-5cda-adad-777eb4567f37,2026-09-12T12:22:00,3.87,5.4,4065,2434,5.82,64.73,53.21,0.0
f1a6081a-48e3-56db-936e-f49af9832cb1,2026-09-12T12:22:00,4.74,6.63,4052,2596,10.39,58.0,58.76,0.0
18b90679-ba14-5785-bca6-c3cc1e3ad587,2026-09-12T12:22:00,4.34,6.91,3860,2315,10.87,58.0,59.48,0.0
77059140-e829-5d12-90bd-2d2ebd9c436c,2026-09-12T12:22:00,4.58,6.06,4003,2504,9.91,58.0,56.22,0.0
3a6c166d-37fa-5cda-adad-777eb4567f37,2026-09-12T12:24:00,4.24,6.47,4228,2481,10.11,64.78,52.31,0.0
f1a6081a-48e3-56db-936e-f49af9832cb1,2026-09-12T12:24:00,4.59,5.27,3815,2512,12.17,58.0,59.7,0.0
18b90679-ba14-5785-bca6-c3cc1e3ad587,2026-09-12T12:24:00,4.9,6.38,4074,2542,9.41,58.0,56.34,0.0
77059140-e829-5d12-90bd-2d2ebd9c436c,2026-09-12T12:24:00,3.99,6.1,4014,2507,11.26,58.0,57.03,0.0
3a6c166d-37fa-5cda-adad-777eb4567f37,2026-09-12T12:26:00,4.51,5.68,3914,2544,11.47,64.61,51.31,0.0
f1a6081a-48e3-56db-936e-f49af9832cb1,2026-09-12T12:26:00,4.26,5.81,3931,2432,13.08,58.0,55.98,0.0
18b90679-ba14-5785-bca6-c3cc1e3ad587,2026-09-12T12:26:00,4.07,7.19,3905,2514,11.59,58.0,51.49,0.0
77059140-e829-5d12-90bd-2d2ebd9c436c,2026-09-12T12:26:00,4.36,6.15,4124,2411,7.99,58.0,53.77,0.0
3a6c166d-37fa-5cda-adad-777eb4567f37,2026-09-12T12:28:00,4.24,5.35,4050,2571,11.27,64.82,53.41,0.0
f1a6081a-48e3-56db-936e-f49af9832cb1,2026-09-12T12:28:00,4.16,6.32,4267,2521,15.67,58.0,58.71,0.0
18b90679-ba14-5785-bca6-c3cc1e3ad587,2026-09-12T12:28:00,4.95,5.85,4031,2469,9.83,58.0,55.04,0.0
77059140-e829-5d12-90bd-2d2ebd9c436c,2026-09-12T12:28:00,4.84,6.63,4154,2459,12.63,58.0,49.44,0.0
3a6c166d-37fa-5cda-adad-777eb4567f37,2026-09-12T12:30:00,4.25,6.6,4142,2529,13.9,64.9,54.41,0.0
f1a6081a-48e3-56db-936e-f49af9832cb1,2026-09-12T12:30:00,4.59,6.39,4032,2597,11.78,58.0,53.77,0.0
18b90679-ba14-5785-bca6-c3cc1e3ad587,2026-09-12T12:30:00,4.17,6.11,3966,2510,14.07,58.0,57.42,0.0
77059140-e829-5d12-90bd-2d2ebd9c436c,2026-09-12T12:30:00,4.23,6.31,4139,2545,10.89,58.0,59.09,0.0
3a6c166d-37fa-5cda-adad-777eb4567f37,2026-09-12T12:32:00,4.2,6.32,4107,2387,12.12,64.55,52.62,0.0
f1a6081a-48e3-56db-936e-f49af9832cb1,2026-09-12T12:32:00,4.15,6.47,3805,2529,9.93,58.0,52.39,0.0
18b90679-ba14-5785-bca6-c3cc1e3ad587,2026-09-12T12:32:00,4.24,5.76,3910,2644,8.84,58.0,52.49,0.0
77059140-e829-5d12-90bd-2d2ebd9c436c,2026-09-12T12:32:00,3.78,6.32,3981,2563,11.03,58.0,56.07,0.0
3a6c166d-37fa-5cda-adad-777eb4567f37,2026-09-12T12:34:00,3.92,6.11,4147,2516,9.74,64.82,53.56,0.0
f1a6081a-48e3-56db-936e-f49af9832cb1,2026-09-12T12:34:00,4.0,5.31,4124,2399,8.79,58.0,53.99,0.0
18b90679-ba14-5785-bca6-c3cc1e3ad587,2026-09-12T12:34:00,3.77,6.55,3708,2512,10.42,58.0,54.26,0.0
77059140-e829-5d12-90bd-2d2ebd9c436c,2026-09-12T12:34:00,4.57,6.4,4011,2608,10.86,58.0,52.6,0.0
3a6c166d-37fa-5cda-adad-777eb4567f37,2026-09-12T12:36:00,3.82,6.36,4124,2360,13.13,64.65,58.54,0.0
f1a6081a-48e3-56db-936e-f49af9832cb1,2026-09-12T12:36:00,4.29,5.96,3890,2378,10.71,58.0,51.44,0.0
18b90679-ba14-5785-bca6-c3cc1e3ad587,2026-09-12T12:36:00,4.43,5.68,4004,2517,12.27,58.0,53.05,0.0
77059140-e829-5d12-90bd-2d2ebd9c436c,2026-09-12T12:36:00,4.58,5.77,3989,2402,5.47,58.0,52.71,0.0
3a6c166d-37fa-5cda-adad-777eb4567f37,2026-09-12T12:38:00,5.16,6.76,4126,2654,10.43,64.33,54.34,0.0
f1a6081a-48e3-56db-936e-f49af9832cb1,2026-09-12T12:38:00,3.82,5.61,4094,2413,8.41,58.0,49.3,0.0
18b90679-ba14-5785-bca6-c3cc1e3ad587,2026-09-12T12:38:00,4.19,6.4,3924,2687,12.88,58.0,50.94,0.0
77059140-e829-5d12-90bd-2d2ebd9c436c,2026-09-12T12:38:00,4.54,6.64,4091,2469,11.23,58.0,53.37,0.0
3a6c166d-37fa-5cda-adad-777eb4567f37,2026-09-12T12:40:00,4.69,6.59,4024,2435,7.69,65.15,59.56,0.0
f1a6081a-48e3-56db-936e-f49af9832cb1,2026-09-12T12:40:00,4.98,6.14,4018,2527,8.55,58.0,54.67,0.0
18b90679-ba14-5785-bca6-c3cc1e3ad587,2026-09-12T12:40:00,4.69,6.88,3882,2670,15.1,58.0,54.91,0.0
77059140-e829-5d12-90bd-2d2ebd9c436c,2026-09-12T12:40:00,4.57,6.21,4082,2512,8.69,58.0,55.38,0.0
3a6c166d-37fa-5cda-adad-777eb4567f37,2026-09-12T12:42:00,3.85,6.07,4012,2486,11.49,64.83,55.81,0.0
f1a6081a-48e3-56db-936e-f49af9832cb1,2026-09-12T12:42:00,4.05,5.88,3877,2547,9.5,58.0,53.63,0.0
18b90679-ba14-5785-bca6-c3cc1e3ad587,2026-09-12T12:42:00,3.99,6.43,4178,2545,9.3,58.0,55.32,0.0
77059140-e829-5d12-90bd-2d2ebd9c436c,2026-09-12T12:42:00,4.0,6.43,4105,2363,13.87,58.0,56.32,0.0
3a6c166d-37fa-5cda-adad-777eb4567f37,2026-09-12T12:44:00,4.15,5.9,4036,2451,11.7,64.92,51.8,0.0
f1a6081a-48e3-56db-936e-f49af9832cb1,2026-09-12T12:44:00,3.64,6.63,4227,2498,8.98,58.0,51.95,0.0
18b90679-ba14-5785-bca6-c3cc1e3ad587,2026-09-12T12:44:00,4.31,6.73,3859,2557,15.27,58.0,54.33,0.0
77059140-e829-5d12-90bd-2d2ebd9c436c,2026-09-12T12:44:00,4.16,6.35,3998,2486,13.06,58.0,54.0,0.0
3a6c166d-37fa-5cda-adad-777eb4567f37,2026-09-12T12:46:00,4.22,6.83,4180,2592,11.23,64.68,53.93,0.0
f1a6081a-48e3-56db-936e-f49af9832cb1,2026-09-12T12:46:00,4.34,6.1,4019,2519,9.32,58.0,53.46,0.0
18b90679-ba14-5785-bca6-c3cc1e3ad587,2026-09-12T12:46:00,3.87,5.76,3977,2556,10.01,58.0,52.49,0.0
77059140-e829-5d12-90bd-2d2ebd9c436c,2026-09-12T12:46:00,3.63,6.37,4320,2494,11.7,58.0,53.23,0.0
3a6c166d-37fa-5cda-adad-777eb4567f37,2026-09-12T12:48:00,3.84,6.04,4000,2532,8.11,64.87,51.83,0.0
f1a6081a-48e3-56db-936e-f49af9832cb1,2026-09-12T12:48:00,4.21,6.44,4006,2640,10.78,58.0,56.97,0.0
18b90679-ba14-5785-bca6-c3cc1e3ad587,2026-09-12T12:48:00,4.84,5.6,4059,2546,9.65,58.0,56.62,0.0
77059140-e829-5d12-90bd-2d2ebd9c436c,2026-09-12T12:48:00,4.49,6.35,4075,2452,9.39,58.0,61.84,0.0
3a6c166d-37fa-5cda-adad-777eb4567f37,2026-09-12T12:50:00,4.09,6.31,4030,2543,9.69,65.15,53.58,0.0
f1a6081a-48e3-56db-936e-f49af9832cb1,2026-09-12T12:50:00,4.44,6.13,3970,2527,16.0,58.0,52.8,0.0
18b90679-ba14-5785-bca6-c3cc1e3ad587,2026-09-12T12:50:00,4.09,5.67,3972,2431,10.39,58.0,53.25,0.0
77059140-e829-5d12-90bd-2d2ebd9c436c,2026-09-12T12:50:00,4.14,6.65,3857,2380,8.4,58.0,60.06,0.0
3a6c166d-37fa-5cda-adad-777eb4567f37,2026-09-12T12:52:00,4.05,5.84,3965,2552,10.79,65.02,53.7,0.0
f1a6081a-48e3-56db-936e-f49af9832cb1,2026-09-12T12:52:00,4.16,6.29,4021,2482,11.09,58.0,51.28,0.0
18b90679-ba14-5785-bca6-c3cc1e3ad587,2026-09-12T12:52:00,4.42,6.59,4005,2589,10.22,58.0,56.41,0.0
77059140-e829-5d12-90bd-2d2ebd9c436c,2026-09-12T12:52:00,4.19,6.57,3889,2568,10.97,58.0,53.47,0.0
3a6c166d-37fa-5cda-adad-777eb4567f37,2026-09-12T12:54:00,4.05,6.34,3777,2479,11.04,64.85,50.49,0.0
f1a6081a-48e3-56db-936e-f49af9832cb1,2026-09-12T12:54:00,4.56,7.24,3957,2549,9.24,58.0,52.72,0.0
18b90679-ba14-5785-bca6-c3cc1e3ad587,2026-09-12T12:54:00,5.01,6.38,4017,2598,12.08,58.0,51.28,0.0
77059140-e829-5d12-90bd-2d2ebd9c436c,2026-09-12T12:54:00,4.2,5.95,4069,2512,10.77,58.0,51.1,0.0
3a6c166d-37fa-5cda-adad-777eb4567f37,2026-09-12T12:56:00,4.51,6.28,4063,2623,8.85,64.98,56.54,0.0
f1a6081a-48e3-56db-936e-f49af9832cb1,2026-09-12T12:56:00,4.6,6.66,3950,2433,10.8,58.0,56.2,0.0
18b90679-ba14-5785-bca6-c3cc1e3ad587,2026-09-12T12:56:00,4.64,6.16,4008,2631,14.4,58.0,53.35,0.0
77059140-e829-5d12-90bd-2d2ebd9c436c,2026-09-12T12:56:00,3.9,6.59,4067,2641,11.49,58.0,51.86,0.0
3a6c166d-37fa-5cda-adad-777eb4567f37,2026-09-12T12:58:00,4.24,6.37,4029,2639,11.4,64.78,53.95,0.0
f1a6081a-48e3-56db-936e-f49af9832cb1,2026-09-12T12:58:00,4.61,6.63,4076,2401,10.26,58.0,57.06,0.0
18b90679-ba14-5785-bca6-c3cc1e3ad587,2026-09-12T12:58:00,4.21,6.53,3983,2527,14.0,58.0,55.85,0.0
77059140-e829-5d12-90bd-2d2ebd9c436c,2026-09-12T12:58:00,3.98,6.99,4142,2515,12.3,58.0,51.71,0.0
3a6c166d-37fa-5cda-adad-777eb4567f37,2026-09-12T13:00:00,3.99,6.5,3930,2601,9.81,65.09,54.33,0.0
f1a6081a-48e3-56db-936e-f49af9832cb1,2026-09-12T13:00:00,4.41,7.2,4038,2375,11.13,58.0,56.84,0.0
18b90679-ba14-5785-bca6-c3cc1e3ad587,2026-09-12T13:00:00,4.31,7.1,4112,2627,10.92,58.0,51.09,0.0
77059140-e829-5d12-90bd-2d2ebd9c436c,2026-09-12T13:00:00,4.23,6.57,3994,2611,11.62,58.0,55.31,0.0
3a6c166d-37fa-5cda-adad-777eb4567f37,2026-09-12T13:02:00,4.01,6.98,3893,2449,12.83,64.88,53.19,0.0
f1a6081a-48e3-56db-936e-f49af9832cb1,2026-09-12T13:02:00,4.59,6.67,3858,2312,11.44,58.0,57.91,0.0
18b90679-ba14-5785-bca6-c3cc1e3ad587,2026-09-12T13:02:00,4.48,6.61,3980,2684,7.34,58.0,53.65,0.0
77059140-e829-5d12-90bd-2d2ebd9c436c,2026-09-12T13:02:00,4.35,6.13,3968,2541,9.61,58.0,54.81,0.0
3a6c166d-37fa-5cda-adad-777eb4567f37,2026-09-12T13:04:00,4.61,6.04,4151,2528,12.17,65.23,57.35,0.0
f1a6081a-48e3-56db-936e-f49af9832cb1,2026-09-12T13:04:00,4.13,5.28,4171,2489,10.47,58.0,57.2,0.0
18b90679-ba14-5785-bca6-c3cc1e3ad587,2026-09-12T13:04:00,4.05,5.88,3901,2521,11.05,58.0,54.11,0.0
77059140-e829-5d12-90bd-2d2ebd9c436c,2026-09-12T13:04:00,3.98,6.68,4117,2494,9.93,58.0,55.7,0.0
3a6c166d-37fa-5cda-adad-777eb4567f37,2026-09-12T13:06:00,4.37,5.84,4027,2509,10.41,65.48,60.68,0.0
f1a6081a-48e3-56db-936e-f49af9832cb1,2026-09-12T13:06:00,4.08,5.9,4182,2507,10.09,58.0,52.26,0.0
18b90679-ba14-5785-bca6-c3cc1e3ad587,2026-09-12T13:06:00,4.47,6.59,3876,2569,12.79,58.0,59.96,0.0
77059140-e829-5d12-90bd-2d2ebd9c436c,2026-09-12T13:06:00,3.87,5.43,3919,2545,9.82,58.0,55.83,0.0
3a6c166d-37fa-5cda-adad-777eb4567f37,2026-09-12T13:08:00,4.32,6.98,4040,2424,10.92,65.3,55.62,0.0
f1a6081a-48e3-56db-936e-f49af9832cb1,2026-09-12T13:08:00,4.08,5.57,4194,2560,10.39,58.0,54.28,0.0
18b90679-ba14-5785-bca6-c3cc1e3ad587,2026-09-12T13:08:00,4.89,6.03,3927,2506,13.86,58.0,55.33,0.0
77059140-e829-5d12-90bd-2d2ebd9c436c,2026-09-12T13:08:00,4.36,5.73,3901,2497,10.36,58.0,51.45,0.0
3a6c166d-37fa-5cda-adad-777eb4567f37,2026-09-12T13:10:00,4.32,6.71,4076,2652,13.24,64.89,56.02,0.0
f1a6081a-48e3-56db-936e-f49af9832cb1,2026-09-12T13:10:00,4.44,5.67,3833,2491,9.68,58.0,54.68,0.0
18b90679-ba14-5785-bca6-c3cc1e3ad587,2026-09-12T13:10:00,3.8,6.12,3793,2525,9.39,58.0,51.3,0.0
77059140-e829-5d12-90bd-2d2ebd9c436c,2026-09-12T13:10:00,4.55,6.03,3913,2336,11.81,58.0,56.87,0.0
3a6c166d-37fa-5cda-adad-777eb4567f37,2026-09-12T13:12:00,4.55,6.71,4238,2573,10.35,65.13,54.6,0.0
f1a6081a-48e3-56db-936e-f49af9832cb1,2026-09-12T13:12:00,3.58,6.13,3926,2631,10.32,58.0,56.62,0.0
18b90679-ba14-5785-bca6-c3cc1e3ad587,2026-09-12T13:12:00,4.34,5.59,3957,2609,12.22,58.0,55.7,0.0
77059140-e829-5d12-90bd-2d2ebd9c436c,2026-09-12T13:12:00,4.96,5.95,4235,2522,12.49,58.0,56.38,0.0
3a6c166d-37fa-5cda-adad-777eb4567f37,2026-09-12T13:14:00,4.61,6.47,3909,2507,13.83,65.76,57.53,0.0
f1a6081a-48e3-56db-936e-f49af9832cb1,2026-09-12T13:14:00,5.09,6.3,4092,2561,9.04,58.0,58.35,0.0
18b90679-ba14-5785-bca6-c3cc1e3ad587,2026-09-12T13:14:00,4.63,6.42,4123,2533,12.37,58.0,58.74,0.0
77059140-e829-5d12-90bd-2d2ebd9c436c,2026-09-12T13:14:00,4.41,7.24,4112,2622,9.9,58.0,59.06,0.0
3a6c166d-37fa-5cda-adad-777eb4567f37,2026-09-12T13:16:00,3.99,6.73,4136,2558,10.59,64.91,53.75,0.0
f1a6081a-48e3-56db-936e-f49af9832cb1,2026-09-12T13:16:00,3.83,5.43,3817,2505,8.51,58.0,54.85,0.0
18b90679-ba14-5785-bca6-c3cc1e3ad587,2026-09-12T13:16:00,4.54,5.91,3904,2440,11.12,58.0,53.71,0.0
77059140-e829-5d12-90bd-2d2ebd9c436c,2026-09-12T13:16:00,4.22,6.76,4109,2367,7.18,58.0,52.41,0.0
3a6c166d-37fa-5cda-adad-777eb4567f37,2026-09-12T13:18:00,4.72,5.38,3920,2578,10.89,65.51,56.45,0.0
f1a6081a-48e3-56db-936e-f49af9832cb1,2026-09-12T13:18:00,4.53,6.45,3948,2610,10.05,58.0,53.68,0.0
18b90679-ba14-5785-bca6-c3cc1e3ad587,2026-09-12T13:18:00,4.48,6.26,3914,2572,9.52,58.0,56.31,0.0
77059140-e829-5d12-90bd-2d2ebd9c436c,2026-09-12T13:18:00,3.5,6.67,4122,2600,11.73,58.0,52.71,0.0
3a6c166d-37fa-5cda-adad-777eb4567f37,2026-09-12T13:20:00,4.76,6.23,3973,2454,7.08,65.27,54.96,0.0
f1a6081a-48e3-56db-936e-f49af9832cb1,2026-09-12T13:20:00,5.07,6.51,4015,2585,6.41,58.0,54.67,0.0
18b90679-ba14-5785-bca6-c3cc1e3ad587,2026-09-12T13:20:00,3.83,6.53,4145,2608,11.53,58.0,56.14,0.0
77059140-e829-5d12-90bd-2d2ebd9c436c,2026-09-12T13:20:00,3.88,6.25,3908,2520,10.55,58.0,53.89,0.0
3a6c166d-37fa-5cda-adad-777eb4567f37,2026-09-12T13:22:00,4.13,5.93,3940,2630,11.95,65.34,54.98,0.0
f1a6081a-48e3-56db-936e-f49af9832cb1,2026-09-12T13:22:00,4.05,6.24,4127,2437,10.76,58.0,55.32,0.0
18b90679-ba14-5785-bca6-c3cc1e3ad587,2026-09-12T13:22:00,4.13,5.9,4005,2469,11.75,58.0,51.12,0.0
77059140-e829-5d12-90bd-2d2ebd9c436c,2026-09-12T13:22:00,4.25,6.35,3981,2452,10.04,58.0,57.61,0.0
3a6c166d-37fa-5cda-adad-777eb4567f37,2026-09-12T13:24:00,4.76,6.72,3962,2554,10.58,65.05,52.52,0.0
f1a6081a-48e3-56db-936e-f49af9832cb1,2026-09-12T13:24:00,3.87,6.36,3835,2761,11.15,58.0,52.69,0.0
18b90679-ba14-5785-bca6-c3cc1e3ad587,2026-09-12T13:24:00,4.67,7.14,4075,2472,11.33,58.0,53.03,0.0
77059140-e829-5d12-90bd-2d2ebd9c436c,2026-09-12T13:24:00,3.72,7.22,4101,2556,9.11,58.0,53.05,0.0
3a6c166d-37fa-5cda-adad-777eb4567f37,2026-09-12T13:26:00,4.02,6.87,4029,2576,13.38,65.28,55.36,0.0
f1a6081a-48e3-56db-936e-f49af9832cb1,2026-09-12T13:26:00,4.44,6.4,4033,2482,11.57,58.0,51.88,0.0
18b90679-ba14-5785-bca6-c3cc1e3ad587,2026-09-12T13:26:00,4.21,6.67,3887,2451,12.9,58.0,56.2,0.0
77059140-e829-5d12-90bd-2d2ebd9c436c,2026-09-12T13:26:00,4.69,6.83,3944,2523,15.17,58.0,55.09,0.0
3a6c166d-37fa-5cda-adad-777eb4567f37,2026-09-12T13:28:00,4.03,6.22,4048,2485,8.27,64.99,54.02,0.0
f1a6081a-48e3-56db-936e-f49af9832cb1,2026-09-12T13:28:00,4.93,6.78,4133,2542,5.62,58.0,52.64,0.0
18b90679-ba14-5785-bca6-c3cc1e3ad587,2026-09-12T13:28:00,4.78,6.45,4218,2506,10.43,58.0,54.49,0.0
77059140-e829-5d12-90bd-2d2ebd9c436c,2026-09-12T13:28:00,4.0,5.99,4137,2650,9.48,58.0,59.06,0.0
3a6c166d-37fa-5cda-adad-777eb4567f37,2026-09-12T13:30:00,4.01,6.62,3900,2454,11.61,65.37,53.26,0.0
f1a6081a-48e3-56db-936e-f49af9832cb1,2026-09-12T13:30:00,4.7,6.63,4033,2337,9.51,58.0,56.28,0.0
18b90679-ba14-5785-bca6-c3cc1e3ad587,2026-09-12T13:30:00,4.28,5.65,4261,2429,12.24,58.0,53.73,0.0
77059140-e829-5d12-90bd-2d2ebd9c436c,2026-09-12T13:30:00,4.22,6.28,3856,2608,9.33,58.0,54.86,0.0
3a6c166d-37fa-5cda-adad-777eb4567f37,2026-09-12T13:32:00,4.41,6.5,4115,2626,11.08,65.62,53.65,0.0
f1a6081a-48e3-56db-936e-f49af9832cb1,2026-09-12T13:32:00,4.33,5.2,4097,2578,13.32,58.0,56.44,0.0
18b90679-ba14-5785-bca6-c3cc1e3ad587,2026-09-12T13:32:00,4.73,5.89,4155,2575,8.99,58.0,54.08,0.0
77059140-e829-5d12-90bd-2d2ebd9c436c,2026-09-12T13:32:00,4.04,6.24,4076,2476,12.57,58.0,52.6,0.0
3a6c166d-37fa-5cda-adad-777eb4567f37,2026-09-12T13:34:00,4.7,7.43,4003,2600,10.6,65.24,54.68,0.0
f1a6081a-48e3-56db-936e-f49af9832cb1,2026-09-12T13:34:00,3.85,6.33,4188,2629,9.42,58.0,53.3,0.0
18b90679-ba14-5785-bca6-c3cc1e3ad587,2026-09-12T13:34:00,4.52,6.79,3904,2470,10.22,58.0,52.75,0.0
77059140-e829-5d12-90bd-2d2ebd9c436c,2026-09-12T13:34:00,3.99,6.98,4181,2586,9.22,58.0,56.46,0.0
3a6c166d-37fa-5cda-adad-777eb4567f37,2026-09-12T13:36:00,4.15,6.62,3912,2520,9.72,65.8,55.37,0.0
f1a6081a-48e3-56db-936e-f49af9832cb1,2026-09-12T13:36:00,3.72,6.07,4073,2508,10.6,58.0,52.39,0.0
18b90679-ba14-5785-bca6-c3cc1e3ad587,2026-09-12T13:36:00,4.9,6.17,3936,2485,11.34,58.0,56.57,0.0
77059140-e829-5d12-90bd-2d2ebd9c436c,2026-09-12T13:36:00,4.27,6.82,4066,2634,9.09,58.0,55.88,0.0
3a6c166d-37fa-5cda-adad-777eb4567f37,2026-09-12T13:38:00,4.6,6.28,4019,2450,9.53,65.26,56.74,0.0
f1a6081a-48e3-56db-936e-f49af9832cb1,2026-09-12T13:38:00,4.37,6.14,4014,2299,12.95,58.0,53.68,0.0
18b90679-ba14-5785-bca6-c3cc1e3ad587,2026-09-12T13:38:00,4.42,6.61,4097,2492,11.54,58.0,51.8,0.0
77059140-e829-5d12-90bd-2d2ebd9c436c,2026-09-12T13:38:00,4.54,6.72,4131,2604,10.12,58.0,54.09,0.0
3a6c166d-37fa-5cda-adad-777eb4567f37,2026-09-12T13:40:00,4.69,5.84,4027,2443,11.97,65.61,58.11,0.0
f1a6081a-48e3-56db-936e-f49af9832cb1,2026-09-12T13:40:00,4.1,5.62,4075,2400,11.25,58.0,53.57,0.0
18b90679-ba14-5785-bca6-c3cc1e3ad587,2026-09-12T13:40:00,3.81,6.72,3816,2599,9.56,58.0,54.95,0.0
77059140-e829-5d12-90bd-2d2ebd9c436c,2026-09-12T13:40:00,4.22,6.89,4085,2377,9.8,58.0,53.56,0.0
3a6c166d-37fa-5cda-adad-777eb4567f37,2026-09-12T13:42:00,4.74,6.38,3961,2501,10.14,66.01,53.29,0.0
f1a6081a-48e3-56db-936e-f49af9832cb1,2026-09-12T13:42:00,4.45,6.26,3770,2362,14.91,58.0,52.61,0.0
18b90679-ba14-5785-bca6-c3cc1e3ad587,2026-09-12T13:42:00,4.55,5.97,4202,2380,9.43,58.0,55.18,0.0
77059140-e829-5d12-90bd-2d2ebd9c436c,2026-09-12T13:42:00,3.62,6.16,4120,2441,12.04,58.0,53.38,0.0
3a6c166d-37fa-5cda-adad-777eb4567f37,2026-09-12T13:44:00,4.27,6.4,3995,2495,10.79,65.25,53.91,0.0
f1a6081a-48e3-56db-936e-f49af9832cb1,2026-09-12T13:44:00,4.37,5.38,3965,2393,13.94,58.0,51.84,0.0
18b90679-ba14-5785-bca6-c3cc1e3ad587,2026-09-12T13:44:00,4.55,5.74,3994,2434,14.48,58.0,56.12,0.0
77059140-e829-5d12-90bd-2d2ebd9c436c,2026-09-12T13:44:00,4.35,5.56,3887,2456,7.33,58.0,53.88,0.0
3a6c166d-37fa-5cda-adad-777eb4567f37,2026-09-12T13:46:00,4.77,6.72,3795,2513,12.73,65.5,49.18,0.0
f1a6081a-48e3-56db-936e-f49af9832cb1,2026-09-12T13:46:00,4.36,5.51,4166,2580,9.42,58.0,52.28,0.0
18b90679-ba14-5785-bca6-c3cc1e3ad587,2026-09-12T13:46:00,3.99,6.4,4078,2489,7.46,58.0,53.56,0.0
77059140-e829-5d12-90bd-2d2ebd9c436c,2026-09-12T13:46:00,4.42,5.68,3920,2438,13.4,58.0,57.45,0.0
3a6c166d-37fa-5cda-adad-777eb4567f37,2026-09-12T13:48:00,4.49,6.88,3727,2523,8.45,65.56,50.39,0.0
f1a6081a-48e3-56db-936e-f49af9832cb1,2026-09-12T13:48:00,4.36,6.35,4221,2583,16.94,58.0,55.83,0.0
18b90679-ba14-5785-bca6-c3cc1e3ad587,2026-09-12T13:48:00,4.37,6.18,4085,2657,10.84,58.0,56.62,0.0
77059140-e829-5d12-90bd-2d2ebd9c436c,2026-09-12T13:48:00,4.48,6.29,4152,2373,12.02,58.0,52.51,0.0
3a6c166d-37fa-5cda-adad-777eb4567f37,2026-09-12T13:50:00,4.48,6.08,4135,2538,9.43,65.93,55.23,0.0
f1a6081a-48e3-56db-936e-f49af9832cb1,2026-09-12T13:50:00,4.01,5.76,4070,2487,9.76,58.0,52.13,0.0
18b90679-ba14-5785-bca6-c3cc1e3ad587,2026-09-12T13:50:00,3.77,6.23,3971,2639,9.93,58.0,50.16,0.0
77059140-e829-5d12-90bd-2d2ebd9c436c,2026-09-12T13:50:00,4.39,6.37,3934,2434,11.4,58.0,54.58,0.0
3a6c166d-37fa-5cda-adad-777eb4567f37,2026-09-12T13:52:00,3.49,6.31,4074,2630,9.78,64.9,54.34,0.0
f1a6081a-48e3-56db-936e-f49af9832cb1,2026-09-12T13:52:00,4.48,6.02,3937,2370,11.01,58.0,56.8,0.0
18b90679-ba14-5785-bca6-c3cc1e3ad587,2026-09-12T13:52:00,3.99,4.95,4112,2414,11.4,58.0,51.03,0.0
77059140-e829-5d12-90bd-2d2ebd9c436c,2026-09-12T13:52:00,4.45,5.6,3964,2452,11.16,58.0,52.05,0.0
3a6c166d-37fa-5cda-adad-777eb4567f37,2026-09-12T13:54:00,4.33,6.56,3776,2627,11.53,65.36,56.7,0.0
f1a6081a-48e3-56db-936e-f49af9832cb1,2026-09-12T13:54:00,4.35,5.68,3663,2511,13.01,58.0,54.68,0.0
18b90679-ba14-5785-bca6-c3cc1e3ad587,2026-09-12T13:54:00,4.76,6.82,3682,2469,12.33,58.0,49.86,0.0
77059140-e829-5d12-90bd-2d2ebd9c436c,2026-09-12T13:54:00,3.93,6.63,4003,2643,10.06,58.0,55.4,0.0
3a6c166d-37fa-5cda-adad-777eb4567f37,2026-09-12T13:56:00,3.92,5.69,3864,2414,11.0,65.73,51.51,0.0
f1a6081a-48e3-56db-936e-f49af9832cb1,2026-09-12T13:56:00,4.1,5.17,4231,2618,8.76,58.0,59.11,0.0
18b90679-ba14-5785-bca6-c3cc1e3ad587,2026-09-12T13:56:00,4.47,6.21,4076,2403,11.01,58.0,57.45,0.0
77059140-e829-5d12-90bd-2d2ebd9c436c,2026-09-12T13:56:00,4.14,7.03,4002,2417,12.62,58.0,52.71,0.0
3a6c166d-37fa-5cda-adad-777eb4567f37,2026-09-12T13:58:00,4.12,5.79,4101,2542,12.22,65.94,51.06,0.0
f1a6081a-48e3-56db-936e-f49af9832cb1,2026-09-12T13:58:00,3.99,6.27,3948,2475,9.78,58.0,54.1,0.0
18b90679-ba14-5785-bca6-c3cc1e3ad587,2026-09-12T13:58:00,4.73,6.95,4017,2445,8.89,58.0,56.53,0.0
77059140-e829-5d12-90bd-2d2ebd9c436c,2026-09-12T13:58:00,4.24,6.65,3894,2426,9.33,58.0,55.19,0.0
3a6c166d-37fa-5cda-adad-777eb4567f37,2026-09-12T14:00:00,4.0,6.4,3982,2284,10.26,66.19,54.83,0.0
f1a6081a-48e3-56db-936e-f49af9832cb1,2026-09-12T14:00:00,4.72,5.56,4069,2481,11.61,58.0,53.26,0.0
18b90679-ba14-5785-bca6-c3cc1e3ad587,2026-09-12T14:00:00,3.79,6.33,3970,2477,9.64,58.0,53.88,0.0
77059140-e829-5d12-90bd-2d2ebd9c436c,2026-09-12T14:00:00,4.1,5.36,4033,2448,12.34,58.0,57.92,0.0
3a6c166d-37fa-5cda-adad-777eb4567f37,2026-09-12T14:02:00,3.93,5.59,4030,2552,9.79,65.84,56.78,0.0
f1a6081a-48e3-56db-936e-f49af9832cb1,2026-09-12T14:02:00,3.23,6.18,4066,2664,9.94,58.0,55.86,0.0
18b90679-ba14-5785-bca6-c3cc1e3ad587,2026-09-12T14:02:00,4.52,6.31,3982,2603,13.54,58.0,54.37,0.0
77059140-e829-5d12-90bd-2d2ebd9c436c,2026-09-12T14:02:00,4.32,6.29,3995,2339,12.42,58.0,55.09,0.0
3a6c166d-37fa-5cda-adad-777eb4567f37,2026-09-12T14:04:00,4.09,6.18,4181,2484,7.48,65.88,51.7,0.0
f1a6081a-48e3-56db-936e-f49af9832cb1,2026-09-12T14:04:00,4.09,5.19,3973,2571,12.56,58.0,56.77,0.0
18b90679-ba14-5785-bca6-c3cc1e3ad587,2026-09-12T14:04:00,4.05,5.97,4067,2569,9.99,58.0,55.15,0.0
77059140-e829-5d12-90bd-2d2ebd9c436c,2026-09-12T14:04:00,4.53,6.39,4198,2476,9.34,58.0,55.17,0.0
3a6c166d-37fa-5cda-adad-777eb4567f37,2026-09-12T14:06:00,3.61,7.01,3983,2489,9.99,66.0,54.36,0.0
f1a6081a-48e3-56db-936e-f49af9832cb1,2026-09-12T14:06:00,4.19,5.03,4015,2449,10.38,58.0,55.67,0.0
18b90679-ba14-5785-bca6-c3cc1e3ad587,2026-09-12T14:06:00,4.71,5.85,4062,2507,11.26,58.0,51.31,0.0
77059140-e829-5d12-90bd-2d2ebd9c436c,2026-09-12T14:06:00,4.72,6.39,3923,2511,10.15,58.0,50.77,0.0
3a6c166d-37fa-5cda-adad-777eb4567f37,2026-09-12T14:08:00,4.18,6.11,3845,2472,12.07,65.96,55.19,0.0
f1a6081a-48e3-56db-936e-f49af9832cb1,2026-09-12T14:08:00,3.99,6.21,3984,2574,7.38,58.0,55.14,0.0
18b90679-ba14-5785-bca6-c3cc1e3ad587,2026-09-12T14:08:00,4.86,6.63,3993,2508,11.69,58.0,50.84,0.0
77059140-e829-5d12-90bd-2d2ebd9c436c,2026-09-12T14:08:00,4.35,7.02,3880,2583,9.6,58.0,53.94,0.0
3a6c166d-37fa-5cda-adad-777eb4567f37,2026-09-12T14:10:00,4.37,5.32,3962,2580,11.97,65.73,58.07,0.0
f1a6081a-48e3-56db-936e-f49af9832cb1,2026-09-12T14:10:00,4.42,5.52,4279,2421,11.71,58.0,54.54,0.0
18b90679-ba14-5785-bca6-c3cc1e3ad587,2026-09-12T14:10:00,3.52,6.28,3916,2316,8.62,58.0,53.14,0.0
77059140-e829-5d12-90bd-2d2ebd9c436c,2026-09-12T14:10:00,4.57,6.23,4190,2433,8.97,58.0,55.33,0.0
3a6c166d-37fa-5cda-adad-777eb4567f37,2026-09-12T14:12:00,4.28,6.42,4024,2551,10.44,65.88,51.27,0.0
f1a6081a-48e3-56db-936e-f49af9832cb1,2026-09-12T14:12:00,4.7,6.11,4089,2320,12.63,58.0,51.09,0.0
18b90679-ba14-5785-bca6-c3cc1e3ad587,2026-09-12T14:12:00,3.89,6.22,3664,2457,7.17,58.0,52.81,0.0
77059140-e829-5d12-90bd-2d2ebd9c436c,2026-09-12T14:12:00,4.24,5.9,4117,2571,14.35,58.0,60.88,0.0
3a6c166d-37fa-5cda-adad-777eb4567f37,2026-09-12T14:14:00,3.33,5.86,3889,2552,12.52,66.05,55.03,0.0
f1a6081a-48e3-56db-936e-f49af9832cb1,2026-09-12T14:14:00,4.7,5.87,3821,2635,10.72,58.0,56.89,0.0
18b90679-ba14-5785-bca6-c3cc1e3ad587,2026-09-12T14:14:00,4.17,6.11,3819,2535,9.58,58.0,51.1,0.0
77059140-e829-5d12-90bd-2d2ebd9c436c,2026-09-12T14:14:00,3.85,7.15,4082,2354,13.09,58.0,51.98,0.0
3a6c166d-37fa-5cda-adad-777eb4567f37,2026-09-12T14:16:00,3.49,6.1,3914,2512,11.47,66.44,51.17,0.0
f1a6081a-48e3-56db-936e-f49af9832cb1,2026-09-12T14:16:00,4.12,6.41,4036,2360,10.19,58.0,50.84,0.0
18b90679-ba14-5785-bca6-c3cc1e3ad587,2026-09-12T14:16:00,3.65,6.12,4146,2452,9.74,58.0,52.03,0.0
77059140-e829-5d12-90bd-2d2ebd9c436c,2026-09-12T14:16:00,4.22,5.49,3984,2279,12.98,58.0,58.32,0.0
3a6c166d-37fa-5cda-adad-777eb4567f37,2026-09-12T14:18:00,4.66,6.59,3747,2433,11.27,65.75,53.79,0.0
f1a6081a-48e3-56db-936e-f49af9832cb1,2026-09-12T14:18:00,4.0,6.42,3823,2452,12.65,58.0,55.6,0.0
18b90679-ba14-5785-bca6-c3cc1e3ad587,2026-09-12T14:18:00,3.79,5.97,3910,2615,13.8,58.0,54.18,0.0
77059140-e829-5d12-90bd-2d2ebd9c436c,2026-09-12T14:18:00,3.76,5.78,4013,2464,9.5,58.0,53.06,0.0
3a6c166d-37fa-5cda-adad-777eb4567f37,2026-09-12T14:20:00,3.42,5.79,3900,2469,13.83,66.29,54.72,0.0
f1a6081a-48e3-56db-936e-f49af9832cb1,2026-09-12T14:20:00,4.67,5.45,3949,2627,10.57,58.0,54.68,0.0
18b90679-ba14-5785-bca6-c3cc1e3ad587,2026-09-12T14:20:00,4.49,5.7,3959,2532,7.69,58.0,56.71,0.0
77059140-e829-5d12-90bd-2d2ebd9c436c,2026-09-12T14:20:00,4.36,7.04,3877,2357,9.68,58.0,52.52,0.0
3a6c166d-37fa-5cda-adad-777eb4567f37,2026-09-12T14:22:00,3.85,6.68,3944,2760,11.53,65.73,53.53,0.0
f1a6081a-48e3-56db-936e-f49af9832cb1,2026-09-12T14:22:00,4.27,7.07,3702,2506,13.47,58.0,50.68,0.0
18b90679-ba14-5785-bca6-c3cc1e3ad587,2026-09-12T14:22:00,3.57,6.09,3893,2474,7.31,58.0,55.13,0.0
77059140-e829-5d12-90bd-2d2ebd9c436c,2026-09-12T14:22:00,4.15,6.08,3859,2590,10.34,58.0,53.0,0.0
3a6c166d-37fa-5cda-adad-777eb4567f37,2026-09-12T14:24:00,4.51,6.0,3808,2307,9.87,65.78,50.99,0.0
f1a6081a-48e3-56db-936e-f49af9832cb1,2026-09-12T14:24:00,4.54,6.03,3838,2357,9.91,58.0,53.41,0.0
18b90679-ba14-5785-bca6-c3cc1e3ad587,2026-09-12T14:24:00,3.66,6.15,3924,2688,8.33,58.0,52.37,0.0
77059140-e829-5d12-90bd-2d2ebd9c436c,2026-09-12T14:24:00,3.51,6.73,3840,2429,9.33,58.0,52.32,0.0
3a6c166d-37fa-5cda-adad-777eb4567f37,2026-09-12T14:26:00,4.2,5.74,3860,2603,6.66,66.15,54.09,0.0
f1a6081a-48e3-56db-936e-f49af9832cb1,2026-09-12T14:26:00,3.86,6.28,4042,2327,9.72,58.0,55.06,0.0
18b90679-ba14-5785-bca6-c3cc1e3ad587,2026-09-12T14:26:00,3.94,5.79,3967,2347,10.58,58.0,60.92,0.0
77059140-e829-5d12-90bd-2d2ebd9c436c,2026-09-12T14:26:00,3.61,5.57,3979,2524,9.74,58.0,50.03,0.0
3a6c166d-37fa-5cda-adad-777eb4567f37,2026-09-12T14:28:00,4.47,6.09,3737,2457,8.39,65.82,52.5,0.0
f1a6081a-48e3-56db-936e-f49af9832cb1,2026-09-12T14:28:00,3.93,6.12,3785,2333,14.21,58.0,57.19,0.0
18b90679-ba14-5785-bca6-c3cc1e3ad587,2026-09-12T14:28:00,3.99,5.78,3849,2552,12.8,58.0,52.74,0.0
77059140-e829-5d12-90bd-2d2ebd9c436c,2026-09-12T14:28:00,3.97,6.15,3923,2445,10.05,58.0,57.14,0.0
3a6c166d-37fa-5cda-adad-777eb4567f37,2026-09-12T14:30:00,4.27,5.69,3980,2356,11.73,66.46,56.34,0.0
f1a6081a-48e3-56db-936e-f49af9832cb1,2026-09-12T14:30:00,4.36,5.93,3865,2533,12.5,58.0,51.41,0.0
18b90679-ba14-5785-bca6-c3cc1e3ad587,2026-09-12T14:30:00,3.68,5.59,4024,2548,9.12,58.0,53.51,0.0
77059140-e829-5d12-90bd-2d2ebd9c436c,2026-09-12T14:30:00,4.25,5.83,3897,2438,10.82,58.0,54.85,0.0
3a6c166d-37fa-5cda-adad-777eb4567f37,2026-09-12T14:32:00,3.59,6.23,4000,2467,12.94,66.6,57.88,0.0
f1a6081a-48e3-56db-936e-f49af9832cb1,2026-09-12T14:32:00,4.19,6.88,3923,2378,9.05,58.0,54.99,0.0
18b90679-ba14-5785-bca6-c3cc1e3ad587,2026-09-12T14:32:00,4.46,6.21,3924,2565,12.92,58.0,50.51,0.0
77059140-e829-5d12-90bd-2d2ebd9c436c,2026-09-12T14:32:00,3.52,6.21,4069,2537,11.83,58.0,53.19,0.0
3a6c166d-37fa-5cda-adad-777eb4567f37,2026-09-12T14:34:00,4.33,6.25,3962,2368,8.45,66.74,52.54,0.0
f1a6081a-48e3-56db-936e-f49af9832cb1,2026-09-12T14:34:00,3.98,5.68,4115,2423,12.08,58.0,53.11,0.0
18b90679-ba14-5785-bca6-c3cc1e3ad587,2026-09-12T14:34:00,3.9,6.04,3940,2427,12.14,58.0,52.34,0.0
77059140-e829-5d12-90bd-2d2ebd9c436c,2026-09-12T14:34:00,4.71,5.56,3888,2402,9.06,58.0,50.31,0.0
3a6c166d-37fa-5cda-adad-777eb4567f37,2026-09-12T14:36:00,3.62,5.98,3724,2390,7.79,66.38,53.51,0.0
f1a6081a-48e3-56db-936e-f49af9832cb1,2026-09-12T14:36:00,4.31,7.0,4068,2403,9.82,58.0,57.27,0.0
18b90679-ba14-5785-bca6-c3cc1e3ad587,2026-09-12T14:36:00,4.65,6.01,3808,2530,12.54,58.0,52.53,0.0
77059140-e829-5d12-90bd-2d2ebd9c436c,2026-09-12T14:36:00,4.33,5.77,3759,2302,6.37,58.0,51.48,0.0
3a6c166d-37fa-5cda-adad-777eb4567f37,2026-09-12T14:38:00,4.21,5.58,3842,2469,11.43,66.07,52.55,0.0
f1a6081a-48e3-56db-936e-f49af9832cb1,2026-09-12T14:38:00,4.41,5.89,3897,2458,10.55,58.0,51.94,0.0
18b90679-ba14-5785-bca6-c3cc1e3ad587,2026-09-12T14:38:00,4.44,5.59,3856,2395,12.79,58.0,56.46,0.0
77059140-e829-5d12-90bd-2d2ebd9c436c,2026-09-12T14:38:00,4.04,5.73,3769,2502,9.05,58.0,51.02,0.0
3a6c166d-37fa-5cda-adad-777eb4567f37,2026-09-12T14:40:00,3.81,6.69,3858,2703,8.93,66.02,56.39,0.0
f1a6081a-48e3-56db-936e-f49af9832cb1,2026-09-12T14:40:00,4.13,6.11,3932,2562,6.74,58.0,54.49,0.0
18b90679-ba14-5785-bca6-c3cc1e3ad587,2026-09-12T14:40:00,4.16,5.86,3803,2438,8.41,58.0,47.84,0.0
77059140-e829-5d12-90bd-2d2ebd9c436c,2026-09-12T14:40:00,4.28,6.51,3936,2500,11.8,58.0,50.96,0.0
3a6c166d-37fa-5cda-adad-777eb4567f37,2026-09-12T14:42:00,3.7,6.15,3773,2337,11.47,66.47,55.69,0.0
f1a6081a-48e3-56db-936e-f49af9832cb1,2026-09-12T14:42:00,4.93,6.13,3879,2531,13.11,58.0,56.15,0.0
18b90679-ba14-5785-bca6-c3cc1e3ad587,2026-09-12T14:42:00,4.12,5.74,3800,2367,13.49,58.0,51.14,0.0
77059140-e829-5d12-90bd-2d2ebd9c436c,2026-09-12T14:42:00,4.05,5.67,3911,2444,10.07,58.0,53.34,0.0
3a6c166d-37fa-5cda-adad-777eb4567f37,2026-09-12T14:44:00,4.36,6.47,3987,2269,11.02,66.77,53.54,0.0
f1a6081a-48e3-56db-936e-f49af9832cb1,2026-09-12T14:44:00,4.52,6.92,4088,2607,12.38,58.0,52.89,0.0
18b90679-ba14-5785-bca6-c3cc1e3ad587,2026-09-12T14:44:00,4.16,5.86,3926,2417,12.91,58.0,56.25,0.0
77059140-e829-5d12-90bd-2d2ebd9c436c,2026-09-12T14:44:00,4.2,5.47,3909,2571,8.51,58.0,60.6,0.0
3a6c166d-37fa-5cda-adad-777eb4567f37,2026-09-12T14:46:00,4.96,6.13,3839,2409,11.28,66.31,51.94,0.0
f1a6081a-48e3-56db-936e-f49af9832cb1,2026-09-12T14:46:00,4.23,5.67,3809,2351,11.75,58.0,54.57,0.0
18b90679-ba14-5785-bca6-c3cc1e3ad587,2026-09-12T14:46:00,4.0,5.61,3983,2561,9.59,58.0,57.28,0.0
77059140-e829-5d12-90bd-2d2ebd9c436c,2026-09-12T14:46:00,3.5,5.83,4018,2656,12.67,58.0,58.05,0.0
3a6c166d-37fa-5cda-adad-777eb4567f37,2026-09-12T14:48:00,4.8,6.09,3893,2561,9.65,66.45,53.38,0.0
f1a6081a-48e3-56db-936e-f49af9832cb1,2026-09-12T14:48:00,4.68,5.95,3824,2276,8.0,58.0,52.39,0.0
18b90679-ba14-5785-bca6-c3cc1e3ad587,2026-09-12T14:48:00,3.83,7.06,3873,2455,9.87,58.0,57.39,0.0
77059140-e829-5d12-90bd-2d2ebd9c436c,2026-09-12T14:48:00,4.46,5.43,3830,2456,9.43,58.0,51.66,0.0
3a6c166d-37fa-5cda-adad-777eb4567f37,2026-09-12T14:50:00,3.98,5.38,3985,2249,11.64,66.36,52.02,0.0
f1a6081a-48e3-56db-936e-f49af9832cb1,2026-09-12T14:50:00,4.57,6.07,4066,2371,14.02,58.0,55.7,0.0
18b90679-ba14-5785-bca6-c3cc1e3ad587,2026-09-12T14:50:00,4.49,5.37,3739,2460,11.78,58.0,54.83,0.0
77059140-e829-5d12-90bd-2d2ebd9c436c,2026-09-12T14:50:00,3.83,5.06,3742,2364,10.16,58.0,54.38,0.0
3a6c166d-37fa-5cda-adad-777eb4567f37,2026-09-12T14:52:00,3.92,5.45,3883,2431,8.49,65.96,57.43,0.0
f1a6081a-48e3-56db-936e-f49af9832cb1,2026-09-12T14:52:00,4.03,6.45,3844,2522,13.76,58.0,54.28,0.0
18b90679-ba14-5785-bca6-c3cc1e3ad587,2026-09-12T14:52:00,4.54,5.92,4024,2430,11.34,58.0,54.93,0.0
77059140-e829-5d12-90bd-2d2ebd9c436c,2026-09-12T14:52:00,4.28,5.66,3717,2502,9.69,58.0,49.76,0.0
3a6c166d-37fa-5cda-adad-777eb4567f37,2026-09-12T14:54:00,4.75,5.42,3929,2278,11.36,66.35,48.78,0.0
f1a6081a-48e3-56db-936e-f49af9832cb1,2026-09-12T14:54:00,4.17,6.07,4044,2460,9.59,58.0,54.8,0.0
18b90679-ba14-5785-bca6-c3cc1e3ad587,2026-09-12T14:54:00,3.46,5.96,3765,2339,12.98,58.0,50.75,0.0
77059140-e829-5d12-90bd-2d2ebd9c436c,2026-09-12T14:54:00,4.27,5.37,4010,2382,10.61,58.0,55.99,0.0
3a6c166d-37fa-5cda-adad-777eb4567f37,2026-09-12T14:56:00,3.41,5.97,3957,2401,7.46,67.15,55.34,0.0
f1a6081a-48e3-56db-936e-f49af9832cb1,2026-09-12T14:56:00,4.58,6.13,3913,2495,7.87,58.0,51.61,0.0
18b90679-ba14-5785-bca6-c3cc1e3ad587,2026-09-12T14:56:00,4.24,6.04,3924,2564,14.06,58.0,53.47,0.0
77059140-e829-5d12-90bd-2d2ebd9c436c,2026-09-12T14:56:00,3.64,5.78,3870,2434,8.84,58.0,53.67,0.0
3a6c166d-37fa-5cda-adad-777eb4567f37,2026-09-12T14:58:00,4.17,6.93,3937,2453,10.95,66.86,48.96,0.0
f1a6081a-48e3-56db-936e-f49af9832cb1,2026-09-12T14:58:00,4.59,6.65,3806,2242,11.54,58.0,50.73,0.0
18b90679-ba14-5785-bca6-c3cc1e3ad587,2026-09-12T14:58:00,4.61,6.77,3765,2523,8.06,58.0,50.18,0.0
77059140-e829-5d12-90bd-2d2ebd9c436c,2026-09-12T14:58:00,3.65,6.28,3775,2500,10.13,58.0,52.41,0.0
3a6c166d-37fa-5cda-adad-777eb4567f37,2026-09-12T15:00:00,3.33,6.56,3978,2387,10.26,66.66,54.0,0.0
f1a6081a-48e3-56db-936e-f49af9832cb1,2026-09-12T15:00:00,4.99,6.4,3783,2212,5.72,58.0,57.56,0.0
18b90679-ba14-5785-bca6-c3cc1e3ad587,2026-09-12T15:00:00,3.62,6.01,3877,2401,9.86,58.0,51.15,0.0
77059140-e829-5d12-90bd-2d2ebd9c436c,2026-09-12T15:00:00,4.28,6.92,3464,2414,11.97,58.0,54.63,0.0
3a6c166d-37fa-5cda-adad-777eb4567f37,2026-09-12T15:02:00,4.51,5.6,4014,2323,10.13,67.05,51.45,0.0
f1a6081a-48e3-56db-936e-f49af9832cb1,2026-09-12T15:02:00,4.81,5.86,3782,2438,8.41,58.0,51.54,0.0
18b90679-ba14-5785-bca6-c3cc1e3ad587,2026-09-12T15:02:00,4.16,6.04,3768,2375,10.99,58.0,51.26,0.0
77059140-e829-5d12-90bd-2d2ebd9c436c,2026-09-12T15:02:00,4.19,7.06,3851,2358,8.62,58.0,54.73,0.0
3a6c166d-37fa-5cda-adad-777eb4567f37,2026-09-12T15:04:00,4.27,6.58,3886,2491,12.25,67.06,52.25,0.0
f1a6081a-48e3-56db-936e-f49af9832cb1,2026-09-12T15:04:00,4.24,5.58,3831,2551,10.09,58.0,49.17,0.0
18b90679-ba14-5785-bca6-c3cc1e3ad587,2026-09-12T15:04:00,4.03,5.89,3944,2361,8.65,58.0,53.38,0.0
77059140-e829-5d12-90bd-2d2ebd9c436c,2026-09-12T15:04:00,4.18,6.47,3966,2339,10.92,58.0,54.51,0.0
3a6c166d-37fa-5cda-adad-777eb4567f37,2026-09-12T15:06:00,3.75,5.86,3791,2303,12.14,67.35,55.68,0.0
f1a6081a-48e3-56db-936e-f49af9832cb1,2026-09-12T15:06:00,4.28,5.97,4070,2278,11.81,58.0,58.64,0.0
18b90679-ba14-5785-bca6-c3cc1e3ad587,2026-09-12T15:06:00,3.8,6.44,4038,2415,7.46,58.0,55.79,0.0
77059140-e829-5d12-90bd-2d2ebd9c436c,2026-09-12T15:06:00,4.27,6.41,3961,2281,11.68,58.0,53.87,0.0
3a6c166d-37fa-5cda-adad-777eb4567f37,2026-09-12T15:08:00,3.84,5.03,3884,2412,12.37,66.46,53.94,0.0
f1a6081a-48e3-56db-936e-f49af9832cb1,2026-09-12T15:08:00,4.19,5.9,3660,2359,13.66,58.0,55.51,0.0
18b90679-ba14-5785-bca6-c3cc1e3ad587,2026-09-12T15:08:00,4.05,6.86,3784,2318,9.06,58.0,52.8,0.0
77059140-e829-5d12-90bd-2d2ebd9c436c,2026-09-12T15:08:00,3.75,5.89,3642,2318,8.77,58.0,54.23,0.0
3a6c166d-37fa-5cda-adad-777eb4567f37,2026-09-12T15:10:00,3.96,5.56,3760,2403,12.03,66.86,49.44,0.0
f1a6081a-48e3-56db-936e-f49af9832cb1,2026-09-12T15:10:00,4.87,5.89,3754,2491,12.96,58.0,52.37,0.0
18b90679-ba14-5785-bca6-c3cc1e3ad587,2026-09-12T15:10:00,4.66,5.77,3789,2323,10.59,58.0,55.77,0.0
77059140-e829-5d12-90bd-2d2ebd9c436c,2026-09-12T15:10:00,4.19,6.08,3707,2346,10.12,58.0,52.15,0.0
3a6c166d-37fa-5cda-adad-777eb4567f37,2026-09-12T15:12:00,4.43,5.47,3741,2285,6.45,66.84,53.85,0.0
f1a6081a-48e3-56db-936e-f49af9832cb1,2026-09-12T15:12:00,4.75,4.93,3644,2197,8.16,58.0,52.63,0.0
18b90679-ba14-5785-bca6-c3cc1e3ad587,2026-09-12T15:12:00,4.39,5.09,3841,2389,9.79,58.0,55.18,0.0
77059140-e829-5d12-90bd-2d2ebd9c436c,2026-09-12T15:12:00,4.79,6.67,3888,2399,7.35,58.0,57.47,0.0
3a6c166d-37fa-5cda-adad-777eb4567f37,2026-09-12T15:14:00,4.1,5.76,3746,2479,6.96,66.45,52.75,0.0
f1a6081a-48e3-56db-936e-f49af9832cb1,2026-09-12T15:14:00,4.61,5.45,3618,2427,11.19,58.0,52.31,0.0
18b90679-ba14-5785-bca6-c3cc1e3ad587,2026-09-12T15:14:00,4.19,5.48,3684,2369,12.18,58.0,58.21,0.0
77059140-e829-5d12-90bd-2d2ebd9c436c,2026-09-12T15:14:00,4.28,5.62,3839,2480,6.91,58.0,50.9,0.0
3a6c166d-37fa-5cda-adad-777eb4567f37,2026-09-12T15:16:00,3.98,6.49,3735,2433,10.96,66.38,52.03,0.0
f1a6081a-48e3-56db-936e-f49af9832cb1,2026-09-12T15:16:00,4.19,5.32,3865,2319,11.53,58.0,50.03,0.0
18b90679-ba14-5785-bca6-c3cc1e3ad587,2026-09-12T15:16:00,4.16,6.23,3672,2299,10.12,58.0,52.92,0.0
77059140-e829-5d12-90bd-2d2ebd9c436c,2026-09-12T15:16:00,4.31,6.35,3869,2309,9.38,58.0,51.98,0.0
3a6c166d-37fa-5cda-adad-777eb4567f37,2026-09-12T15:18:00,4.04,5.9,3951,2292,9.86,66.79,50.8,0.0
f1a6081a-48e3-56db-936e-f49af9832cb1,2026-09-12T15:18:00,4.14,6.01,3763,2328,8.92,58.0,52.94,0.0
18b90679-ba14-5785-bca6-c3cc1e3ad587,2026-09-12T15:18:00,3.94,5.85,3738,2455,11.24,58.0,53.33,0.0
77059140-e829-5d12-90bd-2d2ebd9c436c,2026-09-12T15:18:00,4.23,6.24,3915,2259,12.14,58.0,59.14,0.0
3a6c166d-37fa-5cda-adad-777eb4567f37,2026-09-12T15:20:00,4.48,5.63,3779,2384,6.53,66.64,53.74,0.0
f1a6081a-48e3-56db-936e-f49af9832cb1,2026-09-12T15:20:00,4.53,5.6,3662,2294,11.06,58.0,55.72,0.0
18b90679-ba14-5785-bca6-c3cc1e3ad587,2026-09-12T15:20:00,4.69,6.2,3587,2297,9.03,58.0,50.34,0.0
77059140-e829-5d12-90bd-2d2ebd9c436c,2026-09-12T15:20:00,4.28,5.54,3808,2300,11.75,58.0,54.2,0.0
3a6c166d-37fa-5cda-adad-777eb4567f37,2026-09-12T15:22:00,3.89,6.12,3880,2462,10.08,66.83,51.93,0.0
f1a6081a-48e3-56db-936e-f49af9832cb1,2026-09-12T15:22:00,4.34,5.54,3764,2430,10.46,58.0,54.42,0.0
18b90679-ba14-5785-bca6-c3cc1e3ad587,2026-09-12T15:22:00,3.8,5.48,3712,2196,9.08,58.0,53.78,0.0
77059140-e829-5d12-90bd-2d2ebd9c436c,2026-09-12T15:22:00,3.22,5.67,3592,2355,9.28,58.0,54.5,0.0
3a6c166d-37fa-5cda-adad-777eb4567f37,2026-09-12T15:24:00,4.5,6.05,3804,2235,8.47,66.3,54.57,0.0
f1a6081a-48e3-56db-936e-f49af9832cb1,2026-09-12T15:24:00,4.4,5.13,3694,2383,8.84,58.0,55.35,0.0
18b90679-ba14-5785-bca6-c3cc1e3ad587,2026-09-12T15:24:00,4.25,6.07,3718,2304,8.46,58.0,55.85,0.0
77059140-e829-5d12-90bd-2d2ebd9c436c,2026-09-12T15:24:00,3.66,5.73,3896,2381,9.05,58.0,51.2,0.0
3a6c166d-37fa-5cda-adad-777eb4567f37,2026-09-12T15:26:00,4.03,6.27,3683,2334,9.53,67.19,56.52,0.0
f1a6081a-48e3-56db-936e-f49af9832cb1,2026-09-12T15:26:00,4.49,6.56,3652,2414,7.13,58.0,50.14,0.0
18b90679-ba14-5785-bca6-c3cc1e3ad587,2026-09-12T15:26:00,4.39,5.93,3655,2402,5.85,58.0,48.59,0.0
77059140-e829-5d12-90bd-2d2ebd9c436c,2026-09-12T15:26:00,4.38,6.13,3738,2318,9.38,58.0,55.59,0.0
3a6c166d-37fa-5cda-adad-777eb4567f37,2026-09-12T15:28:00,3.85,6.2,3843,2228,9.32,66.67,53.48,0.0
f1a6081a-48e3-56db-936e-f49af9832cb1,2026-09-12T15:28:00,4.3,6.17,3680,2517,12.09,58.0,52.32,0.0
18b90679-ba14-5785-bca6-c3cc1e3ad587,2026-09-12T15:28:00,4.29,5.93,3659,2389,11.25,58.0,53.49,0.0
77059140-e829-5d12-90bd-2d2ebd9c436c,2026-09-12T15:28:00,4.38,5.54,3561,2392,7.86,58.0,53.29,0.0
3a6c166d-37fa-5cda-adad-777eb4567f37,2026-09-12T15:30:00,3.48,6.36,3829,2413,13.2,66.92,55.11,0.0
f1a6081a-48e3-56db-936e-f49af9832cb1,2026-09-12T15:30:00,4.24,5.7,3701,2325,8.32,58.0,59.46,0.0
18b90679-ba14-5785-bca6-c3cc1e3ad587,2026-09-12T15:30:00,3.79,5.86,3503,2219,9.34,58.0,51.23,0.0
77059140-e829-5d12-90bd-2d2ebd9c436c,2026-09-12T15:30:00,4.56,5.25,3849,2276,9.89,58.0,54.61,0.0
3a6c166d-37fa-5cda-adad-777eb4567f37,2026-09-12T15:32:00,4.49,6.47,3783,2187,10.8,66.82,51.04,0.0
f1a6081a-48e3-56db-936e-f49af9832cb1,2026-09-12T15:32:00,4.58,6.03,3597,2270,10.27,58.0,54.12,0.0
18b90679-ba14-5785-bca6-c3cc1e3ad587,2026-09-12T15:32:00,3.96,6.45,3730,2279,12.49,58.0,54.94,0.0
77059140-e829-5d12-90bd-2d2ebd9c436c,2026-09-12T15:32:00,3.66,6.14,3554,2404,11.47,58.0,52.21,0.0
3a6c166d-37fa-5cda-adad-777eb4567f37,2026-09-12T15:34:00,4.63,6.26,3521,2407,9.61,67.11,55.54,0.0
f1a6081a-48e3-56db-936e-f49af9832cb1,2026-09-12T15:34:00,3.82,5.07,3730,2418,13.42,58.0,57.94,0.0
18b90679-ba14-5785-bca6-c3cc1e3ad587,2026-09-12T15:34:00,4.34,6.05,3453,2387,7.68,58.0,55.74,0.0
77059140-e829-5d12-90bd-2d2ebd9c436c,2026-09-12T15:34:00,3.92,6.46,3517,2412,7.86,58.0,54.6,0.0
3a6c166d-37fa-5cda-adad-777eb4567f37,2026-09-12T15:36:00,4.39,6.16,3501,2294,10.13,67.26,54.87,0.0
f1a6081a-48e3-56db-936e-f49af9832cb1,2026-09-12T15:36:00,4.08,5.75,3657,2427,11.23,58.0,53.47,0.0
18b90679-ba14-5785-bca6-c3cc1e3ad587,2026-09-12T15:36:00,4.44,5.55,3769,2230,10.18,58.0,55.11,0.0
77059140-e829-5d12-90bd-2d2ebd9c436c,2026-09-12T15:36:00,3.92,5.8,3542,2308,11.77,58.0,53.76,0.0
3a6c166d-37fa-5cda-adad-777eb4567f37,2026-09-12T15:38:00,4.94,5.48,3713,2268,10.21,66.62,52.65,0.0
f1a6081a-48e3-56db-936e-f49af9832cb1,2026-09-12T15:38:00,3.99,5.66,3527,2320,8.72,58.0,51.07,0.0
18b90679-ba14-5785-bca6-c3cc1e3ad587,2026-09-12T15:38:00,4.33,5.33,3524,2375,6.36,58.0,54.48,0.0
77059140-e829-5d12-90bd-2d2ebd9c436c,2026-09-12T15:38:00,4.57,5.66,3778,2240,10.68,58.0,51.5,0.0
3a6c166d-37fa-5cda-adad-777eb4567f37,2026-09-12T15:40:00,3.76,6.19,3920,2269,7.14,66.91,53.88,0.0
f1a6081a-48e3-56db-936e-f49af9832cb1,2026-09-12T15:40:00,4.48,5.73,3499,2251,5.83,58.0,53.71,0.0
18b90679-ba14-5785-bca6-c3cc1e3ad587,2026-09-12T15:40:00,3.54,5.57,3597,2292,12.08,58.0,48.5,0.0
77059140-e829-5d12-90bd-2d2ebd9c436c,2026-09-12T15:40:00,3.53,5.69,3662,2281,9.25,58.0,54.23,0.0
3a6c166d-37fa-5cda-adad-777eb4567f37,2026-09-12T15:42:00,4.36,6.17,3652,2246,10.24,67.46,49.98,0.0
f1a6081a-48e3-56db-936e-f49af9832cb1,2026-09-12T15:42:00,3.86,6.68,3779,2186,8.72,58.0,56.32,0.0
18b90679-ba14-5785-bca6-c3cc1e3ad587,2026-09-12T15:42:00,3.96,6.16,3550,2365,5.91,58.0,52.26,0.0
77059140-e829-5d12-90bd-2d2ebd9c436c,2026-09-12T15:42:00,4.42,5.95,3678,2262,9.43,58.0,52.77,0.0
3a6c166d-37fa-5cda-adad-777eb4567f37,2026-09-12T15:44:00,3.6,6.56,3778,2259,8.89,67.13,54.59,0.0
f1a6081a-48e3-56db-936e-f49af9832cb1,2026-09-12T15:44:00,3.6,5.56,3722,2416,11.26,58.0,53.29,0.0
18b90679-ba14-5785-bca6-c3cc1e3ad587,2026-09-12T15:44:00,4.21,5.54,3620,2252,9.58,58.0,50.57,0.0
77059140-e829-5d12-90bd-2d2ebd9c436c,2026-09-12T15:44:00,3.62,6.05,3644,2265,10.75,58.0,45.96,0.0
3a6c166d-37fa-5cda-adad-777eb4567f37,2026-09-12T15:46:00,3.95,5.91,3871,2288,8.37,67.3,55.97,0.0
f1a6081a-48e3-56db-936e-f49af9832cb1,2026-09-12T15:46:00,4.33,6.06,3681,2518,9.63,58.0,51.65,0.0
18b90679-ba14-5785-bca6-c3cc1e3ad587,2026-09-12T15:46:00,4.18,5.45,3487,2225,11.36,58.0,48.42,0.0
77059140-e829-5d12-90bd-2d2ebd9c436c,2026-09-12T15:46:00,4.22,6.77,3541,2377,11.26,58.0,56.46,0.0
3a6c166d-37fa-5cda-adad-777eb4567f37,2026-09-12T15:48:00,4.05,5.4,3729,2270,11.13,67.15,55.01,0.0
f1a6081a-48e3-56db-936e-f49af9832cb1,2026-09-12T15:48:00,4.22,6.38,3574,2323,11.11,58.0,52.71,0.0
18b90679-ba14-5785-bca6-c3cc1e3ad587,2026-09-12T15:48:00,4.48,6.36,3682,2267,8.83,58.0,58.72,0.0
77059140-e829-5d12-90bd-2d2ebd9c436c,2026-09-12T15:48:00,4.24,6.43,3721,2416,9.55,58.0,51.61,0.0
3a6c166d-37fa-5cda-adad-777eb4567f37,2026-09-12T15:50:00,3.9,5.02,3723,2440,9.65,66.93,56.52,0.0
f1a6081a-48e3-56db-936e-f49af9832cb1,2026-09-12T15:50:00,4.5,6.21,3601,2204,8.56,58.0,56.39,0.0
18b90679-ba14-5785-bca6-c3cc1e3ad587,2026-09-12T15:50:00,4.43,5.3,3777,2443,9.61,58.0,53.44,0.0
77059140-e829-5d12-90bd-2d2ebd9c436c,2026-09-12T15:50:00,3.82,5.72,3577,2371,12.43,58.0,50.92,0.0
3a6c166d-37fa-5cda-adad-777eb4567f37,2026-09-12T15:52:00,4.38,5.91,3743,2318,9.85,67.51,52.15,0.0
f1a6081a-48e3-56db-936e-f49af9832cb1,2026-09-12T15:52:00,4.23,5.48,3604,2194,10.04,58.0,48.87,0.0
18b90679-ba14-5785-bca6-c3cc1e3ad587,2026-09-12T15:52:00,3.79,5.94,3367,2285,10.19,58.0,50.8,0.0
77059140-e829-5d12-90bd-2d2ebd9c436c,2026-09-12T15:52:00,4.21,5.78,3481,2203,8.14,58.0,49.95,0.0
3a6c166d-37fa-5cda-adad-777eb4567f37,2026-09-12T15:54:00,3.98,5.68,3727,2280,14.21,66.97,56.29,0.0
f1a6081a-48e3-56db-936e-f49af9832cb1,2026-09-12T15:54:00,3.95,5.6,3542,2219,8.82,58.0,53.83,0.0
18b90679-ba14-5785-bca6-c3cc1e3ad587,2026-09-12T15:54:00,4.86,6.33,3578,2205,8.96,58.0,57.08,0.0
77059140-e829-5d12-90bd-2d2ebd9c436c,2026-09-12T15:54:00,4.68,5.54,3524,2326,9.03,58.0,58.89,0.0
3a6c166d-37fa-5cda-adad-777eb4567f37,2026-09-12T15:56:00,3.39,5.39,3511,2009,8.89,67.36,54.89,0.0
f1a6081a-48e3-56db-936e-f49af9832cb1,2026-09-12T15:56:00,4.45,5.85,3766,2147,14.47,58.0,51.84,0.0
18b90679-ba14-5785-bca6-c3cc1e3ad587,2026-09-12T15:56:00,3.79,6.38,3566,2313,9.52,58.0,50.68,0.0
77059140-e829-5d12-90bd-2d2ebd9c436c,2026-09-12T15:56:00,3.74,5.33,3539,2156,11.12,58.0,51.37,0.0
3a6c166d-37fa-5cda-adad-777eb4567f37,2026-09-12T15:58:00,4.11,5.66,3614,2429,9.17,67.72,50.99,0.0
f1a6081a-48e3-56db-936e-f49af9832cb1,2026-09-12T15:58:00,4.44,5.51,3550,2299,9.64,58.0,53.2,0.0
18b90679-ba14-5785-bca6-c3cc1e3ad587,2026-09-12T15:58:00,3.76,5.95,3431,2303,11.03,58.0,49.12,0.0
77059140-e829-5d12-90bd-2d2ebd9c436c,2026-09-12T15:58:00,3.47,6.23,3490,2157,10.04,58.0,53.63,0.0
3a6c166d-37fa-5cda-adad-777eb4567f37,2026-09-12T16:00:00,3.83,5.92,3539,2197,6.17,67.37,53.09,0.0
f1a6081a-48e3-56db-936e-f49af9832cb1,2026-09-12T16:00:00,4.25,5.43,3609,2364,11.04,58.0,53.67,0.0
18b90679-ba14-5785-bca6-c3cc1e3ad587,2026-09-12T16:00:00,4.36,4.96,3589,2160,10.18,58.0,50.42,0.0
77059140-e829-5d12-90bd-2d2ebd9c436c,2026-09-12T16:00:00,3.65,6.11,3555,2132,11.27,58.0,52.39,0.0
3a6c166d-37fa-5cda-adad-777eb4567f37,2026-09-12T16:02:00,4.18,5.42,3656,2172,12.04,67.1,53.72,0.0
f1a6081a-48e3-56db-936e-f49af9832cb1,2026-09-12T16:02:00,3.7,5.94,3620,2239,11.14,58.0,48.83,0.0
18b90679-ba14-5785-bca6-c3cc1e3ad587,2026-09-12T16:02:00,3.58,6.29,3792,2212,9.64,58.0,48.89,0.0
77059140-e829-5d12-90bd-2d2ebd9c436c,2026-09-12T16:02:00,3.94,6.91,3447,2269,10.12,58.0,54.82,0.0
3a6c166d-37fa-5cda-adad-777eb4567f37,2026-09-12T16:04:00,4.42,5.54,3497,2201,9.31,67.42,49.89,0.0
f1a6081a-48e3-56db-936e-f49af9832cb1,2026-09-12T16:04:00,3.75,5.94,3546,2364,10.04,58.0,47.91,0.0
18b90679-ba14-5785-bca6-c3cc1e3ad587,2026-09-12T16:04:00,3.63,4.76,3699,2302,8.67,58.0,52.37,0.0
77059140-e829-5d12-90bd-2d2ebd9c436c,2026-09-12T16:04:00,3.07,5.72,3706,2364,9.9,58.0,55.92,0.0
3a6c166d-37fa-5cda-adad-777eb4567f37,2026-09-12T16:06:00,3.5,5.64,3631,2335,10.49,66.89,53.69,0.0
f1a6081a-48e3-56db-936e-f49af9832cb1,2026-09-12T16:06:00,3.78,6.0,3607,2307,10.99,58.0,52.83,0.0
18b90679-ba14-5785-bca6-c3cc1e3ad587,2026-09-12T16:06:00,4.33,5.36,3427,2128,3.31,58.0,50.28,0.0
77059140-e829-5d12-90bd-2d2ebd9c436c,2026-09-12T16:06:00,3.55,5.94,3516,2223,8.24,58.0,53.08,0.0
3a6c166d-37fa-5cda-adad-777eb4567f37,2026-09-12T16:08:00,3.8,5.86,3874,2311,10.76,67.77,49.8,0.0
f1a6081a-48e3-56db-936e-f49af9832cb1,2026-09-12T16:08:00,4.02,5.71,3552,2038,9.4,58.0,52.48,0.0
18b90679-ba14-5785-bca6-c3cc1e3ad587,2026-09-12T16:08:00,4.05,5.95,3453,2225,9.32,58.0,51.19,0.0
77059140-e829-5d12-90bd-2d2ebd9c436c,2026-09-12T16:08:00,3.52,5.78,3474,2191,10.59,58.0,50.57,0.0
3a6c166d-37fa-5cda-adad-777eb4567f37,2026-09-12T16:10:00,4.12,5.77,3480,2332,7.22,67.61,51.99,0.0
f1a6081a-48e3-56db-936e-f49af9832cb1,2026-09-12T16:10:00,4.53,5.33,3211,2349,8.26,58.0,48.55,0.0
18b90679-ba14-5785-bca6-c3cc1e3ad587,2026-09-12T16:10:00,3.83,5.62,3509,2143,13.35,58.0,51.23,0.0
77059140-e829-5d12-90bd-2d2ebd9c436c,2026-09-12T16:10:00,3.77,6.11,3343,2153,5.84,58.0,49.48,0.0
3a6c166d-37fa-5cda-adad-777eb4567f37,2026-09-12T16:12:00,3.88,6.74,3580,2148,8.13,67.4,49.1,0.0
f1a6081a-48e3-56db-936e-f49af9832cb1,2026-09-12T16:12:00,3.81,5.27,3466,2127,6.32,58.0,54.57,0.0
18b90679-ba14-5785-bca6-c3cc1e3ad587,2026-09-12T16:12:00,4.1,6.01,3598,2227,11.73,58.0,52.65,0.0
77059140-e829-5d12-90bd-2d2ebd9c436c,2026-09-12T16:12:00,3.89,5.54,3469,2123,11.48,58.0,48.78,0.0
3a6c166d-37fa-5cda-adad-777eb4567f37,2026-09-12T16:14:00,3.78,5.5,3317,2222,11.48,68.05,54.83,0.0
f1a6081a-48e3-56db-936e-f49af9832cb1,2026-09-12T16:14:00,4.6,5.91,3620,2169,9.17,58.0,49.61,0.0
18b90679-ba14-5785-bca6-c3cc1e3ad587,2026-09-12T16:14:00,3.5,5.56,3483,2205,7.34,58.0,53.94,0.0
77059140-e829-5d12-90bd-2d2ebd9c436c,2026-09-12T16:14:00,4.14,5.81,3541,2391,9.28,58.0,51.28,0.0
3a6c166d-37fa-5cda-adad-777eb4567f37,2026-09-12T16:16:00,4.09,5.78,3558,2245,11.58,67.36,54.92,0.0
f1a6081a-48e3-56db-936e-f49af9832cb1,2026-09-12T16:16:00,4.06,6.26,3420,2084,12.34,58.0,54.74,0.0
18b90679-ba14-5785-bca6-c3cc1e3ad587,2026-09-12T16:16:00,3.94,5.38,3420,2258,8.03,58.0,47.19,0.0
77059140-e829-5d12-90bd-2d2ebd9c436c,2026-09-12T16:16:00,3.92,5.94,3719,2153,9.77,58.0,50.88,0.0
3a6c166d-37fa-5cda-adad-777eb4567f37,2026-09-12T16:18:00,4.28,6.05,3684,2168,8.39,67.91,56.66,0.0
f1a6081a-48e3-56db-936e-f49af9832cb1,2026-09-12T16:18:00,4.15,6.58,3618,2186,12.04,58.0,50.61,0.0
18b90679-ba14-5785-bca6-c3cc1e3ad587,2026-09-12T16:18:00,4.21,5.23,3526,2109,10.81,58.0,51.57,0.0
77059140-e829-5d12-90bd-2d2ebd9c436c,2026-09-12T16:18:00,3.74,5.85,3630,2283,10.53,58.0,51.91,0.0
3a6c166d-37fa-5cda-adad-777eb4567f37,2026-09-12T16:20:00,3.4,5.87,3274,2163,11.68,67.86,49.58,0.0
f1a6081a-48e3-56db-936e-f49af9832cb1,2026-09-12T16:20:00,3.94,5.78,3595,2083,8.83,58.0,54.48,0.0
18b90679-ba14-5785-bca6-c3cc1e3ad587,2026-09-12T16:20:00,3.75,6.3,3492,2179,7.34,58.0,47.54,0.0
77059140-e829-5d12-90bd-2d2ebd9c436c,2026-09-12T16:20:00,4.07,5.57,3571,2121,11.18,58.0,53.52,0.0
3a6c166d-37fa-5cda-adad-777eb4567f37,2026-09-12T16:22:00,3.73,5.48,3388,2241,11.16,68.33,52.71,0.0
f1a6081a-48e3-56db-936e-f49af9832cb1,2026-09-12T16:22:00,3.75,4.92,3400,2300,10.58,58.0,47.9,0.0
18b90679-ba14-5785-bca6-c3cc1e3ad587,2026-09-12T16:22:00,3.25,5.43,3464,2294,8.28,58.0,55.95,0.0
77059140-e829-5d12-90bd-2d2ebd9c436c,2026-09-12T16:22:00,4.26,5.93,3745,2146,10.96,58.0,50.28,0.0
3a6c166d-37fa-5cda-adad-777eb4567f37,2026-09-12T16:24:00,4.19,6.28,3435,2192,11.59,66.91,50.19,0.0
f1a6081a-48e3-56db-936e-f49af9832cb1,2026-09-12T16:24:00,3.31,5.36,3485,2154,7.77,58.0,50.89,0.0
18b90679-ba14-5785-bca6-c3cc1e3ad587,2026-09-12T16:24:00,3.72,5.37,3335,2059,7.59,58.0,52.86,0.0
77059140-e829-5d12-90bd-2d2ebd9c436c,2026-09-12T16:24:00,4.1,5.53,3543,2242,10.28,58.0,51.63,0.0
3a6c166d-37fa-5cda-adad-777eb4567f37,2026-09-12T16:26:00,3.7,5.73,3625,2101,9.57,68.29,51.24,0.0
f1a6081a-48e3-56db-936e-f49af9832cb1,2026-09-12T16:26:00,3.81,5.39,3381,2226,11.43,58.0,51.79,0.0
18b90679-ba14-5785-bca6-c3cc1e3ad587,2026-09-12T16:26:00,3.87,6.21,3412,2297,9.07,58.0,47.9,0.0
77059140-e829-5d12-90bd-2d2ebd9c436c,2026-09-12T16:26:00,4.1,5.48,3461,2272,8.24,58.0,46.64,0.0
3a6c166d-37fa-5cda-adad-777eb4567f37,2026-09-12T16:28:00,4.27,5.88,3328,2213,8.03,67.5,51.74,0.0
f1a6081a-48e3-56db-936e-f49af9832cb1,2026-09-12T16:28:00,4.04,5.62,3374,2163,9.33,58.0,52.0,0.0
18b90679-ba14-5785-bca6-c3cc1e3ad587,2026-09-12T16:28:00,3.83,5.21,3274,2112,8.68,58.0,53.12,0.0
77059140-e829-5d12-90bd-2d2ebd9c436c,2026-09-12T16:28:00,4.08,5.57,3416,2202,9.45,58.0,51.61,0.0
3a6c166d-37fa-5cda-adad-777eb4567f37,2026-09-12T16:30:00,3.74,6.68,3527,2252,8.23,67.15,52.24,0.0
f1a6081a-48e3-56db-936e-f49af9832cb1,2026-09-12T16:30:00,4.53,5.57,3350,2197,8.55,58.0,55.26,0.0
18b90679-ba14-5785-bca6-c3cc1e3ad587,2026-09-12T16:30:00,3.38,5.82,3321,2232,9.57,58.0,50.54,0.0
77059140-e829-5d12-90bd-2d2ebd9c436c,2026-09-12T16:30:00,4.18,6.15,3341,2258,12.37,58.0,55.8,0.0
3a6c166d-37fa-5cda-adad-777eb4567f37,2026-09-12T16:32:00,3.87,5.87,3246,2176,12.88,68.31,46.1,0.0
f1a6081a-48e3-56db-936e-f49af9832cb1,2026-09-12T16:32:00,3.45,4.74,3156,2206,6.1,58.0,52.34,0.0
18b90679-ba14-5785-bca6-c3cc1e3ad587,2026-09-12T16:32:00,4.07,5.26,3586,2134,9.17,58.0,48.55,0.0
77059140-e829-5d12-90bd-2d2ebd9c436c,2026-09-12T16:32:00,3.9,5.86,3272,2001,8.55,58.0,49.72,0.0
3a6c166d-37fa-5cda-adad-777eb4567f37,2026-09-12T16:34:00,4.17,5.31,3391,2221,7.86,67.87,47.38,0.0
f1a6081a-48e3-56db-936e-f49af9832cb1,2026-09-12T16:34:00,3.44,6.31,3474,2282,8.12,58.0,48.6,0.0
18b90679-ba14-5785-bca6-c3cc1e3ad587,2026-09-12T16:34:00,3.9,6.21,3305,2084,8.87,58.0,54.03,0.0
77059140-e829-5d12-90bd-2d2ebd9c436c,2026-09-12T16:34:00,2.98,6.21,3409,2238,11.03,58.0,50.65,0.0
3a6c166d-37fa-5cda-adad-777eb4567f37,2026-09-12T16:36:00,3.73,5.56,3488,2186,10.53,67.92,55.2,0.0
f1a6081a-48e3-56db-936e-f49af9832cb1,2026-09-12T16:36:00,4.15,5.54,3419,2228,10.24,58.0,54.24,0.0
18b90679-ba14-5785-bca6-c3cc1e3ad587,2026-09-12T16:36:00,3.98,5.41,3501,2153,8.7,58.0,53.59,0.0
77059140-e829-5d12-90bd-2d2ebd9c436c,2026-09-12T16:36:00,4.35,6.53,3294,2202,11.46,58.0,52.16,0.0
3a6c166d-37fa-5cda-adad-777eb4567f37,2026-09-12T16:38:00,3.68,5.37,3371,2089,10.3,67.75,51.06,0.0
f1a6081a-48e3-56db-936e-f49af9832cb1,2026-09-12T16:38:00,4.18,5.38,3310,2287,8.31,58.0,56.55,0.0
18b90679-ba14-5785-bca6-c3cc1e3ad587,2026-09-12T16:38:00,3.41,4.67,3496,2093,5.61,58.0,50.28,0.0
77059140-e829-5d12-90bd-2d2ebd9c436c,2026-09-12T16:38:00,4.47,5.9,3226,1976,9.76,58.0,50.86,0.0
3a6c166d-37fa-5cda-adad-777eb4567f37,2026-09-12T16:40:00,3.63,5.39,3330,2088,10.56,67.92,51.22,0.0
f1a6081a-48e3-56db-936e-f49af9832cb1,2026-09-12T16:40:00,4.21,6.02,3299,2166,6.8,58.0,50.15,0.0
18b90679-ba14-5785-bca6-c3cc1e3ad587,2026-09-12T16:40:00,4.33,5.42,3203,2006,8.97,58.0,52.48,0.0
77059140-e829-5d12-90bd-2d2ebd9c436c,2026-09-12T16:40:00,3.85,5.49,3496,2125,8.8,58.0,50.98,0.0
3a6c166d-37fa-5cda-adad-777eb4567f37,2026-09-12T16:42:00,4.3,5.85,3395,2047,11.68,67.32,51.91,0.0
f1a6081a-48e3-56db-936e-f49af9832cb1,2026-09-12T16:42:00,3.41,5.24,3307,2291,9.26,58.0,51.25,0.0
18b90679-ba14-5785-bca6-c3cc1e3ad587,2026-09-12T16:42:00,3.56,5.19,3703,2116,9.98,58.0,52.53,0.0
77059140-e829-5d12-90bd-2d2ebd9c436c,2026-09-12T16:42:00,4.02,5.37,3490,2111,7.92,58.0,45.61,0.0
3a6c166d-37fa-5cda-adad-777eb4567f37,2026-09-12T16:44:00,4.0,6.09,3285,2183,8.87,68.43,47.24,0.0
f1a6081a-48e3-56db-936e-f49af9832cb1,2026-09-12T16:44:00,3.54,5.47,3273,2151,8.71,58.0,52.41,0.0
18b90679-ba14-5785-bca6-c3cc1e3ad587,2026-09-12T16:44:00,3.51,5.86,3479,2295,6.67,58.0,47.88,0.0
77059140-e829-5d12-90bd-2d2ebd9c436c,2026-09-12T16:44:00,4.53,5.24,3452,2213,7.19,58.0,48.2,0.0
3a6c166d-37fa-5cda-adad-777eb4567f37,2026-09-12T16:46:00,3.95,5.4,3472,2087,3.69,68.1,53.16,0.0
f1a6081a-48e3-56db-936e-f49af9832cb1,2026-09-12T16:46:00,3.8,4.43,3397,2022,9.19,58.0,50.19,0.0
18b90679-ba14-5785-bca6-c3cc1e3ad587,2026-09-12T16:46:00,3.94,5.68,3418,2111,7.61,58.0,49.99,0.0
77059140-e829-5d12-90bd-2d2ebd9c436c,2026-09-12T16:46:00,3.8,5.19,3183,1975,9.22,58.0,53.25,0.0
3a6c166d-37fa-5cda-adad-777eb4567f37,2026-09-12T16:48:00,3.68,5.44,3271,2246,9.63,67.82,51.7,0.0
f1a6081a-48e3-56db-936e-f49af9832cb1,2026-09-12T16:48:00,3.64,5.06,3312,2080,8.23,58.0,52.97,0.0
18b90679-ba14-5785-bca6-c3cc1e3ad587,2026-09-12T16:48:00,3.4,5.92,3364,2137,9.47,58.0,55.04,0.0
77059140-e829-5d12-90bd-2d2ebd9c436c,2026-09-12T16:48:00,3.51,5.92,3354,1984,8.11,58.0,50.5,0.0
3a6c166d-37fa-5cda-adad-777eb4567f37,2026-09-12T16:50:00,3.76,6.64,3334,2200,12.65,67.98,48.38,0.0
f1a6081a-48e3-56db-936e-f49af9832cb1,2026-09-12T16:50:00,3.93,5.22,3276,2043,12.38,58.0,47.34,0.0
18b90679-ba14-5785-bca6-c3cc1e3ad587,2026-09-12T16:50:00,3.68,6.09,3400,2118,9.04,58.0,54.19,0.0
77059140-e829-5d12-90bd-2d2ebd9c436c,2026-09-12T16:50:00,3.5,6.29,3365,2102,9.18,58.0,51.34,0.0
3a6c166d-37fa-5cda-adad-777eb4567f37,2026-09-12T16:52:00,2.93,6.02,3288,2129,10.08,67.58,49.22,0.0
f1a6081a-48e3-56db-936e-f49af9832cb1,2026-09-12T16:52:00,4.43,5.22,3243,2213,8.16,58.0,53.3,0.0
18b90679-ba14-5785-bca6-c3cc1e3ad587,2026-09-12T16:52:00,3.78,5.16,3213,1962,8.84,58.0,48.5,0.0
77059140-e829-5d12-90bd-2d2ebd9c436c,2026-09-12T16:52:00,3.38,5.55,3055,2298,8.66,58.0,54.26,0.0
3a6c166d-37fa-5cda-adad-777eb4567f37,2026-09-12T16:54:00,4.04,5.39,3649,2139,10.01,67.51,48.66,0.0
f1a6081a-48e3-56db-936e-f49af9832cb1,2026-09-12T16:54:00,3.54,5.95,3364,2081,11.86,58.0,56.05,0.0
18b90679-ba14-5785-bca6-c3cc1e3ad587,2026-09-12T16:54:00,3.77,4.79,3391,2110,8.93,58.0,48.23,0.0
77059140-e829-5d12-90bd-2d2ebd9c436c,2026-09-12T16:54:00,3.25,4.91,3444,2114,8.91,58.0,49.44,0.0
3a6c166d-37fa-5cda-adad-777eb4567f37,2026-09-12T16:56:00,3.45,5.8,3279,2050,10.37,68.24,46.69,0.0
f1a6081a-48e3-56db-936e-f49af9832cb1,2026-09-12T16:56:00,3.74,4.88,3404,2028,11.87,58.0,50.4,0.0
18b90679-ba14-5785-bca6-c3cc1e3ad587,2026-09-12T16:56:00,3.8,5.34,3226,1986,11.8,58.0,59.56,0.0
77059140-e829-5d12-90bd-2d2ebd9c436c,2026-09-12T16:56:00,3.77,5.64,3387,2157,8.43,58.0,49.67,0.0
3a6c166d-37fa-5cda-adad-777eb4567f37,2026-09-12T16:58:00,3.96,4.81,3297,2122,6.93,67.82,52.71,0.0
f1a6081a-48e3-56db-936e-f49af9832cb1,2026-09-12T16:58:00,3.8,5.14,3529,2031,8.36,58.0,49.0,0.0
18b90679-ba14-5785-bca6-c3cc1e3ad587,2026-09-12T16:58:00,3.44,5.14,3371,2012,9.19,58.0,51.46,0.0
77059140-e829-5d12-90bd-2d2ebd9c436c,2026-09-12T16:58:00,3.58,5.38,3294,2140,9.36,58.0,50.56,0.0
3a6c166d-37fa-5cda-adad-777eb4567f37,2026-09-12T17:00:00,3.87,6.24,3390,2105,7.5,67.87,48.58,0.0
f1a6081a-48e3-56db-936e-f49af9832cb1,2026-09-12T17:00:00,3.1,5.41,3506,1967,8.23,58.0,48.08,0.0
18b90679-ba14-5785-bca6-c3cc1e3ad587,2026-09-12T17:00:00,3.71,5.82,3382,1822,7.54,58.0,49.21,0.0
77059140-e829-5d12-90bd-2d2ebd9c436c,2026-09-12T17:00:00,3.93,5.83,3134,2152,8.35,58.0,46.02,0.0
3a6c166d-37fa-5cda-adad-777eb4567f37,2026-09-12T17:02:00,4.01,5.51,3267,2082,9.21,68.12,49.01,0.0
f1a6081a-48e3-56db-936e-f49af9832cb1,2026-09-12T17:02:00,3.34,5.55,3385,2097,7.29,58.0,45.35,0.0
18b90679-ba14-5785-bca6-c3cc1e3ad587,2026-09-12T17:02:00,3.61,4.97,3374,2181,9.84,58.0,45.05,0.0
77059140-e829-5d12-90bd-2d2ebd9c436c,2026-09-12T17:02:00,4.21,6.13,3218,1999,13.87,58.0,52.33,0.0
3a6c166d-37fa-5cda-adad-777eb4567f37,2026-09-12T17:04:00,3.35,5.63,3203,1960,6.22,67.89,51.31,0.0
f1a6081a-48e3-56db-936e-f49af9832cb1,2026-09-12T17:04:00,4.41,5.83,3276,2011,8.95,58.0,51.82,0.0
18b90679-ba14-5785-bca6-c3cc1e3ad587,2026-09-12T17:04:00,3.97,5.14,3315,1979,9.78,58.0,51.11,0.0
77059140-e829-5d12-90bd-2d2ebd9c436c,2026-09-12T17:04:00,4.1,5.47,3143,2161,8.09,58.0,50.72,0.0
3a6c166d-37fa-5cda-adad-777eb4567f37,2026-09-12T17:06:00,3.51,5.67,3343,2015,8.07,68.11,49.72,0.0
f1a6081a-48e3-56db-936e-f49af9832cb1,2026-09-12T17:06:00,4.07,5.61,3222,2003,7.02,58.0,51.55,0.0
18b90679-ba14-5785-bca6-c3cc1e3ad587,2026-09-12T17:06:00,3.86,5.86,3306,2158,7.73,58.0,49.85,0.0
77059140-e829-5d12-90bd-2d2ebd9c436c,2026-09-12T17:06:00,3.58,6.21,3186,2124,12.22,58.0,53.81,0.0
3a6c166d-37fa-5cda-adad-777eb4567f37,2026-09-12T17:08:00,3.15,5.2,3115,2053,7.32,67.81,47.79,0.0
f1a6081a-48e3-56db-936e-f49af9832cb1,2026-09-12T17:08:00,4.02,6.01,3164,1980,8.81,58.0,51.8,0.0
18b90679-ba14-5785-bca6-c3cc1e3ad587,2026-09-12T17:08:00,3.69,5.7,3166,2046,6.28,58.0,51.39,0.0
77059140-e829-5d12-90bd-2d2ebd9c436c,2026-09-12T17:08:00,3.32,6.37,3394,1962,4.86,58.0,54.24,0.0
3a6c166d-37fa-5cda-adad-777eb4567f37,2026-09-12T17:10:00,3.51,5.69,3176,2088,8.88,68.63,48.5,0.0
f1a6081a-48e3-56db-936e-f49af9832cb1,2026-09-12T17:10:00,3.44,5.11,3115,2072,9.58,58.0,49.26,0.0
18b90679-ba14-5785-bca6-c3cc1e3ad587,2026-09-12T17:10:00,3.99,5.34,3056,1925,6.27,58.0,51.09,0.0
77059140-e829-5d12-90bd-2d2ebd9c436c,2026-09-12T17:10:00,3.97,5.42,3250,2049,8.01,58.0,47.65,0.0
3a6c166d-37fa-5cda-adad-777eb4567f37,2026-09-12T17:12:00,3.76,6.27,3198,1925,9.07,68.35,52.57,0.0
f1a6081a-48e3-56db-936e-f49af9832cb1,2026-09-12T17:12:00,4.31,5.88,3047,2071,7.09,58.0,56.12,0.0
18b90679-ba14-5785-bca6-c3cc1e3ad587,2026-09-12T17:12:00,4.32,6.3,3471,2059,6.73,58.0,52.09,0.0
77059140-e829-5d12-90bd-2d2ebd9c436c,2026-09-12T17:12:00,2.94,6.34,3597,2123,6.74,58.0,51.72,0.0
3a6c166d-37fa-5cda-adad-777eb4567f37,2026-09-12T17:14:00,4.15,5.48,3260,1857,8.39,68.47,51.45,0.0
f1a6081a-48e3-56db-936e-f49af9832cb1,2026-09-12T17:14:00,3.92,4.97,3212,1911,7.28,58.0,49.48,0.0
18b90679-ba14-5785-bca6-c3cc1e3ad587,2026-09-12T17:14:00,3.77,5.14,3248,1865,8.14,58.0,52.09,0.0
77059140-e829-5d12-90bd-2d2ebd9c436c,2026-09-12T17:14:00,3.63,5.7,3236,2199,6.39,58.0,48.48,0.0
3a6c166d-37fa-5cda-adad-777eb4567f37,2026-09-12T17:16:00,4.29,4.87,3155,1839,10.08,67.79,53.64,0.0
f1a6081a-48e3-56db-936e-f49af9832cb1,2026-09-12T17:16:00,4.11,5.19,2882,2057,8.92,58.0,50.21,0.0
18b90679-ba14-5785-bca6-c3cc1e3ad587,2026-09-12T17:16:00,3.94,5.31,3061,2080,10.89,58.0,48.48,0.0
77059140-e829-5d12-90bd-2d2ebd9c436c,2026-09-12T17:16:00,4.24,5.39,3075,1976,10.41,58.0,51.32,0.0
3a6c166d-37fa-5cda-adad-777eb4567f37,2026-09-12T17:18:00,3.26,4.87,3151,1942,10.26,68.55,48.4,0.0
f1a6081a-48e3-56db-936e-f49af9832cb1,2026-09-12T17:18:00,3.46,4.6,3215,2077,7.51,58.0,46.96,0.0
18b90679-ba14-5785-bca6-c3cc1e3ad587,2026-09-12T17:18:00,3.26,5.15,3285,2044,5.35,58.0,49.26,0.0
77059140-e829-5d12-90bd-2d2ebd9c436c,2026-09-12T17:18:00,4.23,4.65,3296,1962,8.38,58.0,46.9,0.0
3a6c166d-37fa-5cda-adad-777eb4567f37,2026-09-12T17:20:00,3.56,5.97,3157,2142,8.33,67.86,46.86,0.0
f1a6081a-48e3-56db-936e-f49af9832cb1,2026-09-12T17:20:00,3.34,4.21,3401,2014,7.46,58.0,53.26,0.0
18b90679-ba14-5785-bca6-c3cc1e3ad587,2026-09-12T17:20:00,3.14,5.96,3069,1970,7.8,58.0,45.28,0.0
77059140-e829-5d12-90bd-2d2ebd9c436c,2026-09-12T17:20:00,3.94,5.67,3260,2079,8.03,58.0,47.09,0.0
3a6c166d-37fa-5cda-adad-777eb4567f37,2026-09-12T17:22:00,3.67,5.93,2850,2062,7.53,68.59,52.73,0.0
f1a6081a-48e3-56db-936e-f49af9832cb1,2026-09-12T17:22:00,3.3,6.42,3077,1925,5.64,58.0,50.55,0.0
18b90679-ba14-5785-bca6-c3cc1e3ad587,2026-09-12T17:22:00,3.63,5.51,3062,1955,8.2,58.0,48.2,0.0
77059140-e829-5d12-90bd-2d2ebd9c436c,2026-09-12T17:22:00,3.43,5.62,3062,1960,8.97,58.0,52.77,0.0
3a6c166d-37fa-5cda-adad-777eb4567f37,2026-09-12T17:24:00,3.34,5.35,2983,1953,5.72,67.49,51.06,0.0
f1a6081a-48e3-56db-936e-f49af9832cb1,2026-09-12T17:24:00,3.06,4.84,3228,1974,7.17,58.0,48.45,0.0
18b90679-ba14-5785-bca6-c3cc1e3ad587,2026-09-12T17:24:00,3.58,5.44,3109,1970,10.41,58.0,46.42,0.0
77059140-e829-5d12-90bd-2d2ebd9c436c,2026-09-12T17:24:00,3.69,5.43,3272,1776,10.12,58.0,56.06,0.0
3a6c166d-37fa-5cda-adad-777eb4567f37,2026-09-12T17:26:00,4.4,5.78,3186,1926,8.14,68.1,51.24,0.0
f1a6081a-48e3-56db-936e-f49af9832cb1,2026-09-12T17:26:00,3.45,6.06,3415,2020,5.41,58.0,52.8,0.0
18b90679-ba14-5785-bca6-c3cc1e3ad587,2026-09-12T17:26:00,3.65,5.72,3168,1935,5.27,58.0,52.19,0.0
77059140-e829-5d12-90bd-2d2ebd9c436c,2026-09-12T17:26:00,3.75,4.36,3370,2038,9.39,58.0,48.03,0.0
3a6c166d-37fa-5cda-adad-777eb4567f37,2026-09-12T17:28:00,3.53,5.45,3036,2021,7.41,68.08,46.24,0.0
f1a6081a-48e3-56db-936e-f49af9832cb1,2026-09-12T17:28:00,3.28,5.37,3170,2130,7.91,58.0,47.2,0.0
18b90679-ba14-5785-bca6-c3cc1e3ad587,2026-09-12T17:28:00,3.35,5.11,2991,2016,8.03,58.0,50.78,0.0
77059140-e829-5d12-90bd-2d2ebd9c436c,2026-09-12T17:28:00,4.14,5.2,3192,1874,8.52,58.0,49.07,0.0
3a6c166d-37fa-5cda-adad-777eb4567f37,2026-09-12T17:30:00,3.72,5.5,3085,1915,7.82,68.71,45.65,0.0
f1a6081a-48e3-56db-936e-f49af9832cb1,2026-09-12T17:30:00,3.51,5.22,3284,1870,7.78,58.0,51.18,0.0
18b90679-ba14-5785-bca6-c3cc1e3ad587,2026-09-12T17:30:00,3.89,5.17,3138,1939,7.31,58.0,50.44,0.0
77059140-e829-5d12-90bd-2d2ebd9c436c,2026-09-12T17:30:00,3.52,5.52,3114,2033,6.61,58.0,46.28,0.0
3a6c166d-37fa-5cda-adad-777eb4567f37,2026-09-12T17:32:00,3.49,5.47,3120,1840,6.78,68.66,49.66,0.0
f1a6081a-48e3-56db-936e-f49af9832cb1,2026-09-12T17:32:00,3.86,5.45,3218,1788,6.37,58.0,48.67,0.0
18b90679-ba14-5785-bca6-c3cc1e3ad587,2026-09-12T17:32:00,2.71,4.98,2942,1727,8.15,58.0,49.84,0.0
77059140-e829-5d12-90bd-2d2ebd9c436c,2026-09-12T17:32:00,3.85,5.7,2980,1920,5.49,58.0,48.72,0.0
3a6c166d-37fa-5cda-adad-777eb4567f37,2026-09-12T17:34:00,3.93,4.74,2958,1819,8.68,68.55,49.53,0.0
f1a6081a-48e3-56db-936e-f49af9832cb1,2026-09-12T17:34:00,3.22,5.1,3114,1912,10.65,58.0,46.14,0.0
18b90679-ba14-5785-bca6-c3cc1e3ad587,2026-09-12T17:34:00,3.2,4.69,3128,1879,6.98,58.0,54.56,0.0
77059140-e829-5d12-90bd-2d2ebd9c436c,2026-09-12T17:34:00,3.6,5.64,3135,1995,6.39,58.0,48.29,0.0
3a6c166d-37fa-5cda-adad-777eb4567f37,2026-09-12T17:36:00,3.57,4.64,3078,1917,7.3,68.5,49.45,0.0
f1a6081a-48e3-56db-936e-f49af9832cb1,2026-09-12T17:36:00,3.81,5.24,3234,2034,7.26,58.0,48.12,0.0
18b90679-ba14-5785-bca6-c3cc1e3ad587,2026-09-12T17:36:00,3.99,5.01,3072,2090,6.7,58.0,50.85,0.0
77059140-e829-5d12-90bd-2d2ebd9c436c,2026-09-12T17:36:00,3.68,4.64,3182,1822,9.34,58.0,54.15,0.0
3a6c166d-37fa-5cda-adad-777eb4567f37,2026-09-12T17:38:00,3.67,5.47,2924,1859,5.2,68.4,46.09,0.0
f1a6081a-48e3-56db-936e-f49af9832cb1,2026-09-12T17:38:00,4.25,5.49,2856,1983,8.69,58.0,47.92,0.0
18b90679-ba14-5785-bca6-c3cc1e3ad587,2026-09-12T17:38:00,3.87,4.34,2974,1856,7.36,58.0,50.51,0.0
77059140-e829-5d12-90bd-2d2ebd9c436c,2026-09-12T17:38:00,3.27,5.16,3163,1941,10.04,58.0,47.09,0.0
3a6c166d-37fa-5cda-adad-777eb4567f37,2026-09-12T17:40:00,3.74,4.96,3152,2062,6.83,68.51,50.76,0.0
f1a6081a-48e3-56db-936e-f49af9832cb1,2026-09-12T17:40:00,3.62,4.79,3128,1884,9.49,58.0,48.62,0.0
18b90679-ba14-5785-bca6-c3cc1e3ad587,2026-09-12T17:40:00,3.61,5.35,3079,1812,8.69,58.0,48.49,0.0
77059140-e829-5d12-90bd-2d2ebd9c436c,2026-09-12T17:40:00,3.47,3.91,3148,2033,7.2,58.0,47.0,0.0
3a6c166d-37fa-5cda-adad-777eb4567f37,2026-09-12T17:42:00,3.28,5.7,3239,1911,7.14,68.51,48.69,0.0
f1a6081a-48e3-56db-936e-f49af9832cb1,2026-09-12T17:42:00,3.31,5.33,2990,1934,10.86,58.0,49.08,0.0
18b90679-ba14-5785-bca6-c3cc1e3ad587,2026-09-12T17:42:00,3.4,6.34,2965,1925,7.29,58.0,48.88,0.0
77059140-e829-5d12-90bd-2d2ebd9c436c,2026-09-12T17:42:00,3.69,5.44,3050,1997,5.48,58.0,46.2,0.0
3a6c166d-37fa-5cda-adad-777eb4567f37,2026-09-12T17:44:00,3.83,4.94,2798,2009,7.98,67.99,50.56,0.0
f1a6081a-48e3-56db-936e-f49af9832cb1,2026-09-12T17:44:00,3.54,5.13,2844,2006,7.11,58.0,50.26,0.0
18b90679-ba14-5785-bca6-c3cc1e3ad587,2026-09-12T17:44:00,3.7,5.04,2928,2101,3.9,58.0,48.35,0.0
77059140-e829-5d12-90bd-2d2ebd9c436c,2026-09-12T17:44:00,3.43,5.48,3173,1875,6.31,58.0,49.97,0.0
3a6c166d-37fa-5cda-adad-777eb4567f37,2026-09-12T17:46:00,3.53,4.78,3237,2002,4.32,68.85,50.12,0.0
f1a6081a-48e3-56db-936e-f49af9832cb1,2026-09-12T17:46:00,3.65,5.18,3049,1920,8.52,58.0,51.09,0.0
18b90679-ba14-5785-bca6-c3cc1e3ad587,2026-09-12T17:46:00,3.61,4.4,2947,2050,7.97,58.0,50.33,0.0
77059140-e829-5d12-90bd-2d2ebd9c436c,2026-09-12T17:46:00,3.51,5.05,2851,1928,6.47,58.0,51.29,0.0
3a6c166d-37fa-5cda-adad-777eb4567f37,2026-09-12T17:48:00,3.99,5.5,2861,1770,7.54,68.58,46.67,0.0
f1a6081a-48e3-56db-936e-f49af9832cb1,2026-09-12T17:48:00,3.26,5.95,3018,1814,4.52,58.0,47.78,0.0
18b90679-ba14-5785-bca6-c3cc1e3ad587,2026-09-12T17:48:00,3.92,4.68,3008,1895,9.7,58.0,50.59,0.0
77059140-e829-5d12-90bd-2d2ebd9c436c,2026-09-12T17:48:00,3.56,4.75,3044,1895,8.71,58.0,48.85,0.0
3a6c166d-37fa-5cda-adad-777eb4567f37,2026-09-12T17:50:00,3.55,4.76,2985,1926,8.27,68.8,51.64,0.0
f1a6081a-48e3-56db-936e-f49af9832cb1,2026-09-12T17:50:00,3.89,4.73,3061,1819,7.39,58.0,53.4,0.0
18b90679-ba14-5785-bca6-c3cc1e3ad587,2026-09-12T17:50:00,3.29,4.4,3027,1883,5.97,58.0,56.87,0.0
77059140-e829-5d12-90bd-2d2ebd9c436c,2026-09-12T17:50:00,3.02,5.52,2881,1809,7.08,58.0,48.09,0.0
3a6c166d-37fa-5cda-adad-777eb4567f37,2026-09-12T17:52:00,2.99,4.74,3058,1895,8.59,68.41,51.84,0.0
f1a6081a-48e3-56db-936e-f49af9832cb1,2026-09-12T17:52:00,4.1,5.89,2862,1882,9.3,58.0,51.35,0.0
18b90679-ba14-5785-bca6-c3cc1e3ad587,2026-09-12T17:52:00,3.14,6.06,2910,1879,8.47,58.0,52.76,0.0
77059140-e829-5d12-90bd-2d2ebd9c436c,2026-09-12T17:52:00,3.19,4.59,2982,1996,10.29,58.0,51.57,0.0
3a6c166d-37fa-5cda-adad-777eb4567f37,2026-09-12T17:54:00,3.59,4.67,2906,1914,6.5,68.58,50.47,0.0
f1a6081a-48e3-56db-936e-f49af9832cb1,2026-09-12T17:54:00,4.07,4.92,2999,1927,9.25,58.0,48.44,0.0
18b90679-ba14-5785-bca6-c3cc1e3ad587,2026-09-12T17:54:00,3.17,5.56,2913,1960,8.15,58.0,50.23,0.0
77059140-e829-5d12-90bd-2d2ebd9c436c,2026-09-12T17:54:00,2.81,4.65,2894,1896,7.03,58.0,49.82,0.0
3a6c166d-37fa-5cda-adad-777eb4567f37,2026-09-12T17:56:00,3.71,5.01,2719,1817,7.96,68.79,47.02,0.0
f1a6081a-48e3-56db-936e-f49af9832cb1,2026-09-12T17:56:00,3.09,5.42,3020,1921,7.13,58.0,50.95,0.0
18b90679-ba14-5785-bca6-c3cc1e3ad587,2026-09-12T17:56:00,3.42,4.93,2937,1853,7.51,58.0,47.06,0.0
77059140-e829-5d12-90bd-2d2ebd9c436c,2026-09-12T17:56:00,3.47,5.19,2761,1792,8.02,58.0,53.47,0.0
3a6c166d-37fa-5cda-adad-777eb4567f37,2026-09-12T17:58:00,3.45,5.25,2936,1742,10.76,68.64,47.91,0.0
f1a6081a-48e3-56db-936e-f49af9832cb1,2026-09-12T17:58:00,3.41,4.95,3029,1797,7.93,58.0,49.2,0.0
18b90679-ba14-5785-bca6-c3cc1e3ad587,2026-09-12T17:58:00,3.67,6.49,2915,1880,10.05,58.0,47.46,0.0
77059140-e829-5d12-90bd-2d2ebd9c436c,2026-09-12T17:58:00,3.02,4.93,2922,1872,7.23,58.0,46.3,0.0
3a6c166d-37fa-5cda-adad-777eb4567f37,2026-09-12T18:00:00,3.31,4.21,3089,1672,8.03,69.16,48.53,0.0
f1a6081a-48e3-56db-936e-f49af9832cb1,2026-09-12T18:00:00,4.04,5.38,3009,1752,8.38,58.0,47.69,0.0
18b90679-ba14-5785-bca6-c3cc1e3ad587,2026-09-12T18:00:00,2.89,4.65,2795,1930,8.41,58.0,53.89,0.0
77059140-e829-5d12-90bd-2d2ebd9c436c,2026-09-12T18:00:00,3.76,4.85,2836,1832,8.13,58.0,52.23,0.0
3a6c166d-37fa-5cda-adad-777eb4567f37,2026-09-12T18:02:00,3.89,4.63,2894,1788,8.39,68.75,47.42,0.0
f1a6081a-48e3-56db-936e-f49af9832cb1,2026-09-12T18:02:00,3.99,5.13,2909,1653,8.05,58.0,50.17,0.0
18b90679-ba14-5785-bca6-c3cc1e3ad587,2026-09-12T18:02:00,4.23,4.68,2830,2001,8.28,58.0,45.0,0.0
77059140-e829-5d12-90bd-2d2ebd9c436c,2026-09-12T18:02:00,3.47,5.65,2697,1688,6.4,58.0,46.82,0.0
3a6c166d-37fa-5cda-adad-777eb4567f37,2026-09-12T18:04:00,3.18,5.22,2609,1780,5.62,68.32,51.15,0.0
f1a6081a-48e3-56db-936e-f49af9832cb1,2026-09-12T18:04:00,3.89,5.87,2864,1754,9.53,58.0,51.07,0.0
18b90679-ba14-5785-bca6-c3cc1e3ad587,2026-09-12T18:04:00,3.71,5.2,2789,1911,9.76,58.0,44.01,0.0
77059140-e829-5d12-90bd-2d2ebd9c436c,2026-09-12T18:04:00,3.8,4.91,2912,2007,5.72,58.0,52.34,0.0
3a6c166d-37fa-5cda-adad-777eb4567f37,2026-09-12T18:06:00,3.82,4.93,2927,1704,9.08,68.87,50.43,0.0
f1a6081a-48e3-56db-936e-f49af9832cb1,2026-09-12T18:06:00,3.38,4.76,2708,1643,7.39,58.0,46.78,0.0
18b90679-ba14-5785-bca6-c3cc1e3ad587,2026-09-12T18:06:00,3.51,5.67,2882,1756,9.69,58.0,46.86,0.0
77059140-e829-5d12-90bd-2d2ebd9c436c,2026-09-12T18:06:00,3.26,4.72,2955,1740,4.84,58.0,47.17,0.0
3a6c166d-37fa-5cda-adad-777eb4567f37,2026-09-12T18:08:00,2.94,5.05,2935,1945,6.22,68.97,48.19,0.0
f1a6081a-48e3-56db-936e-f49af9832cb1,2026-09-12T18:08:00,3.67,4.2,2970,1787,9.46,58.0,47.46,0.0
18b90679-ba14-5785-bca6-c3cc1e3ad587,2026-09-12T18:08:00,3.58,4.93,3005,1780,6.62,58.0,47.88,0.0
77059140-e829-5d12-90bd-2d2ebd9c436c,2026-09-12T18:08:00,3.42,5.84,2748,1840,9.83,58.0,42.84,0.0
3a6c166d-37fa-5cda-adad-777eb4567f37,2026-09-12T18:10:00,3.68,5.56,2958,1787,7.19,68.37,48.34,0.0
f1a6081a-48e3-56db-936e-f49af9832cb1,2026-09-12T18:10:00,3.96,5.65,2971,1877,4.76,58.0,47.28,0.0
18b90679-ba14-5785-bca6-c3cc1e3ad587,2026-09-12T18:10:00,3.49,4.53,3037,1645,6.19,58.0,54.27,0.0
77059140-e829-5d12-90bd-2d2ebd9c436c,2026-09-12T18:10:00,3.01,4.4,2986,1861,6.34,58.0,49.58,0.0
3a6c166d-37fa-5cda-adad-777eb4567f37,2026-09-12T18:12:00,2.93,4.57,2897,1794,5.78,68.86,48.38,0.0
f1a6081a-48e3-56db-936e-f49af9832cb1,2026-09-12T18:12:00,3.38,5.62,2987,1785,6.06,58.0,45.98,0.0
18b90679-ba14-5785-bca6-c3cc1e3ad587,2026-09-12T18:12:00,3.49,5.59,2751,1749,6.65,58.0,51.25,0.0
77059140-e829-5d12-90bd-2d2ebd9c436c,2026-09-12T18:12:00,3.86,5.28,2662,1628,8.82,58.0,49.14,0.0
3a6c166d-37fa-5cda-adad-777eb4567f37,2026-09-12T18:14:00,3.26,5.2,2650,1824,8.95,68.56,49.13,0.0
f1a6081a-48e3-56db-936e-f49af9832cb1,2026-09-12T18:14:00,3.32,5.52,2925,1760,7.01,58.0,50.34,0.0
18b90679-ba14-5785-bca6-c3cc1e3ad587,2026-09-12T18:14:00,3.28,4.42,2590,1856,7.0,58.0,49.69,0.0
77059140-e829-5d12-90bd-2d2ebd9c436c,2026-09-12T18:14:00,3.42,6.09,2668,1925,7.68,58.0,46.87,0.0
3a6c166d-37fa-5cda-adad-777eb4567f37,2026-09-12T18:16:00,3.54,5.3,2800,1691,6.65,68.48,47.2,0.0
f1a6081a-48e3-56db-936e-f49af9832cb1,2026-09-12T18:16:00,2.91,5.75,2728,1812,6.84,58.0,48.73,0.0
18b90679-ba14-5785-bca6-c3cc1e3ad587,2026-09-12T18:16:00,3.73,5.08,2815,1749,7.44,58.0,50.91,0.0
77059140-e829-5d12-90bd-2d2ebd9c436c,2026-09-12T18:16:00,3.33,5.21,2872,1632,11.32,58.0,47.94,0.0
3a6c166d-37fa-5cda-adad-777eb4567f37,2026-09-12T18:18:00,3.03,4.91,2847,1583,5.22,69.12,50.96,0.0
f1a6081a-48e3-56db-936e-f49af9832cb1,2026-09-12T18:18:00,3.39,5.56,2869,1693,7.26,58.0,47.9,0.0
18b90679-ba14-5785-bca6-c3cc1e3ad587,2026-09-12T18:18:00,3.46,4.98,2866,1775,9.03,58.0,49.83,0.0
77059140-e829-5d12-90bd-2d2ebd9c436c,2026-09-12T18:18:00,3.41,5.47,2643,1751,9.88,58.0,50.02,0.0
3a6c166d-37fa-5cda-adad-777eb4567f37,2026-09-12T18:20:00,2.99,4.96,2746,1662,5.35,69.29,43.18,0.0
f1a6081a-48e3-56db-936e-f49af9832cb1,2026-09-12T18:20:00,3.76,5.61,2951,1801,5.71,58.0,45.63,0.0
18b90679-ba14-5785-bca6-c3cc1e3ad587,2026-09-12T18:20:00,4.16,6.02,2765,1843,5.05,58.0,47.28,0.0
77059140-e829-5d12-90bd-2d2ebd9c436c,2026-09-12T18:20:00,3.58,4.56,2670,1684,7.09,58.0,53.02,0.0
3a6c166d-37fa-5cda-adad-777eb4567f37,2026-09-12T18:22:00,3.75,4.6,2707,1774,4.43,69.16,51.98,0.0
f1a6081a-48e3-56db-936e-f49af9832cb1,2026-09-12T18:22:00,3.51,4.49,2646,1770,7.3,58.0,46.36,0.0
18b90679-ba14-5785-bca6-c3cc1e3ad587,2026-09-12T18:22:00,3.15,4.3,2643,1585,11.22,58.0,50.26,0.0
77059140-e829-5d12-90bd-2d2ebd9c436c,2026-09-12T18:22:00,3.14,4.78,2820,1850,5.1,58.0,51.83,0.0
3a6c166d-37fa-5cda-adad-777eb4567f37,2026-09-12T18:24:00,3.84,4.79,2747,1693,8.51,69.7,50.26,0.0
f1a6081a-48e3-56db-936e-f49af9832cb1,2026-09-12T18:24:00,3.94,5.94,2579,1840,5.3,58.0,48.54,0.0
18b90679-ba14-5785-bca6-c3cc1e3ad587,2026-09-12T18:24:00,3.54,4.41,2848,1631,4.2,58.0,51.41,0.0
77059140-e829-5d12-90bd-2d2ebd9c436c,2026-09-12T18:24:00,3.86,5.44,2941,1792,5.74,58.0,48.4,0.0
3a6c166d-37fa-5cda-adad-777eb4567f37,2026-09-12T18:26:00,3.83,4.23,2665,1665,5.78,69.04,45.83,0.0
f1a6081a-48e3-56db-936e-f49af9832cb1,2026-09-12T18:26:00,3.32,4.56,2648,1735,8.13,58.0,49.32,0.0
18b90679-ba14-5785-bca6-c3cc1e3ad587,2026-09-12T18:26:00,2.93,5.31,2754,1757,8.71,58.0,47.39,0.0
77059140-e829-5d12-90bd-2d2ebd9c436c,2026-09-12T18:26:00,3.12,4.15,2831,1727,9.16,58.0,47.34,0.0
3a6c166d-37fa-5cda-adad-777eb4567f37,2026-09-12T18:28:00,3.0,5.94,2830,1503,6.41,69.25,47.13,0.0
f1a6081a-48e3-56db-936e-f49af9832cb1,2026-09-12T18:28:00,2.95,4.61,2872,1753,6.94,58.0,49.57,0.0
18b90679-ba14-5785-bca6-c3cc1e3ad587,2026-09-12T18:28:00,3.3,4.08,2809,1893,5.45,58.0,42.13,0.0
77059140-e829-5d12-90bd-2d2ebd9c436c,2026-09-12T18:28:00,2.86,4.9,2668,1824,6.18,58.0,48.34,0.0
3a6c166d-37fa-5cda-adad-777eb4567f37,2026-09-12T18:30:00,3.41,4.66,2752,1775,6.08,69.33,47.65,0.0
f1a6081a-48e3-56db-936e-f49af9832cb1,2026-09-12T18:30:00,3.19,4.23,2690,1698,8.4,58.0,51.63,0.0
18b90679-ba14-5785-bca6-c3cc1e3ad587,2026-09-12T18:30:00,3.4,4.8,2569,1831,6.62,58.0,46.53,0.0
77059140-e829-5d12-90bd-2d2ebd9c436c,2026-09-12T18:30:00,3.75,4.32,2613,1724,7.67,58.0,45.33,0.0
3a6c166d-37fa-5cda-adad-777eb4567f37,2026-09-12T18:32:00,3.59,3.75,2819,1755,8.77,69.35,48.61,0.0
f1a6081a-48e3-56db-936e-f49af9832cb1,2026-09-12T18:32:00,3.08,4.91,2774,1690,8.34,58.0,52.77,0.0
18b90679-ba14-5785-bca6-c3cc1e3ad587,2026-09-12T18:32:00,3.68,5.07,2575,1761,6.36,58.0,51.04,0.0
77059140-e829-5d12-90bd-2d2ebd9c436c,2026-09-12T18:32:00,3.57,5.08,2676,1751,7.12,58.0,47.15,0.0
3a6c166d-37fa-5cda-adad-777eb4567f37,2026-09-12T18:34:00,3.02,4.2,2675,1731,8.63,69.21,46.79,0.0
f1a6081a-48e3-56db-936e-f49af9832cb1,2026-09-12T18:34:00,3.28,4.77,2815,1697,5.92,58.0,51.03,0.0
18b90679-ba14-5785-bca6-c3cc1e3ad587,2026-09-12T18:34:00,3.62,4.68,2653,1743,4.44,58.0,48.06,0.0
77059140-e829-5d12-90bd-2d2ebd9c436c,2026-09-12T18:34:00,3.47,4.31,2857,1607,3.89,58.0,48.87,0.0
3a6c166d-37fa-5cda-adad-777eb4567f37,2026-09-12T18:36:00,3.73,5.15,2857,1719,7.14,68.94,51.75,0.0
f1a6081a-48e3-56db-936e-f49af9832cb1,2026-09-12T18:36:00,3.34,4.98,2786,1822,7.28,58.0,50.57,0.0
18b90679-ba14-5785-bca6-c3cc1e3ad587,2026-09-12T18:36:00,3.52,4.79,2664,1626,4.7,58.0,50.41,0.0
77059140-e829-5d12-90bd-2d2ebd9c436c,2026-09-12T18:36:00,3.34,5.14,2673,1802,3.93,58.0,44.58,0.0
3a6c166d-37fa-5cda-adad-777eb4567f37,2026-09-12T18:38:00,2.73,5.12,2787,1579,7.36,69.42,50.02,0.0
f1a6081a-48e3-56db-936e-f49af9832cb1,2026-09-12T18:38:00,3.67,4.39,2739,1872,8.22,58.0,44.73,0.0
18b90679-ba14-5785-bca6-c3cc1e3ad587,2026-09-12T18:38:00,3.86,4.51,2623,1809,7.94,58.0,46.82,0.0
77059140-e829-5d12-90bd-2d2ebd9c436c,2026-09-12T18:38:00,3.7,4.42,2818,1717,6.23,58.0,46.17,0.0
3a6c166d-37fa-5cda-adad-777eb4567f37,2026-09-12T18:40:00,3.74,4.8,2609,1889,6.17,69.67,46.6,0.0
f1a6081a-48e3-56db-936e-f49af9832cb1,2026-09-12T18:40:00,3.3,4.88,2654,1797,9.46,58.0,48.02,0.0
18b90679-ba14-5785-bca6-c3cc1e3ad587,2026-09-12T18:40:00,3.24,4.61,2805,1603,9.73,58.0,43.7,0.0
77059140-e829-5d12-90bd-2d2ebd9c436c,2026-09-12T18:40:00,3.86,4.93,2727,1468,7.97,58.0,43.78,0.0
3a6c166d-37fa-5cda-adad-777eb4567f37,2026-09-12T18:42:00,3.52,4.44,2529,1609,3.72,69.86,48.75,0.0
f1a6081a-48e3-56db-936e-f49af9832cb1,2026-09-12T18:42:00,3.4,4.86,2852,1770,5.28,58.0,48.45,0.0
18b90679-ba14-5785-bca6-c3cc1e3ad587,2026-09-12T18:42:00,3.25,4.63,2714,1677,8.71,58.0,52.44,0.0
77059140-e829-5d12-90bd-2d2ebd9c436c,2026-09-12T18:42:00,2.71,4.68,2703,1574,6.32,58.0,47.87,0.0
3a6c166d-37fa-5cda-adad-777eb4567f37,2026-09-12T18:44:00,3.59,4.18,2777,1592,6.24,69.6,49.58,0.0
f1a6081a-48e3-56db-936e-f49af9832cb1,2026-09-12T18:44:00,3.33,5.59,2646,1690,9.53,58.0,48.03,0.0
18b90679-ba14-5785-bca6-c3cc1e3ad587,2026-09-12T18:44:00,3.7,6.02,2604,1780,3.71,58.0,46.73,0.0
77059140-e829-5d12-90bd-2d2ebd9c436c,2026-09-12T18:44:00,3.84,4.77,2617,1806,9.11,58.0,42.09,0.0
3a6c166d-37fa-5cda-adad-777eb4567f37,2026-09-12T18:46:00,3.45,5.01,2668,1695,4.57,69.45,43.03,0.0
f1a6081a-48e3-56db-936e-f49af9832cb1,2026-09-12T18:46:00,2.86,4.93,2650,1658,7.49,58.0,47.2,0.0
18b90679-ba14-5785-bca6-c3cc1e3ad587,2026-09-12T18:46:00,2.76,4.84,2579,1540,5.23,58.0,50.07,0.0
77059140-e829-5d12-90bd-2d2ebd9c436c,2026-09-12T18:46:00,3.73,4.47,2870,1611,6.27,58.0,50.36,0.0
3a6c166d-37fa-5cda-adad-777eb4567f37,2026-09-12T18:48:00,3.27,4.69,2731,1648,4.64,69.03,50.47,0.0
f1a6081a-48e3-56db-936e-f49af9832cb1,2026-09-12T18:48:00,3.43,5.17,2541,1681,6.03,58.0,50.17,0.0
18b90679-ba14-5785-bca6-c3cc1e3ad587,2026-09-12T18:48:00,3.26,5.16,2391,1622,7.59,58.0,49.18,0.0
77059140-e829-5d12-90bd-2d2ebd9c436c,2026-09-12T18:48:00,3.33,4.49,2755,1758,8.62,58.0,47.45,0.0
3a6c166d-37fa-5cda-adad-777eb4567f37,2026-09-12T18:50:00,3.07,5.28,2706,1633,8.34,69.34,48.32,0.0
f1a6081a-48e3-56db-936e-f49af9832cb1,2026-09-12T18:50:00,3.55,4.49,2538,1553,5.2,58.0,47.25,0.0
18b90679-ba14-5785-bca6-c3cc1e3ad587,2026-09-12T18:50:00,3.56,4.49,2546,1903,7.38,58.0,46.2,0.0
77059140-e829-5d12-90bd-2d2ebd9c436c,2026-09-12T18:50:00,3.82,4.49,2460,1734,4.13,58.0,46.07,0.0
3a6c166d-37fa-5cda-adad-777eb4567f37,2026-09-12T18:52:00,3.6,5.02,2564,1728,7.54,69.81,45.81,0.0
f1a6081a-48e3-56db-936e-f49af9832cb1,2026-09-12T18:52:00,3.25,4.5,2657,1807,8.45,58.0,52.68,0.0
18b90679-ba14-5785-bca6-c3cc1e3ad587,2026-09-12T18:52:00,3.17,5.21,2600,1681,5.89,58.0,43.27,0.0
77059140-e829-5d12-90bd-2d2ebd9c436c,2026-09-12T18:52:00,3.27,5.02,2499,1722,8.6,58.0,48.6,0.0
3a6c166d-37fa-5cda-adad-777eb4567f37,2026-09-12T18:54:00,3.52,4.57,2597,1605,8.33,69.62,43.1,0.0
f1a6081a-48e3-56db-936e-f49af9832cb1,2026-09-12T18:54:00,3.48,4.67,2734,1573,6.61,58.0,41.64,0.0
18b90679-ba14-5785-bca6-c3cc1e3ad587,2026-09-12T18:54:00,3.28,5.03,2575,1535,6.63,58.0,47.17,0.0
77059140-e829-5d12-90bd-2d2ebd9c436c,2026-09-12T18:54:00,2.96,4.33,2641,1655,6.13,58.0,50.89,0.0
3a6c166d-37fa-5cda-adad-777eb4567f37,2026-09-12T18:56:00,2.53,4.51,2470,1647,4.37,69.55,49.24,0.0
f1a6081a-48e3-56db-936e-f49af9832cb1,2026-09-12T18:56:00,3.2,4.73,2793,1621,5.28,58.0,45.21,0.0
18b90679-ba14-5785-bca6-c3cc1e3ad587,2026-09-12T18:56:00,3.49,3.91,2311,1748,7.95,58.0,45.35,0.0
77059140-e829-5d12-90bd-2d2ebd9c436c,2026-09-12T18:56:00,3.46,4.48,2563,1652,5.78,58.0,48.71,0.0
3a6c166d-37fa-5cda-adad-777eb4567f37,2026-09-12T18:58:00,3.4,4.48,2674,1890,3.82,69.7,48.56,0.0
f1a6081a-48e3-56db-936e-f49af9832cb1,2026-09-12T18:58:00,3.55,5.12,2778,1604,7.22,58.0,45.21,0.0
18b90679-ba14-5785-bca6-c3cc1e3ad587,2026-09-12T18:58:00,3.54,4.81,2490,1669,5.03,58.0,46.58,0.0
77059140-e829-5d12-90bd-2d2ebd9c436c,2026-09-12T18:58:00,3.43,5.35,2635,1530,6.84,58.0,48.39,0.0
3a6c166d-37fa-5cda-adad-777eb4567f37,2026-09-12T19:00:00,3.53,4.91,2553,1688,3.9,69.73,46.05,0.0
f1a6081a-48e3-56db-936e-f49af9832cb1,2026-09-12T19:00:00,4.18,4.7,2223,1440,8.76,58.0,49.6,0.0
18b90679-ba14-5785-bca6-c3cc1e3ad587,2026-09-12T19:00:00,3.18,4.7,2403,1578,5.6,58.0,49.85,0.0
77059140-e829-5d12-90bd-2d2ebd9c436c,2026-09-12T19:00:00,3.32,4.42,2566,1501,5.94,58.0,42.16,0.0
3a6c166d-37fa-5cda-adad-777eb4567f37,2026-09-12T19:02:00,2.97,4.73,2648,1399,3.46,69.78,48.21,0.0
f1a6081a-48e3-56db-936e-f49af9832cb1,2026-09-12T19:02:00,3.23,4.18,2379,1561,7.5,58.0,47.98,0.0
18b90679-ba14-5785-bca6-c3cc1e3ad587,2026-09-12T19:02:00,3.4,3.66,2511,1527,5.24,58.0,49.66,0.0
77059140-e829-5d12-90bd-2d2ebd9c436c,2026-09-12T19:02:00,3.26,4.61,2603,1523,4.05,58.0,50.16,0.0
3a6c166d-37fa-5cda-adad-777eb4567f37,2026-09-12T19:04:00,3.18,4.67,2166,1679,7.12,69.85,49.24,0.0
f1a6081a-48e3-56db-936e-f49af9832cb1,2026-09-12T19:04:00,3.19,5.09,2769,1506,6.02,58.0,43.04,0.0
18b90679-ba14-5785-bca6-c3cc1e3ad587,2026-09-12T19:04:00,3.09,5.11,2597,1534,7.4,58.0,46.7,0.0
77059140-e829-5d12-90bd-2d2ebd9c436c,2026-09-12T19:04:00,2.56,5.0,2417,1663,6.59,58.0,49.6,0.0
3a6c166d-37fa-5cda-adad-777eb4567f37,2026-09-12T19:06:00,3.11,4.64,2537,1571,4.94,69.77,51.07,0.0
f1a6081a-48e3-56db-936e-f49af9832cb1,2026-09-12T19:06:00,3.7,5.58,2700,1661,7.0,58.0,45.5,0.0
18b90679-ba14-5785-bca6-c3cc1e3ad587,2026-09-12T19:06:00,2.9,5.34,2427,1535,2.59,58.0,49.93,0.0
77059140-e829-5d12-90bd-2d2ebd9c436c,2026-09-12T19:06:00,3.94,4.95,2546,1595,4.36,58.0,45.45,0.0
3a6c166d-37fa-5cda-adad-777eb4567f37,2026-09-12T19:08:00,3.52,4.88,2707,1652,9.5,69.75,46.31,0.0
f1a6081a-48e3-56db-936e-f49af9832cb1,2026-09-12T19:08:00,3.16,4.78,2506,1684,4.22,58.0,49.68,0.0
18b90679-ba14-5785-bca6-c3cc1e3ad587,2026-09-12T19:08:00,3.41,4.58,2622,1522,7.51,58.0,44.96,0.0
77059140-e829-5d12-90bd-2d2ebd9c436c,2026-09-12T19:08:00,3.61,4.81,2425,1560,5.88,58.0,44.23,0.0
3a6c166d-37fa-5cda-adad-777eb4567f37,2026-09-12T19:10:00,3.24,4.97,2445,1465,4.7,70.02,50.73,0.0
f1a6081a-48e3-56db-936e-f49af9832cb1,2026-09-12T19:10:00,2.94,4.41,2561,1567,5.39,58.0,50.09,0.0
18b90679-ba14-5785-bca6-c3cc1e3ad587,2026-09-12T19:10:00,2.97,4.27,2495,1663,10.38,58.0,48.97,0.0
77059140-e829-5d12-90bd-2d2ebd9c436c,2026-09-12T19:10:00,3.03,4.75,2456,1401,6.25,58.0,48.62,0.0
3a6c166d-37fa-5cda-adad-777eb4567f37,2026-09-12T19:12:00,2.77,4.41,2479,1665,8.38,69.87,47.14,0.0
f1a6081a-48e3-56db-936e-f49af9832cb1,2026-09-12T19:12:00,2.72,5.07,2464,1631,0.59,58.0,46.05,0.0
18b90679-ba14-5785-bca6-c3cc1e3ad587,2026-09-12T19:12:00,3.34,4.15,2389,1525,6.08,58.0,48.99,0.0
77059140-e829-5d12-90bd-2d2ebd9c436c,2026-09-12T19:12:00,3.05,4.73,2404,1739,5.21,58.0,49.86,0.0
3a6c166d-37fa-5cda-adad-777eb4567f37,2026-09-12T19:14:00,3.27,4.07,2443,1579,6.42,69.38,45.32,0.0
f1a6081a-48e3-56db-936e-f49af9832cb1,2026-09-12T19:14:00,3.18,5.2,2386,1589,8.55,58.0,45.94,0.0
18b90679-ba14-5785-bca6-c3cc1e3ad587,2026-09-12T19:14:00,2.98,4.43,2610,1514,4.83,58.0,48.84,0.0
77059140-e829-5d12-90bd-2d2ebd9c436c,2026-09-12T19:14:00,2.88,4.71,2570,1507,4.92,58.0,46.45,0.0
3a6c166d-37fa-5cda-adad-777eb4567f37,2026-09-12T19:16:00,3.22,4.79,2295,1546,3.42,69.69,47.72,0.0
f1a6081a-48e3-56db-936e-f49af9832cb1,2026-09-12T19:16:00,4.03,3.7,2459,1567,6.15,58.0,46.28,0.0
18b90679-ba14-5785-bca6-c3cc1e3ad587,2026-09-12T19:16:00,3.34,4.96,2529,1380,4.89,58.0,48.59,0.0
77059140-e829-5d12-90bd-2d2ebd9c436c,2026-09-12T19:16:00,3.46,4.65,2404,1431,4.72,58.0,47.04,0.0
3a6c166d-37fa-5cda-adad-777eb4567f37,2026-09-12T19:18:00,2.94,5.32,2392,1632,5.38,69.91,52.11,0.0
f1a6081a-48e3-56db-936e-f49af9832cb1,2026-09-12T19:18:00,3.63,4.49,2629,1572,7.19,58.0,44.91,0.0
18b90679-ba14-5785-bca6-c3cc1e3ad587,2026-09-12T19:18:00,3.29,4.79,2401,1634,5.12,58.0,46.01,0.0
77059140-e829-5d12-90bd-2d2ebd9c436c,2026-09-12T19:18:00,2.92,4.87,2375,1502,8.35,58.0,44.82,0.0
3a6c166d-37fa-5cda-adad-777eb4567f37,2026-09-12T19:20:00,3.31,5.11,2286,1406,8.97,69.8,47.31,0.0
f1a6081a-48e3-56db-936e-f49af9832cb1,2026-09-12T19:20:00,3.38,5.03,2251,1609,7.16,58.0,44.01,0.0
18b90679-ba14-5785-bca6-c3cc1e3ad587,2026-09-12T19:20:00,3.75,4.15,2401,1454,6.01,58.0,43.32,0.0
77059140-e829-5d12-90bd-2d2ebd9c436c,2026-09-12T19:20:00,3.59,4.91,2445,1520,7.53,58.0,50.04,0.0
3a6c166d-37fa-5cda-adad-777eb4567f37,2026-09-12T19:22:00,2.82,4.7,2454,1516,5.3,70.19,45.32,0.0
f1a6081a-48e3-56db-936e-f49af9832cb1,2026-09-12T19:22:00,3.05,5.07,2454,1398,4.92,58.0,42.79,0.0
18b90679-ba14-5785-bca6-c3cc1e3ad587,2026-09-12T19:22:00,2.75,4.06,2429,1609,2.26,58.0,46.19,0.0
77059140-e829-5d12-90bd-2d2ebd9c436c,2026-09-12T19:22:00,3.27,4.32,2386,1577,4.91,58.0,46.51,0.0
3a6c166d-37fa-5cda-adad-777eb4567f37,2026-09-12T19:24:00,2.84,4.79,2349,1504,6.72,69.84,42.72,0.0
f1a6081a-48e3-56db-936e-f49af9832cb1,2026-09-12T19:24:00,3.56,4.88,2293,1531,5.03,58.0,43.41,0.0
18b90679-ba14-5785-bca6-c3cc1e3ad587,2026-09-12T19:24:00,3.67,5.24,2255,1592,7.52,58.0,52.81,0.0
77059140-e829-5d12-90bd-2d2ebd9c436c,2026-09-12T19:24:00,2.89,4.39,2239,1507,10.58,58.0,44.37,0.0
3a6c166d-37fa-5cda-adad-777eb4567f37,2026-09-12T19:26:00,3.21,4.81,2264,1413,4.27,69.72,44.24,0.0
f1a6081a-48e3-56db-936e-f49af9832cb1,2026-09-12T19:26:00,3.17,5.02,2504,1437,4.91,58.0,48.45,0.0
18b90679-ba14-5785-bca6-c3cc1e3ad587,2026-09-12T19:26:00,3.37,5.19,2363,1596,6.1,58.0,45.75,0.0
77059140-e829-5d12-90bd-2d2ebd9c436c,2026-09-12T19:26:00,3.3,4.64,2182,1474,6.5,58.0,44.33,0.0
3a6c166d-37fa-5cda-adad-777eb4567f37,2026-09-12T19:28:00,2.94,4.2,2534,1454,5.79,70.4,48.45,0.0
f1a6081a-48e3-56db-936e-f49af9832cb1,2026-09-12T19:28:00,3.02,4.53,2437,1511,4.38,58.0,49.56,0.0
18b90679-ba14-5785-bca6-c3cc1e3ad587,2026-09-12T19:28:00,3.7,4.45,2504,1420,5.37,58.0,46.15,0.0
77059140-e829-5d12-90bd-2d2ebd9c436c,2026-09-12T19:28:00,3.42,4.63,2540,1668,6.41,58.0,45.4,0.0
3a6c166d-37fa-5cda-adad-777eb4567f37,2026-09-12T19:30:00,3.71,5.17,2294,1520,7.8,70.02,50.43,0.0
f1a6081a-48e3-56db-936e-f49af9832cb1,2026-09-12T19:30:00,3.94,4.35,2202,1401,5.91,58.0,43.82,0.0
18b90679-ba14-5785-bca6-c3cc1e3ad587,2026-09-12T19:30:00,3.23,5.27,2508,1584,6.74,58.0,48.68,0.0
77059140-e829-5d12-90bd-2d2ebd9c436c,2026-09-12T19:30:00,3.34,5.22,2243,1492,7.04,58.0,47.78,0.0
3a6c166d-37fa-5cda-adad-777eb4567f37,2026-09-12T19:32:00,3.0,4.81,2422,1579,9.09,70.17,44.27,0.0
f1a6081a-48e3-56db-936e-f49af9832cb1,2026-09-12T19:32:00,3.08,5.02,2434,1335,7.85,58.0,46.59,0.0
18b90679-ba14-5785-bca6-c3cc1e3ad587,2026-09-12T19:32:00,2.12,3.77,2674,1344,7.53,58.0,46.68,0.0
77059140-e829-5d12-90bd-2d2ebd9c436c,2026-09-12T19:32:00,2.46,5.26,2247,1431,4.68,58.0,42.83,0.0
3a6c166d-37fa-5cda-adad-777eb4567f37,2026-09-12T19:34:00,3.02,4.69,2303,1306,4.88,70.22,43.93,0.0
f1a6081a-48e3-56db-936e-f49af9832cb1,2026-09-12T19:34:00,3.28,4.15,2526,1482,5.88,58.0,48.08,0.0
18b90679-ba14-5785-bca6-c3cc1e3ad587,2026-09-12T19:34:00,2.84,4.31,2171,1405,6.95,58.0,44.85,0.0
77059140-e829-5d12-90bd-2d2ebd9c436c,2026-09-12T19:34:00,3.23,4.56,2395,1497,1.36,58.0,43.59,0.0
3a6c166d-37fa-5cda-adad-777eb4567f37,2026-09-12T19:36:00,2.84,4.44,2152,1341,8.61,69.98,43.67,0.0
f1a6081a-48e3-56db-936e-f49af9832cb1,2026-09-12T19:36:00,2.66,4.52,2375,1400,4.36,58.0,43.07,0.0
18b90679-ba14-5785-bca6-c3cc1e3ad587,2026-09-12T19:36:00,3.26,4.55,2252,1520,2.88,58.0,45.48,0.0
77059140-e829-5d12-90bd-2d2ebd9c436c,2026-09-12T19:36:00,2.69,4.5,2210,1427,4.6,58.0,47.04,0.0
3a6c166d-37fa-5cda-adad-777eb4567f37,2026-09-12T19:38:00,3.36,4.73,2338,1511,4.55,69.89,45.51,0.0
f1a6081a-48e3-56db-936e-f49af9832cb1,2026-09-12T19:38:00,2.94,3.96,2542,1399,5.63,58.0,46.67,0.0
18b90679-ba14-5785-bca6-c3cc1e3ad587,2026-09-12T19:38:00,3.2,4.38,2338,1376,4.85,58.0,45.73,0.0
77059140-e829-5d12-90bd-2d2ebd9c436c,2026-09-12T19:38:00,2.96,3.78,2470,1344,7.08,58.0,42.51,0.0
3a6c166d-37fa-5cda-adad-777eb4567f37,2026-09-12T19:40:00,3.48,4.81,2354,1546,3.34,70.41,43.65,0.0
f1a6081a-48e3-56db-936e-f49af9832cb1,2026-09-12T19:40:00,3.49,4.75,2376,1525,4.17,58.0,44.23,0.0
18b90679-ba14-5785-bca6-c3cc1e3ad587,2026-09-12T19:40:00,3.64,4.24,2231,1368,7.24,58.0,47.45,0.0
77059140-e829-5d12-90bd-2d2ebd9c436c,2026-09-12T19:40:00,2.72,4.61,2285,1391,6.0,58.0,45.73,0.0
3a6c166d-37fa-5cda-adad-777eb4567f37,2026-09-12T19:42:00,2.75,3.92,2258,1443,3.59,70.39,47.06,0.0
f1a6081a-48e3-56db-936e-f49af9832cb1,2026-09-12T19:42:00,3.35,4.79,2375,1403,4.76,58.0,46.15,0.0
18b90679-ba14-5785-bca6-c3cc1e3ad587,2026-09-12T19:42:00,2.95,4.72,2050,1305,5.05,58.0,48.1,0.0
77059140-e829-5d12-90bd-2d2ebd9c436c,2026-09-12T19:42:00,3.74,4.67,2067,1400,9.06,58.0,47.8,0.0
3a6c166d-37fa-5cda-adad-777eb4567f37,2026-09-12T19:44:00,3.14,5.26,2251,1370,4.69,70.39,46.02,0.0
f1a6081a-48e3-56db-936e-f49af9832cb1,2026-09-12T19:44:00,2.64,4.74,2195,1426,3.95,58.0,43.26,0.0
18b90679-ba14-5785-bca6-c3cc1e3ad587,2026-09-12T19:44:00,3.02,3.83,2052,1491,2.74,58.0,42.71,0.0
77059140-e829-5d12-90bd-2d2ebd9c436c,2026-09-12T19:44:00,2.88,4.13,2015,1419,5.75,58.0,42.54,0.0
3a6c166d-37fa-5cda-adad-777eb4567f37,2026-09-12T19:46:00,2.8,4.32,2483,1342,4.35,70.64,43.7,0.0
f1a6081a-48e3-56db-936e-f49af9832cb1,2026-09-12T19:46:00,3.64,4.37,2470,1320,4.35,58.0,43.73,0.0
18b90679-ba14-5785-bca6-c3cc1e3ad587,2026-09-12T19:46:00,2.78,4.26,2290,1318,4.55,58.0,45.47,0.0
77059140-e829-5d12-90bd-2d2ebd9c436c,2026-09-12T19:46:00,2.89,5.04,2277,1577,6.27,58.0,42.82,0.0
3a6c166d-37fa-5cda-adad-777eb4567f37,2026-09-12T19:48:00,3.25,4.53,2132,1439,1.4,70.53,46.51,0.0
f1a6081a-48e3-56db-936e-f49af9832cb1,2026-09-12T19:48:00,2.98,5.2,2154,1328,4.77,58.0,43.83,0.0
18b90679-ba14-5785-bca6-c3cc1e3ad587,2026-09-12T19:48:00,2.41,4.18,1968,1433,2.91,58.0,46.7,0.0
77059140-e829-5d12-90bd-2d2ebd9c436c,2026-09-12T19:48:00,2.86,4.52,2099,1345,5.75,58.0,46.54,0.0
3a6c166d-37fa-5cda-adad-777eb4567f37,2026-09-12T19:50:00,2.48,3.74,1982,1316,5.35,70.2,47.37,0.0
f1a6081a-48e3-56db-936e-f49af9832cb1,2026-09-12T19:50:00,3.14,5.15,2239,1530,2.66,58.0,41.75,0.0
18b90679-ba14-5785-bca6-c3cc1e3ad587,2026-09-12T19:50:00,3.18,4.6,2322,1538,6.09,58.0,42.34,0.0
77059140-e829-5d12-90bd-2d2ebd9c436c,2026-09-12T19:50:00,2.8,4.63,2047,1305,2.5,58.0,44.01,0.0
3a6c166d-37fa-5cda-adad-777eb4567f37,2026-09-12T19:52:00,3.63,4.53,2121,1365,4.53,70.18,43.9,0.0
f1a6081a-48e3-56db-936e-f49af9832cb1,2026-09-12T19:52:00,3.06,3.8,2422,1252,4.98,58.0,41.33,0.0
18b90679-ba14-5785-bca6-c3cc1e3ad587,2026-09-12T19:52:00,3.14,4.63,2413,1697,8.35,58.0,45.35,0.0
77059140-e829-5d12-90bd-2d2ebd9c436c,2026-09-12T19:52:00,3.11,5.27,2304,1338,5.68,58.0,46.1,0.0
3a6c166d-37fa-5cda-adad-777eb4567f37,2026-09-12T19:54:00,2.94,5.03,2343,1247,4.02,70.25,45.55,0.0
f1a6081a-48e3-56db-936e-f49af9832cb1,2026-09-12T19:54:00,2.69,3.72,1962,1383,3.89,58.0,51.48,0.0
18b90679-ba14-5785-bca6-c3cc1e3ad587,2026-09-12T19:54:00,2.7,3.6,2217,1434,4.65,58.0,43.38,0.0
77059140-e829-5d12-90bd-2d2ebd9c436c,2026-09-12T19:54:00,3.33,4.69,2543,1370,4.16,58.0,41.23,0.0
3a6c166d-37fa-5cda-adad-777eb4567f37,2026-09-12T19:56:00,3.34,4.57,2109,1479,4.69,70.78,41.36,0.0
f1a6081a-48e3-56db-936e-f49af9832cb1,2026-09-12T19:56:00,2.87,4.75,2040,1410,5.66,58.0,45.49,0.0
18b90679-ba14-5785-bca6-c3cc1e3ad587,2026-09-12T19:56:00,3.3,4.02,2363,1335,3.87,58.0,49.0,0.0
77059140-e829-5d12-90bd-2d2ebd9c436c,2026-09-12T19:56:00,2.84,4.66,2199,1198,3.36,58.0,50.47,0.0
3a6c166d-37fa-5cda-adad-777eb4567f37,2026-09-12T19:58:00,2.82,5.02,2341,1401,6.35,70.3,44.33,0.0
f1a6081a-48e3-56db-936e-f49af9832cb1,2026-09-12T19:58:00,2.19,4.1,2250,1269,3.02,58.0,50.55,0.0
18b90679-ba14-5785-bca6-c3cc1e3ad587,2026-09-12T19:58:00,2.83,4.07,1964,1392,7.41,58.0,41.06,0.0
77059140-e829-5d12-90bd-2d2ebd9c436c,2026-09-12T19:58:00,2.85,3.07,2228,1395,5.71,58.0,42.47,0.0
3a6c166d-37fa-5cda-adad-777eb4567f37,2026-09-12T20:00:00,3.82,4.52,2031,1265,4.66,70.29,48.54,0.0
f1a6081a-48e3-56db-936e-f49af9832cb1,2026-09-12T20:00:00,3.29,3.9,2381,1506,4.13,58.0,49.6,0.0
18b90679-ba14-5785-bca6-c3cc1e3ad587,2026-09-12T20:00:00,2.81,4.32,2052,1541,4.54,58.0,40.47,0.0
77059140-e829-5d12-90bd-2d2ebd9c436c,2026-09-12T20:00:00,3.03,4.17,2149,1379,5.32,58.0,44.81,0.0
3a6c166d-37fa-5cda-adad-777eb4567f37,2026-09-12T20:02:00,3.11,3.76,2036,1079,4.38,70.79,41.71,0.0
f1a6081a-48e3-56db-936e-f49af9832cb1,2026-09-12T20:02:00,3.36,4.45,2144,1305,6.96,58.0,47.33,0.0
18b90679-ba14-5785-bca6-c3cc1e3ad587,2026-09-12T20:02:00,2.95,4.67,2166,1472,7.14,58.0,47.24,0.0
77059140-e829-5d12-90bd-2d2ebd9c436c,2026-09-12T20:02:00,2.47,4.82,2295,1350,4.05,58.0,48.99,0.0
3a6c166d-37fa-5cda-adad-777eb4567f37,2026-09-12T20:04:00,2.35,4.71,2165,1408,6.22,70.91,44.35,0.0
f1a6081a-48e3-56db-936e-f49af9832cb1,2026-09-12T20:04:00,3.17,3.95,2096,1337,5.59,58.0,46.87,0.0
18b90679-ba14-5785-bca6-c3cc1e3ad587,2026-09-12T20:04:00,2.61,3.95,2175,1366,0,58.0,44.99,0.0
77059140-e829-5d12-90bd-2d2ebd9c436c,2026-09-12T20:04:00,3.45,4.92,2181,1219,1.78,58.0,47.71,0.0
3a6c166d-37fa-5cda-adad-777eb4567f37,2026-09-12T20:06:00,3.1,4.43,2078,1259,2.49,69.92,42.51,0.0
f1a6081a-48e3-56db-936e-f49af9832cb1,2026-09-12T20:06:00,3.01,4.97,2115,1398,3.53,58.0,40.68,0.0
18b90679-ba14-5785-bca6-c3cc1e3ad587,2026-09-12T20:06:00,2.88,4.4,1936,1417,3.5,58.0,46.6,0.0
77059140-e829-5d12-90bd-2d2ebd9c436c,2026-09-12T20:06:00,2.3,4.02,1891,1448,2.17,58.0,48.1,0.0
3a6c166d-37fa-5cda-adad-777eb4567f37,2026-09-12T20:08:00,2.53,5.05,2042,1309,2.11,70.92,42.09,0.0
f1a6081a-48e3-56db-936e-f49af9832cb1,2026-09-12T20:08:00,3.3,4.37,2076,1446,2.25,58.0,45.39,0.0
18b90679-ba14-5785-bca6-c3cc1e3ad587,2026-09-12T20:08:00,2.77,4.42,2078,1399,7.79,58.0,44.93,0.0
77059140-e829-5d12-90bd-2d2ebd9c436c,2026-09-12T20:08:00,2.78,4.98,2021,1514,3.6,58.0,42.74,0.0
3a6c166d-37fa-5cda-adad-777eb4567f37,2026-09-12T20:10:00,3.66,4.22,2091,1342,5.45,71.12,44.82,0.0
f1a6081a-48e3-56db-936e-f49af9832cb1,2026-09-12T20:10:00,3.09,4.2,2241,1423,3.64,58.0,45.47,0.0
18b90679-ba14-5785-bca6-c3cc1e3ad587,2026-09-12T20:10:00,3.1,4.58,2182,1268,6.74,58.0,46.88,0.0
77059140-e829-5d12-90bd-2d2ebd9c436c,2026-09-12T20:10:00,2.66,4.69,2009,1190,4.4,58.0,42.74,0.0
3a6c166d-37fa-5cda-adad-777eb4567f37,2026-09-12T20:12:00,2.81,4.49,1984,1489,4.51,70.13,43.03,0.0
f1a6081a-48e3-56db-936e-f49af9832cb1,2026-09-12T20:12:00,2.78,4.0,2113,1296,0.83,58.0,46.13,0.0
18b90679-ba14-5785-bca6-c3cc1e3ad587,2026-09-12T20:12:00,2.99,4.79,2064,1534,3.13,58.0,44.67,0.0
77059140-e829-5d12-90bd-2d2ebd9c436c,2026-09-12T20:12:00,3.65,4.78,2209,1389,2.94,58.0,45.31,0.0
3a6c166d-37fa-5cda-adad-777eb4567f37,2026-09-12T20:14:00,3.27,3.97,2155,1268,3.48,70.81,45.51,0.0
f1a6081a-48e3-56db-936e-f49af9832cb1,2026-09-12T20:14:00,2.99,4.81,2255,1270,6.36,58.0,48.03,0.0
18b90679-ba14-5785-bca6-c3cc1e3ad587,2026-09-12T20:14:00,3.1,4.17,2032,1242,3.31,58.0,45.3,0.0
77059140-e829-5d12-90bd-2d2ebd9c436c,2026-09-12T20:14:00,2.98,4.16,2193,1329,4.22,58.0,46.92,0.0
3a6c166d-37fa-5cda-adad-777eb4567f37,2026-09-12T20:16:00,3.29,4.12,1988,1372,4.01,70.52,44.74,0.0
f1a6081a-48e3-56db-936e-f49af9832cb1,2026-09-12T20:16:00,2.97,4.26,2132,1314,5.89,58.0,44.14,0.0
18b90679-ba14-5785-bca6-c3cc1e3ad587,2026-09-12T20:16:00,2.79,4.65,2313,1267,4.99,58.0,47.6,0.0
77059140-e829-5d12-90bd-2d2ebd9c436c,2026-09-12T20:16:00,2.34,5.01,2048,1243,5.3,58.0,42.99,0.0
3a6c166d-37fa-5cda-adad-777eb4567f37,2026-09-12T20:18:00,3.06,4.81,2103,1382,4.58,70.77,47.81,0.0
f1a6081a-48e3-56db-936e-f49af9832cb1,2026-09-12T20:18:00,3.55,3.85,2028,1181,5.16,58.0,41.88,0.0
18b90679-ba14-5785-bca6-c3cc1e3ad587,2026-09-12T20:18:00,2.8,4.78,2048,1249,4.37,58.0,43.43,0.0
77059140-e829-5d12-90bd-2d2ebd9c436c,2026-09-12T20:18:00,3.15,3.87,2006,1296,5.34,58.0,44.29,0.0
3a6c166d-37fa-5cda-adad-777eb4567f37,2026-09-12T20:20:00,2.84,4.5,1901,1097,3.92,71.14,43.9,0.0
f1a6081a-48e3-56db-936e-f49af9832cb1,2026-09-12T20:20:00,2.75,3.9,2148,1401,2.0,58.0,47.3,0.0
18b90679-ba14-5785-bca6-c3cc1e3ad587,2026-09-12T20:20:00,3.5,4.77,1916,1252,2.52,58.0,41.51,0.0
77059140-e829-5d12-90bd-2d2ebd9c436c,2026-09-12T20:20:00,2.76,4.27,2009,1220,3.61,58.0,42.88,0.0
3a6c166d-37fa-5cda-adad-777eb4567f37,2026-09-12T20:22:00,2.63,4.11,2087,1249,3.38,71.19,41.45,0.0
f1a6081a-48e3-56db-936e-f49af9832cb1,2026-09-12T20:22:00,2.93,4.65,2081,1063,4.59,58.0,42.05,0.0
18b90679-ba14-5785-bca6-c3cc1e3ad587,2026-09-12T20:22:00,2.08,3.71,1994,1219,3.53,58.0,45.28,0.0
77059140-e829-5d12-90bd-2d2ebd9c436c,2026-09-12T20:22:00,3.4,4.64,1874,1283,3.07,58.0,40.21,0.0
3a6c166d-37fa-5cda-adad-777eb4567f37,2026-09-12T20:24:00,3.27,3.97,2080,1261,5.14,70.5,45.9,0.0
f1a6081a-48e3-56db-936e-f49af9832cb1,2026-09-12T20:24:00,2.6,4.36,2189,1120,5.05,58.0,42.63,0.0
18b90679-ba14-5785-bca6-c3cc1e3ad587,2026-09-12T20:24:00,2.76,4.57,2034,1244,4.36,58.0,44.3,0.0
77059140-e829-5d12-90bd-2d2ebd9c436c,2026-09-12T20:24:00,2.92,4.7,2015,1340,4.29,58.0,48.42,0.0
3a6c166d-37fa-5cda-adad-777eb4567f37,2026-09-12T20:26:00,3.2,3.44,2134,1114,3.87,71.08,40.8,0.0
f1a6081a-48e3-56db-936e-f49af9832cb1,2026-09-12T20:26:00,3.28,4.06,1984,1381,1.65,58.0,41.16,0.0
18b90679-ba14-5785-bca6-c3cc1e3ad587,2026-09-12T20:26:00,2.25,3.82,2024,1330,2.73,58.0,39.31,0.0
77059140-e829-5d12-90bd-2d2ebd9c436c,2026-09-12T20:26:00,2.94,4.34,2067,1095,6.16,58.0,49.98,0.0
3a6c166d-37fa-5cda-adad-777eb4567f37,2026-09-12T20:28:00,3.28,3.78,1892,1084,3.82,70.62,44.99,0.0
f1a6081a-48e3-56db-936e-f49af9832cb1,2026-09-12T20:28:00,2.77,3.91,1940,1209,5.01,58.0,47.47,0.0
18b90679-ba14-5785-bca6-c3cc1e3ad587,2026-09-12T20:28:00,2.91,4.13,1726,1357,4.46,58.0,40.96,0.0
77059140-e829-5d12-90bd-2d2ebd9c436c,2026-09-12T20:28:00,2.21,4.29,2110,1359,5.95,58.0,46.91,0.0
3a6c166d-37fa-5cda-adad-777eb4567f37,2026-09-12T20:30:00,3.63,3.4,2089,1176,4.66,70.47,42.98,0.0
f1a6081a-48e3-56db-936e-f49af9832cb1,2026-09-12T20:30:00,3.37,3.78,1983,1231,5.58,58.0,44.49,0.0
18b90679-ba14-5785-bca6-c3cc1e3ad587,2026-09-12T20:30:00,3.06,3.81,1859,1404,3.22,58.0,42.99,0.0
77059140-e829-5d12-90bd-2d2ebd9c436c,2026-09-12T20:30:00,3.05,4.37,1915,1440,4.84,58.0,43.46,0.0
3a6c166d-37fa-5cda-adad-777eb4567f37,2026-09-12T20:32:00,2.94,4.25,2016,1210,2.47,70.69,44.4,0.0
f1a6081a-48e3-56db-936e-f49af9832cb1,2026-09-12T20:32:00,2.31,4.26,1806,1226,4.04,58.0,49.74,0.0
18b90679-ba14-5785-bca6-c3cc1e3ad587,2026-09-12T20:32:00,2.96,4.42,1939,1292,7.35,58.0,44.51,0.0
77059140-e829-5d12-90bd-2d2ebd9c436c,2026-09-12T20:32:00,2.4,4.13,2023,1144,5.57,58.0,40.42,0.0
3a6c166d-37fa-5cda-adad-777eb4567f37,2026-09-12T20:34:00,3.05,4.07,1961,1320,4.33,70.34,39.69,0.0
f1a6081a-48e3-56db-936e-f49af9832cb1,2026-09-12T20:34:00,3.22,4.03,2059,1248,5.32,58.0,48.03,0.0
18b90679-ba14-5785-bca6-c3cc1e3ad587,2026-09-12T20:34:00,2.46,4.57,1961,1363,1.04,58.0,43.7,0.0
77059140-e829-5d12-90bd-2d2ebd9c436c,2026-09-12T20:34:00,2.8,3.64,1867,1048,4.21,58.0,36.9,0.0
3a6c166d-37fa-5cda-adad-777eb4567f37,2026-09-12T20:36:00,2.98,4.36,2064,1331,6.76,70.57,44.19,0.0
f1a6081a-48e3-56db-936e-f49af9832cb1,2026-09-12T20:36:00,2.98,3.4,1789,1112,3.13,58.0,44.12,0.0
18b90679-ba14-5785-bca6-c3cc1e3ad587,2026-09-12T20:36:00,2.71,3.8,1857,1124,5.68,58.0,46.93,0.0
77059140-e829-5d12-90bd-2d2ebd9c436c,2026-09-12T20:36:00,3.46,4.35,2124,1379,6.46,58.0,44.48,0.0
3a6c166d-37fa-5cda-adad-777eb4567f37,2026-09-12T20:38:00,2.83,4.15,1843,1150,4.71,71.18,41.87,0.0
f1a6081a-48e3-56db-936e-f49af9832cb1,2026-09-12T20:38:00,2.67,4.25,1911,1198,5.55,58.0,43.15,0.0
18b90679-ba14-5785-bca6-c3cc1e3ad587,2026-09-12T20:38:00,2.78,5.56,1865,1242,1.79,58.0,46.62,0.0
77059140-e829-5d12-90bd-2d2ebd9c436c,2026-09-12T20:38:00,2.78,4.21,1992,1262,3.88,58.0,44.73,0.0
3a6c166d-37fa-5cda-adad-777eb4567f37,2026-09-12T20:40:00,2.67,4.61,2046,1204,3.44,70.98,48.79,0.0
f1a6081a-48e3-56db-936e-f49af9832cb1,2026-09-12T20:40:00,2.75,5.11,2016,1147,2.14,58.0,44.23,0.0
18b90679-ba14-5785-bca6-c3cc1e3ad587,2026-09-12T20:40:00,2.62,4.11,1812,1160,6.66,58.0,46.32,0.0
77059140-e829-5d12-90bd-2d2ebd9c436c,2026-09-12T20:40:00,3.34,4.66,1975,1134,6.96,58.0,42.54,0.0
3a6c166d-37fa-5cda-adad-777eb4567f37,2026-09-12T20:42:00,3.12,4.71,2114,1193,8.59,71.13,42.82,0.0
f1a6081a-48e3-56db-936e-f49af9832cb1,2026-09-12T20:42:00,2.37,4.45,1821,1262,5.14,58.0,44.59,0.0
18b90679-ba14-5785-bca6-c3cc1e3ad587,2026-09-12T20:42:00,3.19,3.99,1881,1312,6.79,58.0,45.32,0.0
77059140-e829-5d12-90bd-2d2ebd9c436c,2026-09-12T20:42:00,2.84,4.2,2051,1089,1.34,58.0,41.57,0.0
3a6c166d-37fa-5cda-adad-777eb4567f37,2026-09-12T20:44:00,2.96,3.89,1741,1275,1.42,70.76,46.72,0.0
f1a6081a-48e3-56db-936e-f49af9832cb1,2026-09-12T20:44:00,3.02,4.52,2047,1117,3.86,58.0,45.35,0.0
18b90679-ba14-5785-bca6-c3cc1e3ad587,2026-09-12T20:44:00,3.07,4.27,1998,1288,4.25,58.0,39.88,0.0
77059140-e829-5d12-90bd-2d2ebd9c436c,2026-09-12T20:44:00,2.63,3.59,1909,1340,0.94,58.0,41.68,0.0
3a6c166d-37fa-5cda-adad-777eb4567f37,2026-09-12T20:46:00,3.09,3.48,1907,1293,5.02,71.18,47.71,0.0
f1a6081a-48e3-56db-936e-f49af9832cb1,2026-09-12T20:46:00,2.77,3.82,2036,1103,2.08,58.0,41.51,0.0
18b90679-ba14-5785-bca6-c3cc1e3ad587,2026-09-12T20:46:00,3.46,3.71,1899,1227,3.71,58.0,41.06,0.0
77059140-e829-5d12-90bd-2d2ebd9c436c,2026-09-12T20:46:00,2.71,4.29,1789,1225,3.3,58.0,40.1,0.0
3a6c166d-37fa-5cda-adad-777eb4567f37,2026-09-12T20:48:00,3.15,4.4,1888,1102,2.28,71.01,42.24,0.0
f1a6081a-48e3-56db-936e-f49af9832cb1,2026-09-12T20:48:00,2.13,3.73,1680,1168,3.81,58.0,42.13,0.0
18b90679-ba14-5785-bca6-c3cc1e3ad587,2026-09-12T20:48:00,2.59,3.89,1717,1369,5.52,58.0,42.61,0.0
77059140-e829-5d12-90bd-2d2ebd9c436c,2026-09-12T20:48:00,2.89,3.99,1923,1083,0.4,58.0,47.09,0.0
3a6c166d-37fa-5cda-adad-777eb4567f37,2026-09-12T20:50:00,3.13,3.67,1874,1023,2.88,70.86,42.37,0.0
f1a6081a-48e3-56db-936e-f49af9832cb1,2026-09-12T20:50:00,2.46,3.57,1855,1110,6.0,58.0,39.02,0.0
18b90679-ba14-5785-bca6-c3cc1e3ad587,2026-09-12T20:50:00,3.0,4.25,1895,1171,1.8,58.0,40.28,0.0
77059140-e829-5d12-90bd-2d2ebd9c436c,2026-09-12T20:50:00,3.0,4.27,1856,1108,0.62,58.0,40.35,0.0
3a6c166d-37fa-5cda-adad-777eb4567f37,2026-09-12T20:52:00,2.51,3.8,1928,1250,6.69,71.04,42.09,0.0
f1a6081a-48e3-56db-936e-f49af9832cb1,2026-09-12T20:52:00,2.75,3.92,1946,1136,3.67,58.0,47.11,0.0
18b90679-ba14-5785-bca6-c3cc1e3ad587,2026-09-12T20:52:00,2.14,4.37,1731,1100,3.76,58.0,42.76,0.0
77059140-e829-5d12-90bd-2d2ebd9c436c,2026-09-12T20:52:00,2.28,4.23,1744,1280,6.04,58.0,43.14,0.0
3a6c166d-37fa-5cda-adad-777eb4567f37,2026-09-12T20:54:00,2.84,4.59,1815,1243,1.0,71.13,42.39,0.0
f1a6081a-48e3-56db-936e-f49af9832cb1,2026-09-12T20:54:00,2.94,4.21,1847,1191,3.18,58.0,44.06,0.0
18b90679-ba14-5785-bca6-c3cc1e3ad587,2026-09-12T20:54:00,2.74,4.46,2108,1182,2.81,58.0,43.2,0.0
77059140-e829-5d12-90bd-2d2ebd9c436c,2026-09-12T20:54:00,2.99,4.02,2034,904,4.99,58.0,40.4,0.0
3a6c166d-37fa-5cda-adad-777eb4567f37,2026-09-12T20:56:00,3.1,4.48,1756,1120,2.64,70.72,42.7,0.0
f1a6081a-48e3-56db-936e-f49af9832cb1,2026-09-12T20:56:00,3.03,3.95,1888,1015,3.01,58.0,44.15,0.0
18b90679-ba14-5785-bca6-c3cc1e3ad587,2026-09-12T20:56:00,2.71,4.16,1905,1171,5.11,58.0,43.62,0.0
77059140-e829-5d12-90bd-2d2ebd9c436c,2026-09-12T20:56:00,2.53,3.67,1666,1040,2.89,58.0,42.1,0.0
3a6c166d-37fa-5cda-adad-777eb4567f37,2026-09-12T20:58:00,2.83,3.95,2005,1138,1.45,71.53,45.89,0.0
f1a6081a-48e3-56db-936e-f49af9832cb1,2026-09-12T20:58:00,2.32,3.87,1887,1086,0.71,58.0,43.9,0.0
18b90679-ba14-5785-bca6-c3cc1e3ad587,2026-09-12T20:58:00,2.82,5.35,1762,978,3.19,58.0,44.93,0.0
77059140-e829-5d12-90bd-2d2ebd9c436c,2026-09-12T20:58:00,2.1,3.8,1761,1300,5.86,58.0,42.83,0.0
3a6c166d-37fa-5cda-adad-777eb4567f37,2026-09-12T21:00:00,2.85,4.96,1823,1088,6.37,71.35,43.97,0.0
f1a6081a-48e3-56db-936e-f49af9832cb1,2026-09-12T21:00:00,3.06,4.03,1804,1171,3.23,58.0,43.44,0.0
18b90679-ba14-5785-bca6-c3cc1e3ad587,2026-09-12T21:00:00,2.32,4.01,1780,1042,2.65,58.0,43.36,0.0
77059140-e829-5d12-90bd-2d2ebd9c436c,2026-09-12T21:00:00,3.29,3.56,1880,1225,4.27,58.0,44.37,0.0
3a6c166d-37fa-5cda-adad-777eb4567f37,2026-09-12T21:02:00,2.54,3.44,1702,1295,5.68,71.48,43.77,0.0
f1a6081a-48e3-56db-936e-f49af9832cb1,2026-09-12T21:02:00,2.52,4.77,1875,1153,3.81,58.0,45.9,0.0
18b90679-ba14-5785-bca6-c3cc1e3ad587,2026-09-12T21:02:00,1.59,3.75,1855,1158,4.33,58.0,45.75,0.0
77059140-e829-5d12-90bd-2d2ebd9c436c,2026-09-12T21:02:00,2.64,4.31,1733,1177,0.77,58.0,43.03,0.0
3a6c166d-37fa-5cda-adad-777eb4567f37,2026-09-12T21:04:00,2.28,3.99,1912,1285,0.49,71.25,41.0,0.0
f1a6081a-48e3-56db-936e-f49af9832cb1,2026-09-12T21:04:00,2.75,3.66,1653,1186,4.43,58.0,42.47,0.0
18b90679-ba14-5785-bca6-c3cc1e3ad587,2026-09-12T21:04:00,2.76,3.93,1929,1172,4.12,58.0,39.46,0.0
77059140-e829-5d12-90bd-2d2ebd9c436c,2026-09-12T21:04:00,2.8,4.3,1803,940,3.21,58.0,42.24,0.0
3a6c166d-37fa-5cda-adad-777eb4567f37,2026-09-12T21:06:00,3.02,5.2,1837,1072,4.02,71.12,46.85,0.0
f1a6081a-48e3-56db-936e-f49af9832cb1,2026-09-12T21:06:00,3.03,3.86,1860,1317,2.26,58.0,47.93,0.0
18b90679-ba14-5785-bca6-c3cc1e3ad587,2026-09-12T21:06:00,3.18,4.11,1667,1162,0.61,58.0,43.49,0.0
77059140-e829-5d12-90bd-2d2ebd9c436c,2026-09-12T21:06:00,2.26,4.28,1723,1209,1.35,58.0,37.12,0.0
3a6c166d-37fa-5cda-adad-777eb4567f37,2026-09-12T21:08:00,2.5,4.05,1954,1128,2.51,71.38,45.21,0.0
f1a6081a-48e3-56db-936e-f49af9832cb1,2026-09-12T21:08:00,3.1,3.53,1824,1197,6.15,58.0,43.46,0.0
18b90679-ba14-5785-bca6-c3cc1e3ad587,2026-09-12T21:08:00,2.43,3.61,1755,1131,6.82,58.0,44.79,0.0
77059140-e829-5d12-90bd-2d2ebd9c436c,2026-09-12T21:08:00,2.7,3.69,1871,1198,2.69,58.0,47.06,0.0
3a6c166d-37fa-5cda-adad-777eb4567f37,2026-09-12T21:10:00,2.57,4.74,1704,1029,3.2,71.41,44.28,0.0
f1a6081a-48e3-56db-936e-f49af9832cb1,2026-09-12T21:10:00,2.34,3.83,1751,1073,3.6,58.0,41.57,0.0
18b90679-ba14-5785-bca6-c3cc1e3ad587,2026-09-12T21:10:00,2.98,3.48,1467,1136,2.52,58.0,41.88,0.0
77059140-e829-5d12-90bd-2d2ebd9c436c,2026-09-12T21:10:00,2.34,4.15,1876,1073,3.98,58.0,41.09,0.0
3a6c166d-37fa-5cda-adad-777eb4567f37,2026-09-12T21:12:00,2.6,4.18,1859,1140,0,71.49,44.58,0.0
f1a6081a-48e3-56db-936e-f49af9832cb1,2026-09-12T21:12:00,3.4,3.5,1683,1007,4.1,58.0,42.02,0.0
18b90679-ba14-5785-bca6-c3cc1e3ad587,2026-09-12T21:12:00,2.23,3.72,1609,1115,5.52,58.0,44.52,0.0
77059140-e829-5d12-90bd-2d2ebd9c436c,2026-09-12T21:12:00,2.22,3.6,1879,1056,3.55,58.0,43.29,0.0
3a6c166d-37fa-5cda-adad-777eb4567f37,2026-09-12T21:14:00,2.2,5.69,1773,961,6.79,71.52,48.6,0.0
f1a6081a-48e3-56db-936e-f49af9832cb1,2026-09-12T21:14:00,3.1,4.13,1813,1208,0,58.0,45.5,0.0
18b90679-ba14-5785-bca6-c3cc1e3ad587,2026-09-12T21:14:00,2.62,3.51,1802,1011,1.14,58.0,42.09,0.0
77059140-e829-5d12-90bd-2d2ebd9c436c,2026-09-12T21:14:00,3.32,3.74,1779,992,4.73,58.0,38.08,0.0
3a6c166d-37fa-5cda-adad-777eb4567f37,2026-09-12T21:16:00,2.6,3.61,1738,1025,4.18,71.73,44.03,0.0
f1a6081a-48e3-56db-936e-f49af9832cb1,2026-09-12T21:16:00,3.03,3.73,1600,1219,4.1,58.0,42.29,0.0
18b90679-ba14-5785-bca6-c3cc1e3ad587,2026-09-12T21:16:00,2.96,4.34,1630,1256,1.49,58.0,39.48,0.0
77059140-e829-5d12-90bd-2d2ebd9c436c,2026-09-12T21:16:00,2.44,4.12,1646,975,2.02,58.0,44.34,0.0
3a6c166d-37fa-5cda-adad-777eb4567f37,2026-09-12T21:18:00,2.91,3.91,1752,1111,2.66,71.31,42.23,0.0
f1a6081a-48e3-56db-936e-f49af9832cb1,2026-09-12T21:18:00,2.54,3.48,1629,1165,5.23,58.0,37.87,0.0
18b90679-ba14-5785-bca6-c3cc1e3ad587,2026-09-12T21:18:00,2.41,3.05,1601,1247,2.65,58.0,42.08,0.0
77059140-e829-5d12-90bd-2d2ebd9c436c,2026-09-12T21:18:00,3.14,3.27,1567,1093,4.89,58.0,48.05,0.0
3a6c166d-37fa-5cda-adad-777eb4567f37,2026-09-12T21:20:00,2.74,4.31,1722,1064,1.69,71.31,45.04,0.0
f1a6081a-48e3-56db-936e-f49af9832cb1,2026-09-12T21:20:00,2.81,3.76,1609,1128,2.17,58.0,43.56,0.0
18b90679-ba14-5785-bca6-c3cc1e3ad587,2026-09-12T21:20:00,2.93,4.82,1819,1340,0,58.0,39.83,0.0
77059140-e829-5d12-90bd-2d2ebd9c436c,2026-09-12T21:20:00,2.8,4.13,2004,1097,1.4,58.0,45.14,0.0
3a6c166d-37fa-5cda-adad-777eb4567f37,2026-09-12T21:22:00,2.66,3.1,1942,1085,1.47,70.89,40.66,0.0
f1a6081a-48e3-56db-936e-f49af9832cb1,2026-09-12T21:22:00,2.38,4.35,1468,1108,6.44,58.0,41.06,0.0
18b90679-ba14-5785-bca6-c3cc1e3ad587,2026-09-12T21:22:00,2.47,3.61,1603,982,2.62,58.0,45.04,0.0
77059140-e829-5d12-90bd-2d2ebd9c436c,2026-09-12T21:22:00,3.03,4.36,1886,1095,0.76,58.0,45.87,0.0
3a6c166d-37fa-5cda-adad-777eb4567f37,2026-09-12T21:24:00,3.03,4.12,1523,1219,3.9,72.25,43.13,0.0
f1a6081a-48e3-56db-936e-f49af9832cb1,2026-09-12T21:24:00,1.84,3.86,1466,1038,4.58,58.0,41.41,0.0
18b90679-ba14-5785-bca6-c3cc1e3ad587,2026-09-12T21:24:00,2.59,4.13,1520,1133,5.94,58.0,42.93,0.0
77059140-e829-5d12-90bd-2d2ebd9c436c,2026-09-12T21:24:00,2.58,4.22,1421,1107,3.49,58.0,42.31,0.0
3a6c166d-37fa-5cda-adad-777eb4567f37,2026-09-12T21:26:00,2.64,4.21,1482,937,3.52,71.5,41.6,0.0
f1a6081a-48e3-56db-936e-f49af9832cb1,2026-09-12T21:26:00,2.3,3.73,1765,961,2.54,58.0,46.01,0.0
18b90679-ba14-5785-bca6-c3cc1e3ad587,2026-09-12T21:26:00,2.8,4.1,1489,969,3.06,58.0,46.78,0.0
77059140-e829-5d12-90bd-2d2ebd9c436c,2026-09-12T21:26:00,2.38,4.12,1701,1216,4.33,58.0,41.16,0.0
3a6c166d-37fa-5cda-adad-777eb4567f37,2026-09-12T21:28:00,2.27,3.86,1623,1059,3.57,70.97,41.59,0.0
f1a6081a-48e3-56db-936e-f49af9832cb1,2026-09-12T21:28:00,2.5,4.47,1499,929,3.9,58.0,42.7,0.0
18b90679-ba14-5785-bca6-c3cc1e3ad587,2026-09-12T21:28:00,2.14,4.33,1675,995,2.64,58.0,44.04,0.0
77059140-e829-5d12-90bd-2d2ebd9c436c,2026-09-12T21:28:00,2.66,3.53,1756,870,3.75,58.0,41.95,0.0
3a6c166d-37fa-5cda-adad-777eb4567f37,2026-09-12T21:30:00,2.64,3.39,1735,967,3.53,71.74,44.04,0.0
f1a6081a-48e3-56db-936e-f49af9832cb1,2026-09-12T21:30:00,2.34,4.08,1720,1078,3.06,58.0,41.68,0.0
18b90679-ba14-5785-bca6-c3cc1e3ad587,2026-09-12T21:30:00,2.71,3.97,1666,1053,1.72,58.0,39.35,0.0
77059140-e829-5d12-90bd-2d2ebd9c436c,2026-09-12T21:30:00,2.79,3.87,1585,1087,6.91,58.0,44.73,0.0
3a6c166d-37fa-5cda-adad-777eb4567f37,2026-09-12T21:32:00,2.57,3.6,1525,1254,2.75,71.37,45.0,0.0
f1a6081a-48e3-56db-936e-f49af9832cb1,2026-09-12T21:32:00,3.17,4.1,1676,1135,3.66,58.0,43.32,0.0
18b90679-ba14-5785-bca6-c3cc1e3ad587,2026-09-12T21:32:00,2.88,4.19,1776,919,3.61,58.0,45.26,0.0
77059140-e829-5d12-90bd-2d2ebd9c436c,2026-09-12T21:32:00,3.05,3.88,1674,914,0,58.0,41.31,0.0
3a6c166d-37fa-5cda-adad-777eb4567f37,2026-09-12T21:34:00,3.28,3.2,1534,1030,1.92,71.2,47.44,0.0
f1a6081a-48e3-56db-936e-f49af9832cb1,2026-09-12T21:34:00,2.46,3.94,1553,1016,3.41,58.0,44.94,0.0
18b90679-ba14-5785-bca6-c3cc1e3ad587,2026-09-12T21:34:00,3.02,3.8,1637,1217,4.02,58.0,39.66,0.0
77059140-e829-5d12-90bd-2d2ebd9c436c,2026-09-12T21:34:00,2.44,4.44,1582,969,3.51,58.0,43.23,0.0
3a6c166d-37fa-5cda-adad-777eb4567f37,2026-09-12T21:36:00,2.72,4.21,1722,1187,2.65,71.81,41.95,0.0
f1a6081a-48e3-56db-936e-f49af9832cb1,2026-09-12T21:36:00,2.61,4.09,1666,1103,6.52,58.0,43.59,0.0
18b90679-ba14-5785-bca6-c3cc1e3ad587,2026-09-12T21:36:00,2.34,4.25,1583,978,2.79,58.0,41.99,0.0
77059140-e829-5d12-90bd-2d2ebd9c436c,2026-09-12T21:36:00,2.55,2.71,1531,1004,0.83,58.0,42.93,0.0
3a6c166d-37fa-5cda-adad-777eb4567f37,2026-09-12T21:38:00,2.56,3.46,1308,1084,0,71.71,43.34,0.0
f1a6081a-48e3-56db-936e-f49af9832cb1,2026-09-12T21:38:00,2.65,4.18,1514,784,4.06,58.0,39.96,0.0
18b90679-ba14-5785-bca6-c3cc1e3ad587,2026-09-12T21:38:00,3.61,4.46,1557,1068,0,58.0,44.96,0.0
77059140-e829-5d12-90bd-2d2ebd9c436c,2026-09-12T21:38:00,2.72,2.73,1537,1016,3.66,58.0,45.21,0.0
3a6c166d-37fa-5cda-adad-777eb4567f37,2026-09-12T21:40:00,2.73,3.31,1485,869,4.1,71.96,42.46,0.0
f1a6081a-48e3-56db-936e-f49af9832cb1,2026-09-12T21:40:00,2.37,4.32,1619,939,3.1,58.0,38.42,0.0
18b90679-ba14-5785-bca6-c3cc1e3ad587,2026-09-12T21:40:00,1.99,3.92,1480,954,4.19,58.0,41.92,0.0
77059140-e829-5d12-90bd-2d2ebd9c436c,2026-09-12T21:40:00,3.16,3.66,1508,943,4.75,58.0,42.2,0.0
3a6c166d-37fa-5cda-adad-777eb4567f37,2026-09-12T21:42:00,2.48,3.89,1439,1011,2.57,71.84,46.36,0.0
f1a6081a-48e3-56db-936e-f49af9832cb1,2026-09-12T21:42:00,3.15,4.0,1598,943,2.82,58.0,42.93,0.0
18b90679-ba14-5785-bca6-c3cc1e3ad587,2026-09-12T21:42:00,2.97,4.21,1617,1058,3.72,58.0,42.45,0.0
77059140-e829-5d12-90bd-2d2ebd9c436c,2026-09-12T21:42:00,2.25,3.35,1633,1043,2.56,58.0,42.13,0.0
3a6c166d-37fa-5cda-adad-777eb4567f37,2026-09-12T21:44:00,2.11,3.86,1634,983,0.96,71.77,45.34,0.0
f1a6081a-48e3-56db-936e-f49af9832cb1,2026-09-12T21:44:00,2.68,3.58,1405,985,0.73,58.0,43.62,0.0
18b90679-ba14-5785-bca6-c3cc1e3ad587,2026-09-12T21:44:00,2.24,4.44,1290,1090,1.44,58.0,36.91,0.0
77059140-e829-5d12-90bd-2d2ebd9c436c,2026-09-12T21:44:00,2.53,4.22,1670,828,4.57,58.0,38.8,0.0
3a6c166d-37fa-5cda-adad-777eb4567f37,2026-09-12T21:46:00,2.55,4.15,1379,961,6.2,71.87,44.27,0.0
f1a6081a-48e3-56db-936e-f49af9832cb1,2026-09-12T21:46:00,2.0,3.96,1569,995,2.35,58.0,37.44,0.0
18b90679-ba14-5785-bca6-c3cc1e3ad587,2026-09-12T21:46:00,2.01,3.73,1313,861,4.87,58.0,43.6,0.0
77059140-e829-5d12-90bd-2d2ebd9c436c,2026-09-12T21:46:00,2.67,3.85,1683,1049,0.55,58.0,43.06,0.0
3a6c166d-37fa-5cda-adad-777eb4567f37,2026-09-12T21:48:00,2.3,4.11,1777,1005,2.99,71.57,41.38,0.0
f1a6081a-48e3-56db-936e-f49af9832cb1,2026-09-12T21:48:00,2.68,4.47,1632,992,1.21,58.0,47.63,0.0
18b90679-ba14-5785-bca6-c3cc1e3ad587,2026-09-12T21:48:00,2.13,3.97,1480,909,3.57,58.0,41.4,0.0
77059140-e829-5d12-90bd-2d2ebd9c436c,2026-09-12T21:48:00,2.68,3.63,1507,985,3.2,58.0,44.98,0.0
3a6c166d-37fa-5cda-adad-777eb4567f37,2026-09-12T21:50:00,2.59,4.43,1526,909,3.78,71.85,38.36,0.0
f1a6081a-48e3-56db-936e-f49af9832cb1,2026-09-12T21:50:00,2.57,3.65,1490,1080,2.27,58.0,41.39,0.0
18b90679-ba14-5785-bca6-c3cc1e3ad587,2026-09-12T21:50:00,2.45,4.49,1490,1065,0.37,58.0,37.92,0.0
77059140-e829-5d12-90bd-2d2ebd9c436c,2026-09-12T21:50:00,2.62,3.81,1343,889,0,58.0,41.29,0.0
3a6c166d-37fa-5cda-adad-777eb4567f37,2026-09-12T21:52:00,2.8,4.17,1804,901,1.8,71.72,40.98,0.0
f1a6081a-48e3-56db-936e-f49af9832cb1,2026-09-12T21:52:00,2.45,4.15,1610,1075,2.12,58.0,44.94,0.0
18b90679-ba14-5785-bca6-c3cc1e3ad587,2026-09-12T21:52:00,2.8,4.16,1566,1081,1.34,58.0,41.99,0.0
77059140-e829-5d12-90bd-2d2ebd9c436c,2026-09-12T21:52:00,2.66,4.01,1636,915,3.74,58.0,39.96,0.0
3a6c166d-37fa-5cda-adad-777eb4567f37,2026-09-12T21:54:00,3.37,4.17,1596,882,3.34,71.78,39.67,0.0
f1a6081a-48e3-56db-936e-f49af9832cb1,2026-09-12T21:54:00,2.23,3.59,1396,960,1.89,58.0,37.89,0.0
18b90679-ba14-5785-bca6-c3cc1e3ad587,2026-09-12T21:54:00,3.15,3.55,1489,952,1.46,58.0,42.12,0.0
77059140-e829-5d12-90bd-2d2ebd9c436c,2026-09-12T21:54:00,2.86,3.65,1710,912,1.29,58.0,41.18,0.0
3a6c166d-37fa-5cda-adad-777eb4567f37,2026-09-12T21:56:00,2.07,4.06,1485,928,4.28,72.02,40.33,0.0
f1a6081a-48e3-56db-936e-f49af9832cb1,2026-09-12T21:56:00,2.32,3.66,1546,936,2.59,58.0,42.39,0.0
18b90679-ba14-5785-bca6-c3cc1e3ad587,2026-09-12T21:56:00,2.34,3.15,1284,877,3.34,58.0,40.55,0.0
77059140-e829-5d12-90bd-2d2ebd9c436c,2026-09-12T21:56:00,3.07,3.36,1585,899,1.71,58.0,45.59,0.0
3a6c166d-37fa-5cda-adad-777eb4567f37,2026-09-12T21:58:00,2.61,4.09,1432,953,2.46,71.32,38.55,0.0
f1a6081a-48e3-56db-936e-f49af9832cb1,2026-09-12T21:58:00,2.35,3.76,1654,912,3.43,58.0,38.52,0.0
18b90679-ba14-5785-bca6-c3cc1e3ad587,2026-09-12T21:58:00,2.21,3.34,1401,1026,1.92,58.0,46.37,0.0
77059140-e829-5d12-90bd-2d2ebd9c436c,2026-09-12T21:58:00,2.13,3.76,1783,972,3.5,58.0,41.35,0.0
3a6c166d-37fa-5cda-adad-777eb4567f37,2026-09-12T22:00:00,2.75,3.94,1435,1072,5.01,71.88,41.12,0.0
f1a6081a-48e3-56db-936e-f49af9832cb1,2026-09-12T22:00:00,2.49,3.64,1325,1018,1.52,58.0,37.82,0.0
18b90679-ba14-5785-bca6-c3cc1e3ad587,2026-09-12T22:00:00,2.22,3.41,1570,935,4.0,58.0,39.46,0.0
77059140-e829-5d12-90bd-2d2ebd9c436c,2026-09-12T22:00:00,2.83,3.59,1631,1041,4.6,58.0,40.4,0.0
3a6c166d-37fa-5cda-adad-777eb4567f37,2026-09-12T22:02:00,1.96,4.16,1441,819,1.86,71.69,41.4,0.0
f1a6081a-48e3-56db-936e-f49af9832cb1,2026-09-12T22:02:00,2.33,4.2,1701,820,4.23,58.0,41.4,0.0
18b90679-ba14-5785-bca6-c3cc1e3ad587,2026-09-12T22:02:00,2.8,3.6,1389,1043,2.61,58.0,46.94,0.0
77059140-e829-5d12-90bd-2d2ebd9c436c,2026-09-12T22:02:00,2.56,3.7,1500,843,4.65,58.0,41.11,0.0
3a6c166d-37fa-5cda-adad-777eb4567f37,2026-09-12T22:04:00,2.85,4.81,1742,1084,2.32,72.72,41.09,0.0
f1a6081a-48e3-56db-936e-f49af9832cb1,2026-09-12T22:04:00,2.09,2.88,1605,859,2.99,58.0,41.6,0.0
18b90679-ba14-5785-bca6-c3cc1e3ad587,2026-09-12T22:04:00,2.15,3.95,1353,898,1.2,58.0,41.66,0.0
77059140-e829-5d12-90bd-2d2ebd9c436c,2026-09-12T22:04:00,2.15,3.94,1417,832,1.91,58.0,45.91,0.0
3a6c166d-37fa-5cda-adad-777eb4567f37,2026-09-12T22:06:00,2.68,4.23,1649,924,3.21,72.14,41.59,0.0
f1a6081a-48e3-56db-936e-f49af9832cb1,2026-09-12T22:06:00,2.72,4.34,1439,1133,2.68,58.0,44.16,0.0
18b90679-ba14-5785-bca6-c3cc1e3ad587,2026-09-12T22:06:00,2.77,3.37,1512,1039,1.62,58.0,39.52,0.0
77059140-e829-5d12-90bd-2d2ebd9c436c,2026-09-12T22:06:00,2.38,4.08,1360,926,2.38,58.0,38.88,0.0
3a6c166d-37fa-5cda-adad-777eb4567f37,2026-09-12T22:08:00,2.32,3.64,1538,837,4.43,71.69,42.59,0.0
f1a6081a-48e3-56db-936e-f49af9832cb1,2026-09-12T22:08:00,2.68,3.59,1500,911,2.63,58.0,42.94,0.0
18b90679-ba14-5785-bca6-c3cc1e3ad587,2026-09-12T22:08:00,2.75,3.55,1269,917,2.76,58.0,36.89,0.0
77059140-e829-5d12-90bd-2d2ebd9c436c,2026-09-12T22:08:00,2.68,3.79,1436,1003,2.23,58.0,41.6,0.0
3a6c166d-37fa-5cda-adad-777eb4567f37,2026-09-12T22:10:00,2.27,3.74,1255,852,1.94,71.88,35.47,0.0
f1a6081a-48e3-56db-936e-f49af9832cb1,2026-09-12T22:10:00,2.41,3.44,1322,1008,2.44,58.0,42.1,0.0
18b90679-ba14-5785-bca6-c3cc1e3ad587,2026-09-12T22:10:00,2.03,3.82,1483,846,1.4,58.0,40.88,0.0
77059140-e829-5d12-90bd-2d2ebd9c436c,2026-09-12T22:10:00,2.62,4.0,1513,854,0,58.0,40.74,0.0
3a6c166d-37fa-5cda-adad-777eb4567f37,2026-09-12T22:12:00,2.84,3.1,1264,878,2.65,71.75,42.35,0.0
f1a6081a-48e3-56db-936e-f49af9832cb1,2026-09-12T22:12:00,3.05,3.02,1492,818,6.32,58.0,42.85,0.0
18b90679-ba14-5785-bca6-c3cc1e3ad587,2026-09-12T22:12:00,2.35,3.99,1516,875,0,58.0,42.62,0.0
77059140-e829-5d12-90bd-2d2ebd9c436c,2026-09-12T22:12:00,2.32,3.97,1407,875,0,58.0,41.74,0.0
3a6c166d-37fa-5cda-adad-777eb4567f37,2026-09-12T22:14:00,2.33,3.89,1491,754,3.64,71.9,38.04,0.0
f1a6081a-48e3-56db-936e-f49af9832cb1,2026-09-12T22:14:00,3.13,3.9,1502,755,0.81,58.0,42.32,0.0
18b90679-ba14-5785-bca6-c3cc1e3ad587,2026-09-12T22:14:00,1.89,3.42,1240,853,1.26,58.0,39.74,0.0
77059140-e829-5d12-90bd-2d2ebd9c436c,2026-09-12T22:14:00,2.22,2.66,1438,930,2.84,58.0,41.86,0.0
3a6c166d-37fa-5cda-adad-777eb4567f37,2026-09-12T22:16:00,2.46,3.88,1381,1039,3.76,72.83,41.02,0.0
f1a6081a-48e3-56db-936e-f49af9832cb1,2026-09-12T22:16:00,2.26,3.83,1434,1048,4.77,58.0,41.11,0.0
18b90679-ba14-5785-bca6-c3cc1e3ad587,2026-09-12T22:16:00,2.88,3.52,1396,996,4.52,58.0,39.6,0.0
77059140-e829-5d12-90bd-2d2ebd9c436c,2026-09-12T22:16:00,2.22,3.73,1427,819,3.01,58.0,39.65,0.0
3a6c166d-37fa-5cda-adad-777eb4567f37,2026-09-12T22:18:00,2.24,3.59,1496,799,4.26,72.31,43.0,0.0
f1a6081a-48e3-56db-936e-f49af9832cb1,2026-09-12T22:18:00,2.59,3.8,1211,824,3.6,58.0,36.99,0.0
18b90679-ba14-5785-bca6-c3cc1e3ad587,2026-09-12T22:18:00,2.42,3.18,1322,851,2.56,58.0,43.42,0.0
77059140-e829-5d12-90bd-2d2ebd9c436c,2026-09-12T22:18:00,3.08,4.83,1678,877,0,58.0,39.16,0.0
3a6c166d-37fa-5cda-adad-777eb4567f37,2026-09-12T22:20:00,1.82,4.42,1433,1200,3.85,72.17,39.04,0.0
f1a6081a-48e3-56db-936e-f49af9832cb1,2026-09-12T22:20:00,2.84,3.32,1287,903,1.66,58.0,43.25,0.0
18b90679-ba14-5785-bca6-c3cc1e3ad587,2026-09-12T22:20:00,2.54,4.42,1515,884,1.95,58.0,41.24,0.0
77059140-e829-5d12-90bd-2d2ebd9c436c,2026-09-12T22:20:00,2.35,4.15,1431,918,0,58.0,39.38,0.0
3a6c166d-37fa-5cda-adad-777eb4567f37,2026-09-12T22:22:00,2.3,3.04,1397,936,0.67,72.37,43.88,0.0
f1a6081a-48e3-56db-936e-f49af9832cb1,2026-09-12T22:22:00,2.59,4.22,1373,969,0,58.0,45.74,0.0
18b90679-ba14-5785-bca6-c3cc1e3ad587,2026-09-12T22:22:00,2.55,4.52,1244,944,0.92,58.0,41.67,0.0
77059140-e829-5d12-90bd-2d2ebd9c436c,2026-09-12T22:22:00,2.77,4.54,1298,709,1.89,58.0,42.55,0.0
3a6c166d-37fa-5cda-adad-777eb4567f37,2026-09-12T22:24:00,2.27,3.31,1384,994,4.47,72.1,41.38,0.0
f1a6081a-48e3-56db-936e-f49af9832cb1,2026-09-12T22:24:00,2.87,3.3,1288,935,0,58.0,42.56,0.0
18b90679-ba14-5785-bca6-c3cc1e3ad587,2026-09-12T22:24:00,1.77,2.45,1239,846,0.32,58.0,44.08,0.0
77059140-e829-5d12-90bd-2d2ebd9c436c,2026-09-12T22:24:00,2.41,3.07,1291,931,2.07,58.0,41.66,0.0
3a6c166d-37fa-5cda-adad-777eb4567f37,2026-09-12T22:26:00,2.06,3.91,1437,882,0.55,72.43,41.64,0.0
f1a6081a-48e3-56db-936e-f49af9832cb1,2026-09-12T22:26:00,2.58,3.43,1411,781,1.73,58.0,45.96,0.0
18b90679-ba14-5785-bca6-c3cc1e3ad587,2026-09-12T22:26:00,2.83,3.54,1378,938,5.71,58.0,41.19,0.0
77059140-e829-5d12-90bd-2d2ebd9c436c,2026-09-12T22:26:00,2.94,3.92,1293,976,1.69,58.0,42.25,0.0
3a6c166d-37fa-5cda-adad-777eb4567f37,2026-09-12T22:28:00,2.2,3.48,1504,761,1.34,72.59,42.39,0.0
f1a6081a-48e3-56db-936e-f49af9832cb1,2026-09-12T22:28:00,1.87,3.16,1509,969,0.29,58.0,43.79,0.0
18b90679-ba14-5785-bca6-c3cc1e3ad587,2026-09-12T22:28:00,2.18,3.04,1614,850,0,58.0,38.52,0.0
77059140-e829-5d12-90bd-2d2ebd9c436c,2026-09-12T22:28:00,2.6,4.35,1509,1048,4.17,58.0,38.01,0.0
3a6c166d-37fa-5cda-adad-777eb4567f37,2026-09-12T22:30:00,1.86,3.42,1433,867,1.19,72.3,44.05,0.0
f1a6081a-48e3-56db-936e-f49af9832cb1,2026-09-12T22:30:00,2.95,4.04,1180,976,0.34,58.0,35.45,0.0
18b90679-ba14-5785-bca6-c3cc1e3ad587,2026-09-12T22:30:00,2.82,3.35,1451,903,3.34,58.0,41.82,0.0
77059140-e829-5d12-90bd-2d2ebd9c436c,2026-09-12T22:30:00,2.58,3.49,1384,874,3.03,58.0,44.25,0.0
3a6c166d-37fa-5cda-adad-777eb4567f37,2026-09-12T22:32:00,2.4,3.41,1348,662,1.78,71.97,43.35,0.0
f1a6081a-48e3-56db-936e-f49af9832cb1,2026-09-12T22:32:00,2.54,4.23,1214,789,0,58.0,41.72,0.0
18b90679-ba14-5785-bca6-c3cc1e3ad587,2026-09-12T22:32:00,3.07,3.78,1416,1022,2.36,58.0,38.5,0.0
77059140-e829-5d12-90bd-2d2ebd9c436c,2026-09-12T22:32:00,2.43,3.94,1364,859,2.74,58.0,40.38,0.0
3a6c166d-37fa-5cda-adad-777eb4567f37,2026-09-12T22:34:00,2.92,3.06,1339,912,1.03,71.97,43.44,0.0
f1a6081a-48e3-56db-936e-f49af9832cb1,2026-09-12T22:34:00,2.22,3.77,1418,863,1.71,58.0,40.21,0.0
18b90679-ba14-5785-bca6-c3cc1e3ad587,2026-09-12T22:34:00,2.74,3.5,1287,748,1.75,58.0,37.32,0.0
77059140-e829-5d12-90bd-2d2ebd9c436c,2026-09-12T22:34:00,2.17,3.59,1238,1020,4.72,58.0,38.77,0.0
3a6c166d-37fa-5cda-adad-777eb4567f37,2026-09-12T22:36:00,1.84,3.82,1341,830,0,72.18,43.74,0.0
f1a6081a-48e3-56db-936e-f49af9832cb1,2026-09-12T22:36:00,2.35,3.21,1280,934,4.73,58.0,39.28,0.0
18b90679-ba14-5785-bca6-c3cc1e3ad587,2026-09-12T22:36:00,2.38,3.72,1514,769,0.92,58.0,34.87,0.0
77059140-e829-5d12-90bd-2d2ebd9c436c,2026-09-12T22:36:00,2.53,3.6,1398,896,4.3,58.0,39.51,0.0
3a6c166d-37fa-5cda-adad-777eb4567f37,2026-09-12T22:38:00,2.05,3.94,1282,819,2.52,72.74,40.49,0.0
f1a6081a-48e3-56db-936e-f49af9832cb1,2026-09-12T22:38:00,2.92,3.36,1085,935,2.74,58.0,39.64,0.0
18b90679-ba14-5785-bca6-c3cc1e3ad587,2026-09-12T22:38:00,2.1,3.82,1658,954,2.53,58.0,44.26,0.0
77059140-e829-5d12-90bd-2d2ebd9c436c,2026-09-12T22:38:00,2.91,3.75,1273,773,0,58.0,41.05,0.0
3a6c166d-37fa-5cda-adad-777eb4567f37,2026-09-12T22:40:00,2.4,3.49,1347,861,0,73.44,43.72,0.0
f1a6081a-48e3-56db-936e-f49af9832cb1,2026-09-12T22:40:00,2.73,4.1,1456,625,3.34,58.0,38.76,0.0
18b90679-ba14-5785-bca6-c3cc1e3ad587,2026-09-12T22:40:00,2.79,3.28,1402,679,2.83,58.0,42.91,0.0
77059140-e829-5d12-90bd-2d2ebd9c436c,2026-09-12T22:40:00,2.1,2.99,1442,1012,1.8,58.0,40.83,0.0
3a6c166d-37fa-5cda-adad-777eb4567f37,2026-09-12T22:42:00,2.34,3.5,1170,838,0,73.1,41.7,0.0
f1a6081a-48e3-56db-936e-f49af9832cb1,2026-09-12T22:42:00,2.44,2.84,1540,787,1.47,58.0,44.89,0.0
18b90679-ba14-5785-bca6-c3cc1e3ad587,2026-09-12T22:42:00,2.87,4.26,1395,895,1.15,58.0,39.52,0.0
77059140-e829-5d12-90bd-2d2ebd9c436c,2026-09-12T22:42:00,3.04,3.76,1329,894,1.85,58.0,43.65,0.0
3a6c166d-37fa-5cda-adad-777eb4567f37,2026-09-12T22:44:00,3.16,3.76,1424,789,1.56,73.05,42.07,0.0
f1a6081a-48e3-56db-936e-f49af9832cb1,2026-09-12T22:44:00,2.42,3.22,1477,878,1.6,58.0,43.75,0.0
18b90679-ba14-5785-bca6-c3cc1e3ad587,2026-09-12T22:44:00,2.35,3.57,1184,1055,0,58.0,38.8,0.0
77059140-e829-5d12-90bd-2d2ebd9c436c,2026-09-12T22:44:00,2.16,4.65,1213,875,0.53,58.0,38.87,0.0
3a6c166d-37fa-5cda-adad-777eb4567f37,2026-09-12T22:46:00,2.68,2.67,1555,977,5.32,71.9,40.81,0.0
f1a6081a-48e3-56db-936e-f49af9832cb1,2026-09-12T22:46:00,2.16,3.31,1331,886,2.78,58.0,37.48,0.0
18b90679-ba14-5785-bca6-c3cc1e3ad587,2026-09-12T22:46:00,2.47,3.75,1421,989,1.32,58.0,44.48,0.0
77059140-e829-5d12-90bd-2d2ebd9c436c,2026-09-12T22:46:00,1.83,3.69,1411,883,3.09,58.0,39.62,0.0
3a6c166d-37fa-5cda-adad-777eb4567f37,2026-09-12T22:48:00,2.19,3.96,1478,748,1.02,72.21,40.1,0.0
f1a6081a-48e3-56db-936e-f49af9832cb1,2026-09-12T22:48:00,2.98,3.63,1256,806,0.03,58.0,39.13,0.0
18b90679-ba14-5785-bca6-c3cc1e3ad587,2026-09-12T22:48:00,3.0,3.31,1310,905,3.42,58.0,37.2,0.0
77059140-e829-5d12-90bd-2d2ebd9c436c,2026-09-12T22:48:00,2.78,3.66,1431,817,4.32,58.0,38.97,0.0
3a6c166d-37fa-5cda-adad-777eb4567f37,2026-09-12T22:50:00,2.61,3.67,1347,604,0.84,72.87,39.63,0.0
f1a6081a-48e3-56db-936e-f49af9832cb1,2026-09-12T22:50:00,2.19,4.04,1386,691,2.64,58.0,40.67,0.0
18b90679-ba14-5785-bca6-c3cc1e3ad587,2026-09-12T22:50:00,2.66,3.06,1348,782,2.6,58.0,43.84,0.0
77059140-e829-5d12-90bd-2d2ebd9c436c,2026-09-12T22:50:00,2.12,3.51,1301,922,3.59,58.0,44.65,0.0
3a6c166d-37fa-5cda-adad-777eb4567f37,2026-09-12T22:52:00,2.77,3.07,1380,777,2.18,72.47,36.39,0.0
f1a6081a-48e3-56db-936e-f49af9832cb1,2026-09-12T22:52:00,2.53,4.36,1283,894,1.79,58.0,38.45,0.0
18b90679-ba14-5785-bca6-c3cc1e3ad587,2026-09-12T22:52:00,2.77,3.59,1277,818,0.51,58.0,45.3,0.0
77059140-e829-5d12-90bd-2d2ebd9c436c,2026-09-12T22:52:00,2.37,3.1,1406,815,0,58.0,36.4,0.0
3a6c166d-37fa-5cda-adad-777eb4567f37,2026-09-12T22:54:00,1.99,3.85,1325,815,1.37,72.31,40.03,0.0
f1a6081a-48e3-56db-936e-f49af9832cb1,2026-09-12T22:54:00,2.33,3.2,1200,884,0.37,58.0,41.92,0.0
18b90679-ba14-5785-bca6-c3cc1e3ad587,2026-09-12T22:54:00,2.19,3.6,1354,837,3.05,58.0,42.33,0.0
77059140-e829-5d12-90bd-2d2ebd9c436c,2026-09-12T22:54:00,2.29,3.84,1309,859,2.3,58.0,43.58,0.0
3a6c166d-37fa-5cda-adad-777eb4567f37,2026-09-12T22:56:00,2.6,3.91,1273,746,0.92,73.37,38.75,0.0
f1a6081a-48e3-56db-936e-f49af9832cb1,2026-09-12T22:56:00,2.45,3.41,1281,840,3.5,58.0,45.71,0.0
18b90679-ba14-5785-bca6-c3cc1e3ad587,2026-09-12T22:56:00,2.62,3.65,1199,799,4.83,58.0,41.0,0.0
77059140-e829-5d12-90bd-2d2ebd9c436c,2026-09-12T22:56:00,2.18,3.42,1397,797,0,58.0,37.84,0.0
3a6c166d-37fa-5cda-adad-777eb4567f37,2026-09-12T22:58:00,2.22,3.32,1256,778,0.44,73.0,40.6,0.0
f1a6081a-48e3-56db-936e-f49af9832cb1,2026-09-12T22:58:00,2.09,4.15,1320,932,3.25,58.0,38.42,0.0
18b90679-ba14-5785-bca6-c3cc1e3ad587,2026-09-12T22:58:00,2.37,3.5,1261,667,0,58.0,42.77,0.0
77059140-e829-5d12-90bd-2d2ebd9c436c,2026-09-12T22:58:00,2.2,3.17,1157,775,3.66,58.0,46.93,0.0
3a6c166d-37fa-5cda-adad-777eb4567f37,2026-09-12T23:00:00,1.73,3.13,1204,857,2.75,72.75,43.4,0.0
f1a6081a-48e3-56db-936e-f49af9832cb1,2026-09-12T23:00:00,1.98,4.1,1483,836,1.76,58.0,39.53,0.0
18b90679-ba14-5785-bca6-c3cc1e3ad587,2026-09-12T23:00:00,2.2,2.63,1446,761,1.73,58.0,39.24,0.0
77059140-e829-5d12-90bd-2d2ebd9c436c,2026-09-12T23:00:00,3.36,3.41,1321,692,3.33,58.0,42.5,0.0
3a6c166d-37fa-5cda-adad-777eb4567f37,2026-09-12T23:02:00,2.28,4.94,1299,606,1.58,72.55,41.27,0.0
f1a6081a-48e3-56db-936e-f49af9832cb1,2026-09-12T23:02:00,2.74,3.68,1366,774,2.63,58.0,42.92,0.0
18b90679-ba14-5785-bca6-c3cc1e3ad587,2026-09-12T23:02:00,2.01,3.47,1101,882,1.81,58.0,41.23,0.0
77059140-e829-5d12-90bd-2d2ebd9c436c,2026-09-12T23:02:00,2.36,3.97,1262,606,1.31,58.0,42.78,0.0
3a6c166d-37fa-5cda-adad-777eb4567f37,2026-09-12T23:04:00,2.17,4.43,1441,714,2.84,72.54,45.95,0.0
f1a6081a-48e3-56db-936e-f49af9832cb1,2026-09-12T23:04:00,2.09,3.33,1243,810,1.23,58.0,40.21,0.0
18b90679-ba14-5785-bca6-c3cc1e3ad587,2026-09-12T23:04:00,2.39,3.25,1292,528,1.87,58.0,37.25,0.0
77059140-e829-5d12-90bd-2d2ebd9c436c,2026-09-12T23:04:00,2.18,2.68,1396,883,2.3,58.0,38.14,0.0
3a6c166d-37fa-5cda-adad-777eb4567f37,2026-09-12T23:06:00,1.74,3.67,1042,860,0.39,72.93,43.94,0.0
f1a6081a-48e3-56db-936e-f49af9832cb1,2026-09-12T23:06:00,1.58,3.66,1304,594,1.66,58.0,36.21,0.0
18b90679-ba14-5785-bca6-c3cc1e3ad587,2026-09-12T23:06:00,2.09,3.25,1175,734,5.04,58.0,43.86,0.0
77059140-e829-5d12-90bd-2d2ebd9c436c,2026-09-12T23:06:00,2.94,4.25,1268,745,3.1,58.0,43.75,0.0
3a6c166d-37fa-5cda-adad-777eb4567f37,2026-09-12T23:08:00,1.78,3.43,1418,1001,0.39,72.57,39.66,0.0
f1a6081a-48e3-56db-936e-f49af9832cb1,2026-09-12T23:08:00,1.84,3.3,1104,869,2.65,58.0,39.83,0.0
18b90679-ba14-5785-bca6-c3cc1e3ad587,2026-09-12T23:08:00,2.95,4.07,1383,743,3.4,58.0,38.12,0.0
77059140-e829-5d12-90bd-2d2ebd9c436c,2026-09-12T23:08:00,2.18,3.56,1220,768,4.76,58.0,38.61,0.0
3a6c166d-37fa-5cda-adad-777eb4567f37,2026-09-12T23:10:00,2.68,3.7,1324,725,2.05,73.13,40.41,0.0
f1a6081a-48e3-56db-936e-f49af9832cb1,2026-09-12T23:10:00,2.65,3.14,1470,794,0.68,58.0,44.31,0.0
18b90679-ba14-5785-bca6-c3cc1e3ad587,2026-09-12T23:10:00,1.98,3.29,1046,937,1.87,58.0,41.66,0.0
77059140-e829-5d12-90bd-2d2ebd9c436c,2026-09-12T23:10:00,2.86,3.54,1160,729,2.39,58.0,37.7,0.0
3a6c166d-37fa-5cda-adad-777eb4567f37,2026-09-12T23:12:00,2.48,3.38,1246,884,0.68,72.62,34.96,0.0
f1a6081a-48e3-56db-936e-f49af9832cb1,2026-09-12T23:12:00,2.43,3.48,1117,698,0,58.0,41.68,0.0
18b90679-ba14-5785-bca6-c3cc1e3ad587,2026-09-12T23:12:00,2.26,3.13,1382,972,2.12,58.0,45.64,0.0
77059140-e829-5d12-90bd-2d2ebd9c436c,2026-09-12T23:12:00,2.09,3.13,941,636,1.8,58.0,39.61,0.0
3a6c166d-37fa-5cda-adad-777eb4567f37,2026-09-12T23:14:00,1.94,3.48,1230,767,2.72,73.41,38.99,0.0
f1a6081a-48e3-56db-936e-f49af9832cb1,2026-09-12T23:14:00,1.81,2.77,1327,633,4.1,58.0,42.25,0.0
18b90679-ba14-5785-bca6-c3cc1e3ad587,2026-09-12T23:14:00,2.48,3.16,1534,851,1.28,58.0,40.38,0.0
77059140-e829-5d12-90bd-2d2ebd9c436c,2026-09-12T23:14:00,2.12,4.65,1154,784,0,58.0,44.37,0.0
3a6c166d-37fa-5cda-adad-777eb4567f37,2026-09-12T23:16:00,2.65,3.38,1169,685,0,72.64,42.69,0.0
f1a6081a-48e3-56db-936e-f49af9832cb1,2026-09-12T23:16:00,2.52,3.61,1294,759,0,58.0,41.56,0.0
18b90679-ba14-5785-bca6-c3cc1e3ad587,2026-09-12T23:16:00,1.9,3.4,1335,701,0.57,58.0,38.35,0.0
77059140-e829-5d12-90bd-2d2ebd9c436c,2026-09-12T23:16:00,1.69,2.72,1099,940,2.01,58.0,40.5,0.0
3a6c166d-37fa-5cda-adad-777eb4567f37,2026-09-12T23:18:00,2.29,4.12,1195,506,3.26,73.24,39.37,0.0
f1a6081a-48e3-56db-936e-f49af9832cb1,2026-09-12T23:18:00,2.12,3.6,1232,783,2.98,58.0,40.37,0.0
18b90679-ba14-5785-bca6-c3cc1e3ad587,2026-09-12T23:18:00,2.34,3.05,1277,733,1.98,58.0,37.2,0.0
77059140-e829-5d12-90bd-2d2ebd9c436c,2026-09-12T23:18:00,2.59,3.7,1389,710,3.42,58.0,38.24,0.0
3a6c166d-37fa-5cda-adad-777eb4567f37,2026-09-12T23:20:00,1.44,3.49,1268,769,1.69,72.72,40.82,0.0
f1a6081a-48e3-56db-936e-f49af9832cb1,2026-09-12T23:20:00,2.77,3.83,1071,638,2.19,58.0,39.74,0.0
18b90679-ba14-5785-bca6-c3cc1e3ad587,2026-09-12T23:20:00,2.74,3.14,1166,750,0.58,58.0,37.15,0.0
77059140-e829-5d12-90bd-2d2ebd9c436c,2026-09-12T23:20:00,2.12,3.01,1182,811,1.64,58.0,39.02,0.0
3a6c166d-37fa-5cda-adad-777eb4567f37,2026-09-12T23:22:00,1.82,4.46,1311,733,0,73.23,42.79,0.0
f1a6081a-48e3-56db-936e-f49af9832cb1,2026-09-12T23:22:00,2.24,3.57,1321,1024,3.08,58.0,40.84,0.0
18b90679-ba14-5785-bca6-c3cc1e3ad587,2026-09-12T23:22:00,1.91,3.3,970,716,0,58.0,35.74,0.0
77059140-e829-5d12-90bd-2d2ebd9c436c,2026-09-12T23:22:00,1.64,3.3,882,766,2.9,58.0,43.76,0.0
3a6c166d-37fa-5cda-adad-777eb4567f37,2026-09-12T23:24:00,2.02,3.24,1063,715,1.31,72.86,33.73,0.0
f1a6081a-48e3-56db-936e-f49af9832cb1,2026-09-12T23:24:00,2.57,3.02,1319,586,2.9,58.0,36.08,0.0
18b90679-ba14-5785-bca6-c3cc1e3ad587,2026-09-12T23:24:00,1.68,3.15,1065,980,0.08,58.0,40.27,0.0
77059140-e829-5d12-90bd-2d2ebd9c436c,2026-09-12T23:24:00,2.28,3.62,1035,772,0.67,58.0,38.54,0.0
3a6c166d-37fa-5cda-adad-777eb4567f37,2026-09-12T23:26:00,2.54,3.69,1166,901,2.88,72.24,40.46,0.0
f1a6081a-48e3-56db-936e-f49af9832cb1,2026-09-12T23:26:00,2.26,4.47,1083,881,2.1,58.0,41.03,0.0
18b90679-ba14-5785-bca6-c3cc1e3ad587,2026-09-12T23:26:00,2.13,3.71,1026,795,2.46,58.0,44.5,0.0
77059140-e829-5d12-90bd-2d2ebd9c436c,2026-09-12T23:26:00,2.35,3.46,1115,870,3.92,58.0,39.66,0.0
3a6c166d-37fa-5cda-adad-777eb4567f37,2026-09-12T23:28:00,2.13,3.54,1186,795,2.86,73.17,42.02,0.0
f1a6081a-48e3-56db-936e-f49af9832cb1,2026-09-12T23:28:00,3.0,3.31,1313,742,0,58.0,39.16,0.0
18b90679-ba14-5785-bca6-c3cc1e3ad587,2026-09-12T23:28:00,1.76,2.61,1115,719,2.96,58.0,39.17,0.0
77059140-e829-5d12-90bd-2d2ebd9c436c,2026-09-12T23:28:00,2.33,3.76,1162,769,0.12,58.0,39.41,0.0
3a6c166d-37fa-5cda-adad-777eb4567f37,2026-09-12T23:30:00,2.09,3.47,1136,620,0.74,72.68,39.55,0.0
f1a6081a-48e3-56db-936e-f49af9832cb1,2026-09-12T23:30:00,2.62,3.34,1069,702,0,58.0,37.27,0.0
18b90679-ba14-5785-bca6-c3cc1e3ad587,2026-09-12T23:30:00,2.59,3.58,1308,673,0,58.0,38.67,0.0
77059140-e829-5d12-90bd-2d2ebd9c436c,2026-09-12T23:30:00,2.26,3.91,1161,648,0,58.0,37.16,0.0
3a6c166d-37fa-5cda-adad-777eb4567f37,2026-09-12T23:32:00,1.95,3.19,1154,717,4.8,73.41,42.96,0.0
f1a6081a-48e3-56db-936e-f49af9832cb1,2026-09-12T23:32:00,1.96,3.66,1195,766,1.72,58.0,46.34,0.0
18b90679-ba14-5785-bca6-c3cc1e3ad587,2026-09-12T23:32:00,2.13,3.41,1211,746,3.08,58.0,40.4,0.0
77059140-e829-5d12-90bd-2d2ebd9c436c,2026-09-12T23:32:00,2.11,2.57,1188,762,1.97,58.0,35.85,0.0
3a6c166d-37fa-5cda-adad-777eb4567f37,2026-09-12T23:34:00,1.76,3.7,1145,642,3.57,73.31,37.17,0.0
f1a6081a-48e3-56db-936e-f49af9832cb1,2026-09-12T23:34:00,2.06,3.25,1259,851,2.59,58.0,42.76,0.0
18b90679-ba14-5785-bca6-c3cc1e3ad587,2026-09-12T23:34:00,2.15,4.45,990,878,3.26,58.0,42.58,0.0
77059140-e829-5d12-90bd-2d2ebd9c436c,2026-09-12T23:34:00,1.8,2.86,1220,647,0,58.0,39.5,0.0
3a6c166d-37fa-5cda-adad-777eb4567f37,2026-09-12T23:36:00,2.1,4.17,1048,662,0.73,73.26,39.01,0.0
f1a6081a-48e3-56db-936e-f49af9832cb1,2026-09-12T23:36:00,2.39,3.42,1048,722,0,58.0,39.56,0.0
18b90679-ba14-5785-bca6-c3cc1e3ad587,2026-09-12T23:36:00,1.86,3.52,1090,741,1.2,58.0,36.67,0.0
77059140-e829-5d12-90bd-2d2ebd9c436c,2026-09-12T23:36:00,2.29,3.91,1257,736,2.4,58.0,38.09,0.0
3a6c166d-37fa-5cda-adad-777eb4567f37,2026-09-12T23:38:00,2.31,2.42,1247,782,5.72,73.24,36.84,0.0
f1a6081a-48e3-56db-936e-f49af9832cb1,2026-09-12T23:38:00,2.35,4.11,1104,814,1.87,58.0,39.53,0.0
18b90679-ba14-5785-bca6-c3cc1e3ad587,2026-09-12T23:38:00,1.6,3.24,1394,768,0.52,58.0,36.23,0.0
77059140-e829-5d12-90bd-2d2ebd9c436c,2026-09-12T23:38:00,2.46,2.77,1222,775,0.84,58.0,37.92,0.0
3a6c166d-37fa-5cda-adad-777eb4567f37,2026-09-12T23:40:00,2.32,3.17,1144,641,1.25,73.35,41.06,0.0
f1a6081a-48e3-56db-936e-f49af9832cb1,2026-09-12T23:40:00,2.11,3.34,1093,799,3.16,58.0,38.35,0.0
18b90679-ba14-5785-bca6-c3cc1e3ad587,2026-09-12T23:40:00,2.39,3.22,1303,819,0,58.0,36.71,0.0
77059140-e829-5d12-90bd-2d2ebd9c436c,2026-09-12T23:40:00,2.32,4.24,1165,825,0.95,58.0,42.67,0.0
3a6c166d-37fa-5cda-adad-777eb4567f37,2026-09-12T23:42:00,2.3,3.73,1130,645,3.17,73.06,35.71,0.0
f1a6081a-48e3-56db-936e-f49af9832cb1,2026-09-12T23:42:00,2.15,3.2,1213,809,1.22,58.0,38.47,0.0
18b90679-ba14-5785-bca6-c3cc1e3ad587,2026-09-12T23:42:00,2.28,2.97,1139,713,0,58.0,39.48,0.0
77059140-e829-5d12-90bd-2d2ebd9c436c,2026-09-12T23:42:00,2.54,2.92,1082,848,1.11,58.0,39.19,0.0
3a6c166d-37fa-5cda-adad-777eb4567f37,2026-09-12T23:44:00,1.71,3.37,1213,629,0.39,73.78,41.79,0.0
f1a6081a-48e3-56db-936e-f49af9832cb1,2026-09-12T23:44:00,2.87,4.07,1280,820,0,58.0,38.15,0.0
18b90679-ba14-5785-bca6-c3cc1e3ad587,2026-09-12T23:44:00,2.4,2.81,1046,542,0,58.0,41.34,0.0
77059140-e829-5d12-90bd-2d2ebd9c436c,2026-09-12T23:44:00,1.99,4.05,1060,700,0,58.0,44.42,0.0
3a6c166d-37fa-5cda-adad-777eb4567f37,2026-09-12T23:46:00,2.73,4.42,1295,757,0,73.26,38.57,0.0
f1a6081a-48e3-56db-936e-f49af9832cb1,2026-09-12T23:46:00,1.67,2.64,1229,742,0.89,58.0,38.13,0.0
18b90679-ba14-5785-bca6-c3cc1e3ad587,2026-09-12T23:46:00,2.85,3.88,1198,977,2.31,58.0,36.6,0.0
77059140-e829-5d12-90bd-2d2ebd9c436c,2026-09-12T23:46:00,2.03,3.09,1038,730,1.53,58.0,42.09,0.0
3a6c166d-37fa-5cda-adad-777eb4567f37,2026-09-12T23:48:00,2.54,3.45,942,748,0,73.42,38.6,0.0
f1a6081a-48e3-56db-936e-f49af9832cb1,2026-09-12T23:48:00,2.78,2.99,944,837,1.9,58.0,39.01,0.0
18b90679-ba14-5785-bca6-c3cc1e3ad587,2026-09-12T23:48:00,2.26,3.41,1168,536,1.14,58.0,38.2,0.0
77059140-e829-5d12-90bd-2d2ebd9c436c,2026-09-12T23:48:00,1.9,3.09,1138,671,0,58.0,39.58,0.0
3a6c166d-37fa-5cda-adad-777eb4567f37,2026-09-12T23:50:00,2.48,2.87,1110,710,1.06,73.77,40.73,0.0
f1a6081a-48e3-56db-936e-f49af9832cb1,2026-09-12T23:50:00,2.15,3.54,1053,890,0.42,58.0,36.71,0.0
18b90679-ba14-5785-bca6-c3cc1e3ad587,2026-09-12T23:50:00,1.99,3.36,1192,769,0.24,58.0,38.56,0.0
77059140-e829-5d12-90bd-2d2ebd9c436c,2026-09-12T23:50:00,2.03,3.98,1134,858,0,58.0,35.82,0.0
3a6c166d-37fa-5cda-adad-777eb4567f37,2026-09-12T23:52:00,2.05,2.0,1032,772,3.78,73.58,38.74,0.0
f1a6081a-48e3-56db-936e-f49af9832cb1,2026-09-12T23:52:00,2.44,3.15,972,666,0,58.0,36.5,0.0
18b90679-ba14-5785-bca6-c3cc1e3ad587,2026-09-12T23:52:00,1.83,3.63,1323,588,0,58.0,40.33,0.0
77059140-e829-5d12-90bd-2d2ebd9c436c,2026-09-12T23:52:00,1.82,3.4,1113,596,4.38,58.0,38.66,0.0
3a6c166d-37fa-5cda-adad-777eb4567f37,2026-09-12T23:54:00,1.92,3.4,1148,603,0,73.06,40.75,0.0
f1a6081a-48e3-56db-936e-f49af9832cb1,2026-09-12T23:54:00,2.34,3.73,1120,687,1.74,58.0,36.6,0.0
18b90679-ba14-5785-bca6-c3cc1e3ad587,2026-09-12T23:54:00,2.15,3.15,1069,746,0,58.0,40.42,0.0
77059140-e829-5d12-90bd-2d2ebd9c436c,2026-09-12T23:54:00,2.55,3.59,1379,711,0.07,58.0,38.4,0.0
3a6c166d-37fa-5cda-adad-777eb4567f37,2026-09-12T23:56:00,2.32,3.81,1282,740,2.19,73.14,38.97,0.0
f1a6081a-48e3-56db-936e-f49af9832cb1,2026-09-12T23:56:00,2.44,3.58,1016,703,1.69,58.0,39.69,0.0
18b90679-ba14-5785-bca6-c3cc1e3ad587,2026-09-12T23:56:00,2.13,3.61,1288,830,0,58.0,40.19,0.0
77059140-e829-5d12-90bd-2d2ebd9c436c,2026-09-12T23:56:00,2.12,2.49,851,810,0.89,58.0,44.39,0.0
3a6c166d-37fa-5cda-adad-777eb4567f37,2026-09-12T23:58:00,2.39,2.66,1153,564,2.65,74.08,44.29,0.0
f1a6081a-48e3-56db-936e-f49af9832cb1,2026-09-12T23:58:00,1.8,3.84,1146,714,0.48,58.0,39.45,0.0
18b90679-ba14-5785-bca6-c3cc1e3ad587,2026-09-12T23:58:00,1.76,3.49,1102,744,1.7,58.0,35.96,0.0
77059140-e829-5d12-90bd-2d2ebd9c436c,2026-09-12T23:58:00,2.12,4.11,1085,597,0,58.0,43.06,0.0
3a6c166d-37fa-5cda-adad-777eb4567f37,2026-09-13T00:00:00,2.69,3.7,1054,849,0.58,73.28,39.39,0.0
f1a6081a-48e3-56db-936e-f49af9832cb1,2026-09-13T00:00:00,2.13,3.08,1174,672,1.31,58.0,38.31,0.0
18b90679-ba14-5785-bca6-c3cc1e3ad587,2026-09-13T00:00:00,1.92,3.46,704,673,0,58.0,36.49,0.0
77059140-e829-5d12-90bd-2d2ebd9c436c,2026-09-13T00:00:00,1.88,3.52,1211,608,2.02,58.0,38.07,0.0
3a6c166d-37fa-5cda-adad-777eb4567f37,2026-09-13T00:02:00,1.78,2.63,1122,607,1.93,73.68,43.43,0.0
f1a6081a-48e3-56db-936e-f49af9832cb1,2026-09-13T00:02:00,2.48,2.83,1188,534,2.19,58.0,41.7,0.0
18b90679-ba14-5785-bca6-c3cc1e3ad587,2026-09-13T00:02:00,2.35,3.58,931,562,4.74,58.0,40.55,0.0
77059140-e829-5d12-90bd-2d2ebd9c436c,2026-09-13T00:02:00,2.29,3.86,1078,688,0,58.0,40.56,0.0
3a6c166d-37fa-5cda-adad-777eb4567f37,2026-09-13T00:04:00,2.0,3.55,1164,702,0,73.15,39.41,0.0
f1a6081a-48e3-56db-936e-f49af9832cb1,2026-09-13T00:04:00,2.41,3.63,1096,734,0,58.0,38.51,0.0
18b90679-ba14-5785-bca6-c3cc1e3ad587,2026-09-13T00:04:00,2.7,3.46,1139,727,0.13,58.0,39.41,0.0
77059140-e829-5d12-90bd-2d2ebd9c436c,2026-09-13T00:04:00,2.72,4.2,1137,845,2.09,58.0,40.15,0.0
3a6c166d-37fa-5cda-adad-777eb4567f37,2026-09-13T00:06:00,2.31,3.37,1089,688,0,73.29,36.5,0.0
f1a6081a-48e3-56db-936e-f49af9832cb1,2026-09-13T00:06:00,1.75,4.34,1139,502,0,58.0,37.77,0.0
18b90679-ba14-5785-bca6-c3cc1e3ad587,2026-09-13T00:06:00,2.53,3.84,1205,535,2.67,58.0,36.62,0.0
77059140-e829-5d12-90bd-2d2ebd9c436c,2026-09-13T00:06:00,2.08,3.0,877,736,1.08,58.0,38.27,0.0
3a6c166d-37fa-5cda-adad-777eb4567f37,2026-09-13T00:08:00,2.19,2.36,1140,808,2.22,73.98,39.77,0.0
f1a6081a-48e3-56db-936e-f49af9832cb1,2026-09-13T00:08:00,2.11,3.82,1014,663,3.99,58.0,40.11,0.0
18b90679-ba14-5785-bca6-c3cc1e3ad587,2026-09-13T00:08:00,2.43,2.52,1193,722,0,58.0,36.18,0.0
77059140-e829-5d12-90bd-2d2ebd9c436c,2026-09-13T00:08:00,1.98,3.53,926,757,1.44,58.0,40.09,0.0
3a6c166d-37fa-5cda-adad-777eb4567f37,2026-09-13T00:10:00,2.26,2.81,1017,738,3.25,73.79,38.56,0.0
f1a6081a-48e3-56db-936e-f49af9832cb1,2026-09-13T00:10:00,2.8,3.63,1079,825,3.12,58.0,39.35,0.0
18b90679-ba14-5785-bca6-c3cc1e3ad587,2026-09-13T00:10:00,2.32,3.56,1003,746,2.66,58.0,34.02,0.0
77059140-e829-5d12-90bd-2d2ebd9c436c,2026-09-13T00:10:00,2.0,3.23,1061,654,1.57,58.0,37.29,0.0
3a6c166d-37fa-5cda-adad-777eb4567f37,2026-09-13T00:12:00,2.53,3.32,1062,928,1.41,73.68,42.14,0.0
f1a6081a-48e3-56db-936e-f49af9832cb1,2026-09-13T00:12:00,1.32,2.87,1044,854,0.77,58.0,39.21,0.0
18b90679-ba14-5785-bca6-c3cc1e3ad587,2026-09-13T00:12:00,2.23,2.42,1024,687,0,58.0,42.24,0.0
77059140-e829-5d12-90bd-2d2ebd9c436c,2026-09-13T00:12:00,2.18,3.02,1088,703,0,58.0,39.26,0.0
3a6c166d-37fa-5cda-adad-777eb4567f37,2026-09-13T00:14:00,1.74,3.88,1113,698,2.42,73.98,37.15,0.0
f1a6081a-48e3-56db-936e-f49af9832cb1,2026-09-13T00:14:00,2.06,2.89,1227,627,0,58.0,41.59,0.0
18b90679-ba14-5785-bca6-c3cc1e3ad587,2026-09-13T00:14:00,1.65,3.35,1106,868,2.0,58.0,39.07,0.0
77059140-e829-5d12-90bd-2d2ebd9c436c,2026-09-13T00:14:00,2.6,3.27,1009,697,0.53,58.0,41.65,0.0
3a6c166d-37fa-5cda-adad-777eb4567f37,2026-09-13T00:16:00,2.07,3.03,967,754,0.89,73.97,40.02,0.0
f1a6081a-48e3-56db-936e-f49af9832cb1,2026-09-13T00:16:00,2.5,3.37,1232,718,1.55,58.0,42.17,0.0
18b90679-ba14-5785-bca6-c3cc1e3ad587,2026-09-13T00:16:00,1.61,3.28,1290,815,3.42,58.0,39.68,0.0
77059140-e829-5d12-90bd-2d2ebd9c436c,2026-09-13T00:16:00,2.52,3.23,1063,826,1.21,58.0,40.72,0.0
3a6c166d-37fa-5cda-adad-777eb4567f37,2026-09-13T00:18:00,2.28,3.02,1144,872,3.4,73.57,38.33,0.0
f1a6081a-48e3-56db-936e-f49af9832cb1,2026-09-13T00:18:00,1.98,2.84,983,884,3.29,58.0,38.71,0.0
18b90679-ba14-5785-bca6-c3cc1e3ad587,2026-09-13T00:18:00,2.95,3.84,1134,863,0,58.0,39.58,0.0
77059140-e829-5d12-90bd-2d2ebd9c436c,2026-09-13T00:18:00,2.1,3.31,1093,619,1.28,58.0,38.04,0.0
3a6c166d-37fa-5cda-adad-777eb4567f37,2026-09-13T00:20:00,2.1,3.43,1036,555,0.87,73.07,40.16,0.0
f1a6081a-48e3-56db-936e-f49af9832cb1,2026-09-13T00:20:00,2.62,3.51,1156,624,0,58.0,36.3,0.0
18b90679-ba14-5785-bca6-c3cc1e3ad587,2026-09-13T00:20:00,2.34,3.68,1178,796,4.61,58.0,39.72,0.0
77059140-e829-5d12-90bd-2d2ebd9c436c,2026-09-13T00:20:00,2.17,3.18,1021,721,0,58.0,33.44,0.0
3a6c166d-37fa-5cda-adad-777eb4567f37,2026-09-13T00:22:00,2.65,2.96,1276,639,1.77,74.01,34.27,0.0
f1a6081a-48e3-56db-936e-f49af9832cb1,2026-09-13T00:22:00,2.53,4.24,1054,707,0,58.0,39.68,0.0
18b90679-ba14-5785-bca6-c3cc1e3ad587,2026-09-13T00:22:00,2.0,3.21,1014,735,1.74,58.0,44.03,0.0
77059140-e829-5d12-90bd-2d2ebd9c436c,2026-09-13T00:22:00,2.16,4.07,965,566,0,58.0,40.12,0.0
3a6c166d-37fa-5cda-adad-777eb4567f37,2026-09-13T00:24:00,2.28,3.85,1045,627,2.56,74.15,38.85,0.0
f1a6081a-48e3-56db-936e-f49af9832cb1,2026-09-13T00:24:00,2.45,3.33,915,551,0,58.0,38.4,0.0
18b90679-ba14-5785-bca6-c3cc1e3ad587,2026-09-13T00:24:00,2.12,3.73,1141,730,0.99,58.0,40.94,0.0
77059140-e829-5d12-90bd-2d2ebd9c436c,2026-09-13T00:24:00,2.32,4.0,909,740,0,58.0,41.97,0.0
3a6c166d-37fa-5cda-adad-777eb4567f37,2026-09-13T00:26:00,2.21,3.41,1193,652,1.51,73.24,38.25,0.0
f1a6081a-48e3-56db-936e-f49af9832cb1,2026-09-13T00:26:00,2.44,3.94,1104,632,5.55,58.0,41.02,0.0
18b90679-ba14-5785-bca6-c3cc1e3ad587,2026-09-13T00:26:00,1.51,3.09,1114,642,1.51,58.0,35.11,0.0
77059140-e829-5d12-90bd-2d2ebd9c436c,2026-09-13T00:26:00,1.74,3.78,881,525,0.95,58.0,40.24,0.0
3a6c166d-37fa-5cda-adad-777eb4567f37,2026-09-13T00:28:00,2.16,3.21,1223,733,0,73.93,39.83,0.0
f1a6081a-48e3-56db-936e-f49af9832cb1,2026-09-13T00:28:00,2.68,4.27,1016,642,0,58.0,36.74,0.0
18b90679-ba14-5785-bca6-c3cc1e3ad587,2026-09-13T00:28:00,2.05,3.77,1093,653,1.8,58.0,31.79,0.0
77059140-e829-5d12-90bd-2d2ebd9c436c,2026-09-13T00:28:00,2.1,3.41,1090,661,3.24,58.0,36.08,0.0
3a6c166d-37fa-5cda-adad-777eb4567f37,2026-09-13T00:30:00,2.0,3.71,997,613,2.54,73.41,38.31,0.0
f1a6081a-48e3-56db-936e-f49af9832cb1,2026-09-13T00:30:00,1.98,3.51,901,700,0.87,58.0,35.44,0.0
18b90679-ba14-5785-bca6-c3cc1e3ad587,2026-09-13T00:30:00,2.4,3.54,1032,745,2.43,58.0,39.04,0.0
77059140-e829-5d12-90bd-2d2ebd9c436c,2026-09-13T00:30:00,2.33,3.56,1172,590,0.25,58.0,34.99,0.0
3a6c166d-37fa-5cda-adad-777eb4567f37,2026-09-13T00:32:00,1.91,2.49,1110,696,0,73.81,41.16,0.0
f1a6081a-48e3-56db-936e-f49af9832cb1,2026-09-13T00:32:00,2.38,2.94,1095,670,0.03,58.0,39.39,0.0
18b90679-ba14-5785-bca6-c3cc1e3ad587,2026-09-13T00:32:00,2.08,2.84,1219,704,3.08,58.0,37.4,0.0
77059140-e829-5d12-90bd-2d2ebd9c436c,2026-09-13T00:32:00,2.14,2.87,992,781,0.57,58.0,37.5,0.0
3a6c166d-37fa-5cda-adad-777eb4567f37,2026-09-13T00:34:00,2.08,3.22,1099,576,2.91,74.22,37.41,0.0
f1a6081a-48e3-56db-936e-f49af9832cb1,2026-09-13T00:34:00,1.73,2.68,934,719,1.53,58.0,41.41,0.0
18b90679-ba14-5785-bca6-c3cc1e3ad587,2026-09-13T00:34:00,2.05,3.04,977,764,0,58.0,39.38,0.0
77059140-e829-5d12-90bd-2d2ebd9c436c,2026-09-13T00:34:00,1.92,3.43,1078,662,0,58.0,40.09,0.0
3a6c166d-37fa-5cda-adad-777eb4567f37,2026-09-13T00:36:00,2.67,2.68,1119,836,1.75,75.06,38.69,0.0
f1a6081a-48e3-56db-936e-f49af9832cb1,2026-09-13T00:36:00,2.0,4.05,983,696,0.51,58.0,39.78,0.0
18b90679-ba14-5785-bca6-c3cc1e3ad587,2026-09-13T00:36:00,2.46,3.44,1013,786,2.16,58.0,36.24,0.0
77059140-e829-5d12-90bd-2d2ebd9c436c,2026-09-13T00:36:00,2.36,2.77,908,626,2.74,58.0,45.79,0.0
3a6c166d-37fa-5cda-adad-777eb4567f37,2026-09-13T00:38:00,1.86,2.55,1087,858,3.11,74.01,40.38,0.0
f1a6081a-48e3-56db-936e-f49af9832cb1,2026-09-13T00:38:00,2.46,3.9,1218,641,0,58.0,43.66,0.0
18b90679-ba14-5785-bca6-c3cc1e3ad587,2026-09-13T00:38:00,2.05,3.28,1077,582,2.73,58.0,39.39,0.0
77059140-e829-5d12-90bd-2d2ebd9c436c,2026-09-13T00:38:00,2.68,2.93,1142,752,0,58.0,38.77,0.0
3a6c166d-37fa-5cda-adad-777eb4567f37,2026-09-13T00:40:00,2.24,3.3,1063,768,0,74.17,39.23,0.0
f1a6081a-48e3-56db-936e-f49af9832cb1,2026-09-13T00:40:00,2.44,3.44,918,768,1.61,58.0,42.6,0.0
18b90679-ba14-5785-bca6-c3cc1e3ad587,2026-09-13T00:40:00,2.88,3.56,861,675,0,58.0,40.64,0.0
77059140-e829-5d12-90bd-2d2ebd9c436c,2026-09-13T00:40:00,2.25,3.6,1149,567,0.03,58.0,40.07,0.0
3a6c166d-37fa-5cda-adad-777eb4567f37,2026-09-13T00:42:00,2.1,2.46,1216,734,1.31,74.27,36.66,0.0
f1a6081a-48e3-56db-936e-f49af9832cb1,2026-09-13T00:42:00,2.22,3.82,948,608,2.64,58.0,38.03,0.0
18b90679-ba14-5785-bca6-c3cc1e3ad587,2026-09-13T00:42:00,2.12,3.17,1206,706,4.98,58.0,39.93,0.0
77059140-e829-5d12-90bd-2d2ebd9c436c,2026-09-13T00:42:00,2.32,3.03,1023,857,1.73,58.0,44.02,0.0
3a6c166d-37fa-5cda-adad-777eb4567f37,2026-09-13T00:44:00,2.85,3.57,995,585,0,73.77,43.22,0.0
f1a6081a-48e3-56db-936e-f49af9832cb1,2026-09-13T00:44:00,2.24,3.51,1029,635,1.67,58.0,40.53,0.0
18b90679-ba14-5785-bca6-c3cc1e3ad587,2026-09-13T00:44:00,2.62,4.08,1194,899,2.27,58.0,42.71,0.0
77059140-e829-5d12-90bd-2d2ebd9c436c,2026-09-13T00:44:00,2.19,2.79,1269,745,0.42,58.0,41.35,0.0
3a6c166d-37fa-5cda-adad-777eb4567f37,2026-09-13T00:46:00,2.53,2.92,1090,695,1.56,74.21,35.59,0.0
f1a6081a-48e3-56db-936e-f49af9832cb1,2026-09-13T00:46:00,2.17,3.54,1056,729,3.22,58.0,40.83,0.0
18b90679-ba14-5785-bca6-c3cc1e3ad587,2026-09-13T00:46:00,2.07,3.36,665,573,0,58.0,38.11,0.0
77059140-e829-5d12-90bd-2d2ebd9c436c,2026-09-13T00:46:00,1.41,4.15,1179,588,3.38,58.0,40.36,0.0
3a6c166d-37fa-5cda-adad-777eb4567f37,2026-09-13T00:48:00,1.99,4.59,963,803,3.45,73.89,41.73,0.0
f1a6081a-48e3-56db-936e-f49af9832cb1,2026-09-13T00:48:00,2.25,3.5,1147,617,0.91,58.0,37.73,0.0
18b90679-ba14-5785-bca6-c3cc1e3ad587,2026-09-13T00:48:00,2.0,3.1,1159,544,3.45,58.0,39.91,0.0
77059140-e829-5d12-90bd-2d2ebd9c436c,2026-09-13T00:48:00,1.98,3.09,903,703,0,58.0,38.53,0.0
3a6c166d-37fa-5cda-adad-777eb4567f37,2026-09-13T00:50:00,2.28,3.45,1081,751,0.73,73.59,42.87,0.0
f1a6081a-48e3-56db-936e-f49af9832cb1,2026-09-13T00:50:00,2.17,2.41,1107,706,1.54,58.0,41.53,0.0
18b90679-ba14-5785-bca6-c3cc1e3ad587,2026-09-13T00:50:00,2.55,3.74,1136,669,0,58.0,40.4,0.0
77059140-e829-5d12-90bd-2d2ebd9c436c,2026-09-13T00:50:00,2.23,3.47,1140,715,1.59,58.0,42.82,0.0
3a6c166d-37fa-5cda-adad-777eb4567f37,2026-09-13T00:52:00,2.04,3.64,980,617,0,74.02,38.51,0.0
f1a6081a-48e3-56db-936e-f49af9832cb1,2026-09-13T00:52:00,2.23,2.64,1111,635,0,58.0,41.55,0.0
18b90679-ba14-5785-bca6-c3cc1e3ad587,2026-09-13T00:52:00,1.54,3.02,1165,749,2.31,58.0,38.53,0.0
77059140-e829-5d12-90bd-2d2ebd9c436c,2026-09-13T00:52:00,2.44,3.16,952,781,1.06,58.0,37.96,0.0
3a6c166d-37fa-5cda-adad-777eb4567f37,2026-09-13T00:54:00,2.43,2.94,1096,589,0,74.28,36.48,0.0
f1a6081a-48e3-56db-936e-f49af9832cb1,2026-09-13T00:54:00,1.9,2.95,1049,698,0,58.0,39.94,0.0
18b90679-ba14-5785-bca6-c3cc1e3ad587,2026-09-13T00:54:00,1.54,3.25,1105,521,3.14,58.0,39.65,0.0
77059140-e829-5d12-90bd-2d2ebd9c436c,2026-09-13T00:54:00,2.79,3.56,1168,751,2.19,58.0,39.53,0.0
3a6c166d-37fa-5cda-adad-777eb4567f37,2026-09-13T00:56:00,2.87,2.75,1135,745,0,74.88,38.87,0.0
f1a6081a-48e3-56db-936e-f49af9832cb1,2026-09-13T00:56:00,2.55,3.01,1148,534,4.94,58.0,38.77,0.0
18b90679-ba14-5785-bca6-c3cc1e3ad587,2026-09-13T00:56:00,2.38,3.32,1002,717,2.47,58.0,39.95,0.0
77059140-e829-5d12-90bd-2d2ebd9c436c,2026-09-13T00:56:00,1.63,3.49,1071,639,0,58.0,39.15,0.0
3a6c166d-37fa-5cda-adad-777eb4567f37,2026-09-13T00:58:00,2.3,3.1,1240,727,0.05,74.26,44.8,0.0
f1a6081a-48e3-56db-936e-f49af9832cb1,2026-09-13T00:58:00,1.97,3.14,1057,589,0,58.0,38.55,0.0
18b90679-ba14-5785-bca6-c3cc1e3ad587,2026-09-13T00:58:00,2.16,3.47,1156,491,0,58.0,40.64,0.0
77059140-e829-5d12-90bd-2d2ebd9c436c,2026-09-13T00:58:00,2.68,3.45,948,753,2.81,58.0,32.99,0.0
3a6c166d-37fa-5cda-adad-777eb4567f37,2026-09-13T01:00:00,1.99,3.41,1309,650,1.8,74.09,37.68,0.0
f1a6081a-48e3-56db-936e-f49af9832cb1,2026-09-13T01:00:00,1.83,3.37,1089,712,1.63,58.0,38.98,0.0
18b90679-ba14-5785-bca6-c3cc1e3ad587,2026-09-13T01:00:00,1.72,3.67,1049,732,0.67,58.0,40.24,0.0
77059140-e829-5d12-90bd-2d2ebd9c436c,2026-09-13T01:00:00,2.07,2.81,1239,694,0,58.0,35.6,0.0
3a6c166d-37fa-5cda-adad-777eb4567f37,2026-09-13T01:02:00,2.2,3.11,1107,827,0.36,74.69,38.32,0.0
f1a6081a-48e3-56db-936e-f49af9832cb1,2026-09-13T01:02:00,1.81,2.74,1216,767,0,58.0,38.1,0.0
18b90679-ba14-5785-bca6-c3cc1e3ad587,2026-09-13T01:02:00,2.34,3.46,844,753,2.48,58.0,41.33,0.0
77059140-e829-5d12-90bd-2d2ebd9c436c,2026-09-13T01:02:00,2.2,3.46,1005,508,0,58.0,40.3,0.0
3a6c166d-37fa-5cda-adad-777eb4567f37,2026-09-13T01:04:00,2.08,2.84,932,591,0,74.56,38.23,0.0
f1a6081a-48e3-56db-936e-f49af9832cb1,2026-09-13T01:04:00,2.22,3.69,836,669,2.39,58.0,39.16,0.0
18b90679-ba14-5785-bca6-c3cc1e3ad587,2026-09-13T01:04:00,1.51,3.53,1148,807,0,58.0,40.24,0.0
77059140-e829-5d12-90bd-2d2ebd9c436c,2026-09-13T01:04:00,1.8,3.85,937,736,0,58.0,38.84,0.0
3a6c166d-37fa-5cda-adad-777eb4567f37,2026-09-13T01:06:00,2.16,2.82,1232,627,0.28,74.02,37.91,0.0
f1a6081a-48e3-56db-936e-f49af9832cb1,2026-09-13T01:06:00,1.89,3.44,1110,841,0,58.0,39.82,0.0
18b90679-ba14-5785-bca6-c3cc1e3ad587,2026-09-13T01:06:00,2.06,3.85,1099,714,1.12,58.0,41.6,0.0
77059140-e829-5d12-90bd-2d2ebd9c436c,2026-09-13T01:06:00,1.77,3.2,1054,666,0.71,58.0,40.46,0.0
3a6c166d-37fa-5cda-adad-777eb4567f37,2026-09-13T01:08:00,2.22,4.04,1048,661,1.24,74.43,34.6,0.0
f1a6081a-48e3-56db-936e-f49af9832cb1,2026-09-13T01:08:00,1.8,3.23,981,794,4.12,58.0,38.03,0.0
18b90679-ba14-5785-bca6-c3cc1e3ad587,2026-09-13T01:08:00,2.08,2.9,916,592,4.95,58.0,36.89,0.0
77059140-e829-5d12-90bd-2d2ebd9c436c,2026-09-13T01:08:00,2.24,2.85,1088,608,3.93,58.0,42.62,0.0
3a6c166d-37fa-5cda-adad-777eb4567f37,2026-09-13T01:10:00,2.31,3.54,1076,689,0,74.33,37.83,0.0
f1a6081a-48e3-56db-936e-f49af9832cb1,2026-09-13T01:10:00,2.07,3.07,1046,670,0.11,58.0,36.76,0.0
18b90679-ba14-5785-bca6-c3cc1e3ad587,2026-09-13T01:10:00,2.22,3.3,1158,603,2.96,58.0,43.9,0.0
77059140-e829-5d12-90bd-2d2ebd9c436c,2026-09-13T01:10:00,2.56,3.37,994,617,2.1,58.0,42.06,0.0
3a6c166d-37fa-5cda-adad-777eb4567f37,2026-09-13T01:12:00,1.93,3.7,957,713,0,74.07,38.49,0.0
f1a6081a-48e3-56db-936e-f49af9832cb1,2026-09-13T01:12:00,1.93,3.18,1159,723,1.54,58.0,38.85,0.0
18b90679-ba14-5785-bca6-c3cc1e3ad587,2026-09-13T01:12:00,2.72,2.87,1186,801,1.29,58.0,38.39,0.0
77059140-e829-5d12-90bd-2d2ebd9c436c,2026-09-13T01:12:00,1.88,3.38,1138,707,0.6,58.0,38.31,0.0
3a6c166d-37fa-5cda-adad-777eb4567f37,2026-09-13T01:14:00,2.46,3.09,1210,579,0.52,74.5,38.82,0.0
f1a6081a-48e3-56db-936e-f49af9832cb1,2026-09-13T01:14:00,2.35,2.52,1069,722,0,58.0,39.43,0.0
18b90679-ba14-5785-bca6-c3cc1e3ad587,2026-09-13T01:14:00,2.02,3.94,998,861,0,58.0,40.7,0.0
77059140-e829-5d12-90bd-2d2ebd9c436c,2026-09-13T01:14:00,2.58,3.77,943,522,2.51,58.0,41.51,0.0
3a6c166d-37fa-5cda-adad-777eb4567f37,2026-09-13T01:16:00,2.11,3.27,996,749,0.34,73.94,39.91,0.0
f1a6081a-48e3-56db-936e-f49af9832cb1,2026-09-13T01:16:00,2.56,3.07,1211,658,1.97,58.0,41.94,0.0
18b90679-ba14-5785-bca6-c3cc1e3ad587,2026-09-13T01:16:00,2.94,3.73,1078,885,0,58.0,33.12,0.0
77059140-e829-5d12-90bd-2d2ebd9c436c,2026-09-13T01:16:00,2.03,3.31,1023,702,0.64,58.0,43.3,0.0
3a6c166d-37fa-5cda-adad-777eb4567f37,2026-09-13T01:18:00,1.69,3.51,973,632,1.69,74.67,41.0,0.0
f1a6081a-48e3-56db-936e-f49af9832cb1,2026-09-13T01:18:00,1.89,3.1,1233,501,1.97,58.0,35.34,0.0
18b90679-ba14-5785-bca6-c3cc1e3ad587,2026-09-13T01:18:00,1.59,3.25,1136,751,0,58.0,36.18,0.0
77059140-e829-5d12-90bd-2d2ebd9c436c,2026-09-13T01:18:00,2.83,3.28,841,547,0,58.0,36.91,0.0
3a6c166d-37fa-5cda-adad-777eb4567f37,2026-09-13T01:20:00,2.38,3.03,1198,578,2.18,74.96,37.38,0.0
f1a6081a-48e3-56db-936e-f49af9832cb1,2026-09-13T01:20:00,1.98,4.2,1117,771,0.97,58.0,41.8,0.0
18b90679-ba14-5785-bca6-c3cc1e3ad587,2026-09-13T01:20:00,2.3,2.91,1176,538,0,58.0,37.97,0.0
77059140-e829-5d12-90bd-2d2ebd9c436c,2026-09-13T01:20:00,2.31,3.59,1091,819,3.12,58.0,39.59,0.0
3a6c166d-37fa-5cda-adad-777eb4567f37,2026-09-13T01:22:00,2.06,3.55,881,728,0.66,74.85,40.47,0.0
f1a6081a-48e3-56db-936e-f49af9832cb1,2026-09-13T01:22:00,1.95,3.49,1091,593,0,58.0,38.78,0.0
18b90679-ba14-5785-bca6-c3cc1e3ad587,2026-09-13T01:22:00,1.99,3.49,1140,658,2.37,58.0,42.78,0.0
77059140-e829-5d12-90bd-2d2ebd9c436c,2026-09-13T01:22:00,2.65,3.04,1027,630,0.77,58.0,42.26,0.0
3a6c166d-37fa-5cda-adad-777eb4567f37,2026-09-13T01:24:00,1.9,3.13,1200,612,0,74.29,43.41,0.0
f1a6081a-48e3-56db-936e-f49af9832cb1,2026-09-13T01:24:00,2.28,4.26,1225,608,0.24,58.0,41.5,0.0
18b90679-ba14-5785-bca6-c3cc1e3ad587,2026-09-13T01:24:00,2.62,3.44,1209,804,0.8,58.0,40.42,0.0
77059140-e829-5d12-90bd-2d2ebd9c436c,2026-09-13T01:24:00,2.54,3.07,815,669,3.12,58.0,39.34,0.0
3a6c166d-37fa-5cda-adad-777eb4567f37,2026-09-13T01:26:00,2.34,2.77,1286,727,0.01,74.56,37.35,0.0
f1a6081a-48e3-56db-936e-f49af9832cb1,2026-09-13T01:26:00,2.26,3.3,1026,792,0,58.0,40.49,0.0
18b90679-ba14-5785-bca6-c3cc1e3ad587,2026-09-13T01:26:00,2.61,2.83,1101,669,0,58.0,39.5,0.0
77059140-e829-5d12-90bd-2d2ebd9c436c,2026-09-13T01:26:00,2.16,3.3,1173,531,0,58.0,42.78,0.0
3a6c166d-37fa-5cda-adad-777eb4567f37,2026-09-13T01:28:00,2.23,3.03,956,664,1.4,74.45,39.13,0.0
f1a6081a-48e3-56db-936e-f49af9832cb1,2026-09-13T01:28:00,2.64,3.42,1286,767,0,58.0,33.45,0.0
18b90679-ba14-5785-bca6-c3cc1e3ad587,2026-09-13T01:28:00,2.53,3.72,1185,619,0.58,58.0,37.92,0.0
77059140-e829-5d12-90bd-2d2ebd9c436c,2026-09-13T01:28:00,2.44,3.44,1052,724,1.05,58.0,42.66,0.0
3a6c166d-37fa-5cda-adad-777eb4567f37,2026-09-13T01:30:00,2.43,3.05,1006,598,0,74.57,36.68,0.0
f1a6081a-48e3-56db-936e-f49af9832cb1,2026-09-13T01:30:00,2.55,2.78,1259,840,0.39,58.0,41.36,0.0
18b90679-ba14-5785-bca6-c3cc1e3ad587,2026-09-13T01:30:00,1.9,2.24,1049,651,4.24,58.0,39.96,0.0
77059140-e829-5d12-90bd-2d2ebd9c436c,2026-09-13T01:30:00,1.65,2.8,1129,620,2.92,58.0,36.04,0.0
3a6c166d-37fa-5cda-adad-777eb4567f37,2026-09-13T01:32:00,1.88,4.12,920,621,3.27,74.69,38.09,0.0
f1a6081a-48e3-56db-936e-f49af9832cb1,2026-09-13T01:32:00,1.87,3.77,943,681,0.64,58.0,35.98,0.0
18b90679-ba14-5785-bca6-c3cc1e3ad587,2026-09-13T01:32:00,1.99,3.81,1084,668,5.51,58.0,37.01,0.0
77059140-e829-5d12-90bd-2d2ebd9c436c,2026-09-13T01:32:00,2.66,3.07,854,738,2.85,58.0,41.59,0.0
3a6c166d-37fa-5cda-adad-777eb4567f37,2026-09-13T01:34:00,2.2,3.27,1315,691,1.68,74.59,36.41,0.0
f1a6081a-48e3-56db-936e-f49af9832cb1,2026-09-13T01:34:00,2.16,3.56,1241,706,2.03,58.0,35.46,0.0
18b90679-ba14-5785-bca6-c3cc1e3ad587,2026-09-13T01:34:00,2.51,3.03,1269,704,4.14,58.0,41.21,0.0
77059140-e829-5d12-90bd-2d2ebd9c436c,2026-09-13T01:34:00,1.87,4.11,951,700,0.87,58.0,39.47,0.0
3a6c166d-37fa-5cda-adad-777eb4567f37,2026-09-13T01:36:00,2.75,3.06,1143,778,2.53,74.29,37.14,0.0
f1a6081a-48e3-56db-936e-f49af9832cb1,2026-09-13T01:36:00,1.88,3.03,976,672,0,58.0,42.24,0.0
18b90679-ba14-5785-bca6-c3cc1e3ad587,2026-09-13T01:36:00,1.97,3.81,1222,568,3.34,58.0,38.43,0.0
77059140-e829-5d12-90bd-2d2ebd9c436c,2026-09-13T01:36:00,2.16,3.46,1039,755,1.6,58.0,38.47,0.0
3a6c166d-37fa-5cda-adad-777eb4567f37,2026-09-13T01:38:00,2.6,3.31,1233,768,0.46,74.97,38.33,0.0
f1a6081a-48e3-56db-936e-f49af9832cb1,2026-09-13T01:38:00,2.43,3.48,1005,580,0.36,58.0,42.62,0.0
18b90679-ba14-5785-bca6-c3cc1e3ad587,2026-09-13T01:38:00,2.86,3.37,1235,882,4.07,58.0,37.37,0.0
77059140-e829-5d12-90bd-2d2ebd9c436c,2026-09-13T01:38:00,1.74,3.06,999,781,2.04,58.0,34.56,0.0
3a6c166d-37fa-5cda-adad-777eb4567f37,2026-09-13T01:40:00,2.37,3.93,1254,602,3.55,75.05,38.85,0.0
f1a6081a-48e3-56db-936e-f49af9832cb1,2026-09-13T01:40:00,2.07,3.88,1155,838,0,58.0,39.9,0.0
18b90679-ba14-5785-bca6-c3cc1e3ad587,2026-09-13T01:40:00,2.61,3.79,1234,667,1.51,58.0,39.29,0.0
77059140-e829-5d12-90bd-2d2ebd9c436c,2026-09-13T01:40:00,2.02,3.53,1014,660,1.28,58.0,42.83,0.0
3a6c166d-37fa-5cda-adad-777eb4567f37,2026-09-13T01:42:00,2.09,2.48,1039,574,0.59,74.82,36.56,0.0
f1a6081a-48e3-56db-936e-f49af9832cb1,2026-09-13T01:42:00,2.27,3.81,898,791,0.77,58.0,38.37,0.0
18b90679-ba14-5785-bca6-c3cc1e3ad587,2026-09-13T01:42:00,1.59,2.6,1159,803,0,58.0,37.89,0.0
77059140-e829-5d12-90bd-2d2ebd9c436c,2026-09-13T01:42:00,2.38,3.57,1134,749,0,58.0,36.21,0.0
3a6c166d-37fa-5cda-adad-777eb4567f37,2026-09-13T01:44:00,2.68,3.47,1243,628,0,74.75,40.57,0.0
f1a6081a-48e3-56db-936e-f49af9832cb1,2026-09-13T01:44:00,2.41,3.11,1159,642,0,58.0,35.9,0.0
18b90679-ba14-5785-bca6-c3cc1e3ad587,2026-09-13T01:44:00,2.39,3.41,1068,596,5.39,58.0,38.53,0.0
77059140-e829-5d12-90bd-2d2ebd9c436c,2026-09-13T01:44:00,1.81,2.83,1047,860,2.04,58.0,34.59,0.0
3a6c166d-37fa-5cda-adad-777eb4567f37,2026-09-13T01:46:00,1.52,4.22,1146,586,2.08,74.69,42.87,0.0
f1a6081a-48e3-56db-936e-f49af9832cb1,2026-09-13T01:46:00,1.98,3.08,1028,590,4.25,58.0,38.05,0.0
18b90679-ba14-5785-bca6-c3cc1e3ad587,2026-09-13T01:46:00,1.84,3.64,961,666,2.06,58.0,38.93,0.0
77059140-e829-5d12-90bd-2d2ebd9c436c,2026-09-13T01:46:00,2.53,3.06,920,606,4.12,58.0,39.04,0.0
3a6c166d-37fa-5cda-adad-777eb4567f37,2026-09-13T01:48:00,2.33,3.56,1009,832,0.61,74.72,41.35,0.0
f1a6081a-48e3-56db-936e-f49af9832cb1,2026-09-13T01:48:00,2.06,2.49,841,591,1.84,58.0,40.89,0.0
18b90679-ba14-5785-bca6-c3cc1e3ad587,2026-09-13T01:48:00,1.87,3.96,1116,632,0,58.0,41.24,0.0
77059140-e829-5d12-90bd-2d2ebd9c436c,2026-09-13T01:48:00,1.97,3.82,1250,656,0.48,58.0,38.53,0.0
3a6c166d-37fa-5cda-adad-777eb4567f37,2026-09-13T01:50:00,2.38,3.36,1059,569,1.5,75.17,35.92,0.0
f1a6081a-48e3-56db-936e-f49af9832cb1,2026-09-13T01:50:00,1.93,3.44,1080,735,0,58.0,40.72,0.0
18b90679-ba14-5785-bca6-c3cc1e3ad587,2026-09-13T01:50:00,2.09,3.56,967,813,3.04,58.0,39.04,0.0
77059140-e829-5d12-90bd-2d2ebd9c436c,2026-09-13T01:50:00,2.48,3.64,1100,561,2.73,58.0,43.47,0.0
3a6c166d-37fa-5cda-adad-777eb4567f37,2026-09-13T01:52:00,2.25,3.2,1092,855,4.32,74.49,39.19,0.0
f1a6081a-48e3-56db-936e-f49af9832cb1,2026-09-13T01:52:00,1.86,3.55,1008,792,2.31,58.0,36.11,0.0
18b90679-ba14-5785-bca6-c3cc1e3ad587,2026-09-13T01:52:00,2.15,2.62,930,609,0,58.0,43.23,0.0
77059140-e829-5d12-90bd-2d2ebd9c436c,2026-09-13T01:52:00,2.19,3.47,1221,502,0,58.0,42.85,0.0
3a6c166d-37fa-5cda-adad-777eb4567f37,2026-09-13T01:54:00,2.19,3.17,839,825,0.58,74.42,38.64,0.0
f1a6081a-48e3-56db-936e-f49af9832cb1,2026-09-13T01:54:00,2.51,3.61,1099,701,0,58.0,37.92,0.0
18b90679-ba14-5785-bca6-c3cc1e3ad587,2026-09-13T01:54:00,2.13,3.32,1083,629,0,58.0,36.82,0.0
77059140-e829-5d12-90bd-2d2ebd9c436c,2026-09-13T01:54:00,2.51,2.95,1023,675,0,58.0,41.18,0.0
3a6c166d-37fa-5cda-adad-777eb4567f37,2026-09-13T01:56:00,2.7,3.75,1273,667,0,74.65,38.07,0.0
f1a6081a-48e3-56db-936e-f49af9832cb1,2026-09-13T01:56:00,2.23,3.3,1186,625,0.77,58.0,39.67,0.0
18b90679-ba14-5785-bca6-c3cc1e3ad587,2026-09-13T01:56:00,2.47,3.69,1019,700,0,58.0,43.24,0.0
77059140-e829-5d12-90bd-2d2ebd9c436c,2026-09-13T01:56:00,2.38,3.88,1245,843,0.11,58.0,41.55,0.0
3a6c166d-37fa-5cda-adad-777eb4567f37,2026-09-13T01:58:00,2.62,2.49,943,684,2.63,75.28,38.34,0.0
f1a6081a-48e3-56db-936e-f49af9832cb1,2026-09-13T01:58:00,1.97,3.19,1043,539,0,58.0,36.94,0.0
18b90679-ba14-5785-bca6-c3cc1e3ad587,2026-09-13T01:58:00,2.0,3.3,1107,620,3.08,58.0,37.6,0.0
77059140-e829-5d12-90bd-2d2ebd9c436c,2026-09-13T01:58:00,2.13,3.5,1128,934,4.53,58.0,39.18,0.0
3a6c166d-37fa-5cda-adad-777eb4567f37,2026-09-13T02:00:00,2.54,2.79,1199,618,2.32,75.18,39.08,0.0
f1a6081a-48e3-56db-936e-f49af9832cb1,2026-09-13T02:00:00,2.78,3.01,1125,772,0,58.0,41.69,0.0
18b90679-ba14-5785-bca6-c3cc1e3ad587,2026-09-13T02:00:00,2.38,3.39,1051,696,0.27,58.0,41.26,0.0
77059140-e829-5d12-90bd-2d2ebd9c436c,2026-09-13T02:00:00,2.09,3.84,1118,640,7.1,58.0,41.65,0.0
3a6c166d-37fa-5cda-adad-777eb4567f37,2026-09-13T02:02:00,1.95,3.4,1015,689,0.66,75.35,39.05,0.0
f1a6081a-48e3-56db-936e-f49af9832cb1,2026-09-13T02:02:00,2.4,3.79,1049,734,3.1,58.0,39.89,0.0
18b90679-ba14-5785-bca6-c3cc1e3ad587,2026-09-13T02:02:00,2.94,4.24,952,727,2.5,58.0,41.11,0.0
77059140-e829-5d12-90bd-2d2ebd9c436c,2026-09-13T02:02:00,2.69,3.93,1188,683,3.12,58.0,40.36,0.0
3a6c166d-37fa-5cda-adad-777eb4567f37,2026-09-13T02:04:00,2.7,3.78,1163,821,1.11,75.52,41.5,0.0
f1a6081a-48e3-56db-936e-f49af9832cb1,2026-09-13T02:04:00,2.0,3.19,1162,738,0.09,58.0,37.92,0.0
18b90679-ba14-5785-bca6-c3cc1e3ad587,2026-09-13T02:04:00,1.58,3.37,968,631,0.62,58.0,42.93,0.0
77059140-e829-5d12-90bd-2d2ebd9c436c,2026-09-13T02:04:00,1.99,2.86,1404,644,0,58.0,37.17,0.0
3a6c166d-37fa-5cda-adad-777eb4567f37,2026-09-13T02:06:00,1.61,3.43,1105,745,0,75.13,33.52,0.0
f1a6081a-48e3-56db-936e-f49af9832cb1,2026-09-13T02:06:00,2.48,3.5,1376,561,3.4,58.0,38.35,0.0
18b90679-ba14-5785-bca6-c3cc1e3ad587,2026-09-13T02:06:00,2.31,3.87,1112,651,0,58.0,37.02,0.0
77059140-e829-5d12-90bd-2d2ebd9c436c,2026-09-13T02:06:00,1.99,3.36,1118,823,3.69,58.0,41.86,0.0
3a6c166d-37fa-5cda-adad-777eb4567f37,2026-09-13T02:08:00,2.74,3.76,1077,668,0.94,75.06,42.41,0.0
f1a6081a-48e3-56db-936e-f49af9832cb1,2026-09-13T02:08:00,1.99,2.93,965,535,2.3,58.0,41.47,0.0
18b90679-ba14-5785-bca6-c3cc1e3ad587,2026-09-13T02:08:00,1.91,3.34,988,692,3.27,58.0,38.39,0.0
77059140-e829-5d12-90bd-2d2ebd9c436c,2026-09-13T02:08:00,2.02,3.68,1132,734,1.13,58.0,40.53,0.0
3a6c166d-37fa-5cda-adad-777eb4567f37,2026-09-13T02:10:00,2.09,4.34,916,613,4.18,75.24,41.26,0.0
f1a6081a-48e3-56db-936e-f49af9832cb1,2026-09-13T02:10:00,2.32,3.88,1105,749,1.79,58.0,42.02,0.0
18b90679-ba14-5785-bca6-c3cc1e3ad587,2026-09-13T02:10:00,2.5,3.25,1323,775,0,58.0,37.49,0.0
77059140-e829-5d12-90bd-2d2ebd9c436c,2026-09-13T02:10:00,2.39,3.13,1222,688,0,58.0,36.19,0.0
3a6c166d-37fa-5cda-adad-777eb4567f37,2026-09-13T02:12:00,2.17,2.93,1169,755,0,75.8,42.81,0.0
f1a6081a-48e3-56db-936e-f49af9832cb1,2026-09-13T02:12:00,2.51,4.21,1119,633,0.76,58.0,39.08,0.0
18b90679-ba14-5785-bca6-c3cc1e3ad587,2026-09-13T02:12:00,1.56,3.52,1189,627,1.88,58.0,38.27,0.0
77059140-e829-5d12-90bd-2d2ebd9c436c,2026-09-13T02:12:00,2.39,3.5,1241,914,0.62,58.0,37.16,0.0
3a6c166d-37fa-5cda-adad-777eb4567f37,2026-09-13T02:14:00,2.91,3.32,943,688,0,74.83,45.0,0.0
f1a6081a-48e3-56db-936e-f49af9832cb1,2026-09-13T02:14:00,1.96,3.77,1026,742,3.68,58.0,38.26,0.0
18b90679-ba14-5785-bca6-c3cc1e3ad587,2026-09-13T02:14:00,2.26,2.57,1260,623,1.49,58.0,40.56,0.0
77059140-e829-5d12-90bd-2d2ebd9c436c,2026-09-13T02:14:00,2.06,3.89,1069,660,0.84,58.0,37.62,0.0
3a6c166d-37fa-5cda-adad-777eb4567f37,2026-09-13T02:16:00,2.35,3.51,1136,650,2.31,75.41,38.17,0.0
f1a6081a-48e3-56db-936e-f49af9832cb1,2026-09-13T02:16:00,1.82,4.25,1030,760,0,58.0,37.24,0.0
18b90679-ba14-5785-bca6-c3cc1e3ad587,2026-09-13T02:16:00,2.65,3.78,1121,683,0,58.0,41.31,0.0
77059140-e829-5d12-90bd-2d2ebd9c436c,2026-09-13T02:16:00,1.83,3.23,1106,881,0,58.0,42.7,0.0
3a6c166d-37fa-5cda-adad-777eb4567f37,2026-09-13T02:18:00,2.06,3.16,1308,787,4.04,75.29,38.56,0.0
f1a6081a-48e3-56db-936e-f49af9832cb1,2026-09-13T02:18:00,2.1,3.81,1244,732,0,58.0,41.01,0.0
18b90679-ba14-5785-bca6-c3cc1e3ad587,2026-09-13T02:18:00,1.88,3.58,1091,703,0,58.0,36.34,0.0
77059140-e829-5d12-90bd-2d2ebd9c436c,2026-09-13T02:18:00,2.26,3.12,967,697,0.38,58.0,36.1,0.0
3a6c166d-37fa-5cda-adad-777eb4567f37,2026-09-13T02:20:00,2.14,3.25,1110,490,1.59,75.12,39.37,0.0
f1a6081a-48e3-56db-936e-f49af9832cb1,2026-09-13T02:20:00,2.27,3.37,1437,715,3.05,58.0,40.18,0.0
18b90679-ba14-5785-bca6-c3cc1e3ad587,2026-09-13T02:20:00,2.48,2.81,1203,690,0,58.0,38.97,0.0
77059140-e829-5d12-90bd-2d2ebd9c436c,2026-09-13T02:20:00,2.87,3.45,1273,610,2.29,58.0,37.62,0.0
3a6c166d-37fa-5cda-adad-777eb4567f37,2026-09-13T02:22:00,1.65,3.93,975,660,1.54,75.27,39.34,0.0
f1a6081a-48e3-56db-936e-f49af9832cb1,2026-09-13T02:22:00,2.25,3.49,1146,773,0,58.0,41.77,0.0
18b90679-ba14-5785-bca6-c3cc1e3ad587,2026-09-13T02:22:00,2.01,3.85,1281,676,2.95,58.0,39.82,0.0
77059140-e829-5d12-90bd-2d2ebd9c436c,2026-09-13T02:22:00,2.39,3.53,1199,740,3.62,58.0,39.85,0.0
3a6c166d-37fa-5cda-adad-777eb4567f37,2026-09-13T02:24:00,1.42,3.63,1229,859,0,75.3,40.95,0.0
f1a6081a-48e3-56db-936e-f49af9832cb1,2026-09-13T02:24:00,1.87,3.15,1093,649,0.03,58.0,41.9,0.0
18b90679-ba14-5785-bca6-c3cc1e3ad587,2026-09-13T02:24:00,2.11,3.32,1011,806,2.67,58.0,40.03,0.0
77059140-e829-5d12-90bd-2d2ebd9c436c,2026-09-13T02:24:00,2.93,2.98,1249,696,2.19,58.0,38.52,0.0
3a6c166d-37fa-5cda-adad-777eb4567f37,2026-09-13T02:26:00,2.85,3.75,1236,779,0,74.82,37.23,0.0
f1a6081a-48e3-56db-936e-f49af9832cb1,2026-09-13T02:26:00,2.76,2.82,1229,715,0,58.0,42.41,0.0
18b90679-ba14-5785-bca6-c3cc1e3ad587,2026-09-13T02:26:00,2.61,3.31,1096,797,1.85,58.0,35.02,0.0
77059140-e829-5d12-90bd-2d2ebd9c436c,2026-09-13T02:26:00,2.76,3.47,1288,591,1.55,58.0,37.04,0.0
3a6c166d-37fa-5cda-adad-777eb4567f37,2026-09-13T02:28:00,2.32,3.03,1311,829,0.65,75.97,41.23,0.0
f1a6081a-48e3-56db-936e-f49af9832cb1,2026-09-13T02:28:00,2.48,2.92,1372,721,2.35,58.0,38.3,0.0
18b90679-ba14-5785-bca6-c3cc1e3ad587,2026-09-13T02:28:00,2.2,3.01,1267,657,1.25,58.0,31.18,0.0
77059140-e829-5d12-90bd-2d2ebd9c436c,2026-09-13T02:28:00,1.89,2.78,1035,737,4.44,58.0,42.68,0.0
3a6c166d-37fa-5cda-adad-777eb4567f37,2026-09-13T02:30:00,2.55,3.77,1366,705,0.6,75.14,34.22,0.0
f1a6081a-48e3-56db-936e-f49af9832cb1,2026-09-13T02:30:00,2.5,3.26,1252,720,2.12,58.0,41.09,0.0
18b90679-ba14-5785-bca6-c3cc1e3ad587,2026-09-13T02:30:00,2.03,3.19,1153,610,2.06,58.0,41.49,0.0
77059140-e829-5d12-90bd-2d2ebd9c436c,2026-09-13T02:30:00,1.63,3.62,1212,737,0.98,58.0,37.23,0.0
3a6c166d-37fa-5cda-adad-777eb4567f37,2026-09-13T02:32:00,2.74,3.9,1286,847,0,74.92,36.07,0.0
f1a6081a-48e3-56db-936e-f49af9832cb1,2026-09-13T02:32:00,2.0,3.0,1048,832,2.66,58.0,42.19,0.0
18b90679-ba14-5785-bca6-c3cc1e3ad587,2026-09-13T02:32:00,1.87,3.29,1259,829,2.92,58.0,41.0,0.0
77059140-e829-5d12-90bd-2d2ebd9c436c,2026-09-13T02:32:00,2.02,3.53,1088,906,0,58.0,32.58,0.0
3a6c166d-37fa-5cda-adad-777eb4567f37,2026-09-13T02:34:00,2.21,3.13,1297,731,0,75.22,41.58,0.0
f1a6081a-48e3-56db-936e-f49af9832cb1,2026-09-13T02:34:00,2.71,2.9,1183,800,6.16,58.0,38.68,0.0
18b90679-ba14-5785-bca6-c3cc1e3ad587,2026-09-13T02:34:00,2.2,3.36,1075,938,2.94,58.0,41.26,0.0
77059140-e829-5d12-90bd-2d2ebd9c436c,2026-09-13T02:34:00,2.82,2.7,1364,830,0,58.0,37.99,0.0
3a6c166d-37fa-5cda-adad-777eb4567f37,2026-09-13T02:36:00,2.18,3.91,1206,905,2.05,75.74,40.61,0.0
f1a6081a-48e3-56db-936e-f49af9832cb1,2026-09-13T02:36:00,2.35,3.75,1432,783,1.14,58.0,43.77,0.0
18b90679-ba14-5785-bca6-c3cc1e3ad587,2026-09-13T02:36:00,2.59,3.17,1142,673,1.2,58.0,40.07,0.0
77059140-e829-5d12-90bd-2d2ebd9c436c,2026-09-13T02:36:00,2.36,3.64,1229,760,1.67,58.0,40.17,0.0
3a6c166d-37fa-5cda-adad-777eb4567f37,2026-09-13T02:38:00,2.18,3.33,1250,839,3.73,74.85,38.21,0.0
f1a6081a-48e3-56db-936e-f49af9832cb1,2026-09-13T02:38:00,2.61,2.78,1232,883,2.13,58.0,40.44,0.0
18b90679-ba14-5785-bca6-c3cc1e3ad587,2026-09-13T02:38:00,1.79,3.54,1373,678,3.28,58.0,39.76,0.0
77059140-e829-5d12-90bd-2d2ebd9c436c,2026-09-13T02:38:00,2.16,4.24,1167,772,3.55,58.0,37.41,0.0
3a6c166d-37fa-5cda-adad-777eb4567f37,2026-09-13T02:40:00,1.95,2.62,1260,788,0,75.32,42.92,0.0
f1a6081a-48e3-56db-936e-f49af9832cb1,2026-09-13T02:40:00,2.27,3.58,1452,681,1.55,58.0,37.44,0.0
18b90679-ba14-5785-bca6-c3cc1e3ad587,2026-09-13T02:40:00,1.21,2.62,1143,801,0,58.0,41.55,0.0
77059140-e829-5d12-90bd-2d2ebd9c436c,2026-09-13T02:40:00,2.36,3.15,1269,724,0.48,58.0,38.26,0.0
3a6c166d-37fa-5cda-adad-777eb4567f37,2026-09-13T02:42:00,2.22,3.24,1196,863,0.93,75.63,36.99,0.0
f1a6081a-48e3-56db-936e-f49af9832cb1,2026-09-13T02:42:00,2.18,2.17,1131,802,0.92,58.0,43.22,0.0
18b90679-ba14-5785-bca6-c3cc1e3ad587,2026-09-13T02:42:00,2.29,2.36,1197,794,1.84,58.0,41.8,0.0
77059140-e829-5d12-90bd-2d2ebd9c436c,2026-09-13T02:42:00,2.15,3.65,1229,637,3.36,58.0,39.34,0.0
3a6c166d-37fa-5cda-adad-777eb4567f37,2026-09-13T02:44:00,2.23,3.45,1040,834,0.87,76.09,33.93,0.0
f1a6081a-48e3-56db-936e-f49af9832cb1,2026-09-13T02:44:00,2.5,3.24,1537,830,2.12,58.0,43.58,0.0
18b90679-ba14-5785-bca6-c3cc1e3ad587,2026-09-13T02:44:00,2.46,2.5,1282,815,3.03,58.0,42.11,0.0
77059140-e829-5d12-90bd-2d2ebd9c436c,2026-09-13T02:44:00,2.53,3.46,1337,678,1.92,58.0,38.97,0.0
3a6c166d-37fa-5cda-adad-777eb4567f37,2026-09-13T02:46:00,2.64,2.98,1230,787,0,75.72,38.87,0.0
f1a6081a-48e3-56db-936e-f49af9832cb1,2026-09-13T02:46:00,2.54,3.15,1370,723,3.22,58.0,36.79,0.0
18b90679-ba14-5785-bca6-c3cc1e3ad587,2026-09-13T02:46:00,1.83,4.09,1307,877,0,58.0,40.46,0.0
77059140-e829-5d12-90bd-2d2ebd9c436c,2026-09-13T02:46:00,1.89,3.85,1206,759,3.84,58.0,39.77,0.0
3a6c166d-37fa-5cda-adad-777eb4567f37,2026-09-13T02:48:00,1.89,2.9,1321,942,0.47,75.63,37.73,0.0
f1a6081a-48e3-56db-936e-f49af9832cb1,2026-09-13T02:48:00,1.55,3.79,1171,695,1.1,58.0,37.1,0.0
18b90679-ba14-5785-bca6-c3cc1e3ad587,2026-09-13T02:48:00,1.74,3.69,1364,755,1.64,58.0,43.21,0.0
77059140-e829-5d12-90bd-2d2ebd9c436c,2026-09-13T02:48:00,2.12,3.36,1346,900,1.76,58.0,38.02,0.0
3a6c166d-37fa-5cda-adad-777eb4567f37,2026-09-13T02:50:00,1.91,2.75,1399,889,0.7,75.69,41.77,0.0
f1a6081a-48e3-56db-936e-f49af9832cb1,2026-09-13T02:50:00,2.27,4.42,1282,698,2.37,58.0,37.49,0.0
18b90679-ba14-5785-bca6-c3cc1e3ad587,2026-09-13T02:50:00,2.83,4.18,1152,846,2.13,58.0,37.13,0.0
77059140-e829-5d12-90bd-2d2ebd9c436c,2026-09-13T02:50:00,3.02,3.28,1408,833,0,58.0,38.48,0.0
3a6c166d-37fa-5cda-adad-777eb4567f37,2026-09-13T02:52:00,2.73,3.28,1150,756,3.84,75.21,38.06,0.0
f1a6081a-48e3-56db-936e-f49af9832cb1,2026-09-13T02:52:00,1.84,3.37,988,805,0,58.0,36.25,0.0
18b90679-ba14-5785-bca6-c3cc1e3ad587,2026-09-13T02:52:00,1.89,4.23,1466,659,1.03,58.0,40.78,0.0
77059140-e829-5d12-90bd-2d2ebd9c436c,2026-09-13T02:52:00,2.5,3.01,1246,706,0,58.0,38.37,0.0
3a6c166d-37fa-5cda-adad-777eb4567f37,2026-09-13T02:54:00,2.45,2.51,1381,856,0,76.0,42.05,0.0
f1a6081a-48e3-56db-936e-f49af9832cb1,2026-09-13T02:54:00,2.54,3.75,1325,713,3.57,58.0,40.56,0.0
18b90679-ba14-5785-bca6-c3cc1e3ad587,2026-09-13T02:54:00,2.2,3.8,1257,822,0,58.0,38.79,0.0
77059140-e829-5d12-90bd-2d2ebd9c436c,2026-09-13T02:54:00,2.59,2.65,1360,943,0,58.0,39.16,0.0
3a6c166d-37fa-5cda-adad-777eb4567f37,2026-09-13T02:56:00,2.04,3.4,1450,918,0.04,75.49,42.62,0.0
f1a6081a-48e3-56db-936e-f49af9832cb1,2026-09-13T02:56:00,1.9,4.15,1320,873,1.47,58.0,43.15,0.0
18b90679-ba14-5785-bca6-c3cc1e3ad587,2026-09-13T02:56:00,2.18,3.71,1271,836,0.57,58.0,41.68,0.0
77059140-e829-5d12-90bd-2d2ebd9c436c,2026-09-13T02:56:00,2.32,2.61,1333,743,1.93,58.0,37.45,0.0
3a6c166d-37fa-5cda-adad-777eb4567f37,2026-09-13T02:58:00,2.0,3.22,1211,810,4.48,75.23,41.05,0.0
f1a6081a-48e3-56db-936e-f49af9832cb1,2026-09-13T02:58:00,2.27,4.09,1416,853,0,58.0,41.65,0.0
18b90679-ba14-5785-bca6-c3cc1e3ad587,2026-09-13T02:58:00,2.35,4.1,1134,861,0,58.0,41.51,0.0
77059140-e829-5d12-90bd-2d2ebd9c436c,2026-09-13T02:58:00,2.71,3.79,1069,693,4.49,58.0,45.26,0.0
3a6c166d-37fa-5cda-adad-777eb4567f37,2026-09-13T03:00:00,2.57,4.0,1125,862,0.49,75.98,40.55,0.0
f1a6081a-48e3-56db-936e-f49af9832cb1,2026-09-13T03:00:00,2.15,3.7,1207,811,2.19,58.0,38.54,0.0
18b90679-ba14-5785-bca6-c3cc1e3ad587,2026-09-13T03:00:00,2.44,3.64,1368,713,4.68,58.0,42.51,0.0
77059140-e829-5d12-90bd-2d2ebd9c436c,2026-09-13T03:00:00,2.42,3.15,1305,933,0,58.0,45.43,0.0
3a6c166d-37fa-5cda-adad-777eb4567f37,2026-09-13T03:02:00,2.5,2.86,1200,896,1.03,75.88,41.44,0.0
f1a6081a-48e3-56db-936e-f49af9832cb1,2026-09-13T03:02:00,2.79,3.99,1416,713,0.9,58.0,38.46,0.0
18b90679-ba14-5785-bca6-c3cc1e3ad587,2026-09-13T03:02:00,2.25,3.41,1262,707,0.92,58.0,39.26,0.0
77059140-e829-5d12-90bd-2d2ebd9c436c,2026-09-13T03:02:00,2.32,3.57,1466,1000,3.47,58.0,40.95,0.0
3a6c166d-37fa-5cda-adad-777eb4567f37,2026-09-13T03:04:00,2.86,3.27,1346,822,1.75,76.1,39.56,0.0
f1a6081a-48e3-56db-936e-f49af9832cb1,2026-09-13T03:04:00,2.58,3.51,1286,814,0.79,58.0,39.42,0.0
18b90679-ba14-5785-bca6-c3cc1e3ad587,2026-09-13T03:04:00,2.64,3.56,1324,755,0.59,58.0,42.99,0.0
77059140-e829-5d12-90bd-2d2ebd9c436c,2026-09-13T03:04:00,2.74,4.01,1310,779,0,58.0,42.55,0.0
3a6c166d-37fa-5cda-adad-777eb4567f37,2026-09-13T03:06:00,1.51,3.67,1410,769,1.65,75.48,35.78,0.0
f1a6081a-48e3-56db-936e-f49af9832cb1,2026-09-13T03:06:00,1.73,3.51,1315,846,0,58.0,42.82,0.0
18b90679-ba14-5785-bca6-c3cc1e3ad587,2026-09-13T03:06:00,2.64,4.04,1267,890,1.91,58.0,41.85,0.0
77059140-e829-5d12-90bd-2d2ebd9c436c,2026-09-13T03:06:00,2.16,3.67,1421,765,0,58.0,40.83,0.0
3a6c166d-37fa-5cda-adad-777eb4567f37,2026-09-13T03:08:00,2.82,3.49,1359,709,3.67,75.77,38.46,0.0
f1a6081a-48e3-56db-936e-f49af9832cb1,2026-09-13T03:08:00,2.2,3.47,1374,975,0,58.0,39.75,0.0
18b90679-ba14-5785-bca6-c3cc1e3ad587,2026-09-13T03:08:00,2.27,4.06,1223,912,2.16,58.0,44.64,0.0
77059140-e829-5d12-90bd-2d2ebd9c436c,2026-09-13T03:08:00,2.96,3.15,1153,689,0,58.0,37.61,0.0
3a6c166d-37fa-5cda-adad-777eb4567f37,2026-09-13T03:10:00,2.22,3.37,1175,719,0.29,76.14,34.92,0.0
f1a6081a-48e3-56db-936e-f49af9832cb1,2026-09-13T03:10:00,1.8,4.01,1287,909,1.67,58.0,39.91,0.0
18b90679-ba14-5785-bca6-c3cc1e3ad587,2026-09-13T03:10:00,2.48,3.55,1432,749,4.02,58.0,40.95,0.0
77059140-e829-5d12-90bd-2d2ebd9c436c,2026-09-13T03:10:00,3.05,3.3,1347,947,1.92,58.0,42.31,0.0
3a6c166d-37fa-5cda-adad-777eb4567f37,2026-09-13T03:12:00,1.5,3.8,1245,802,1.64,76.56,40.38,0.0
f1a6081a-48e3-56db-936e-f49af9832cb1,2026-09-13T03:12:00,2.1,3.68,1291,993,1.47,58.0,40.78,0.0
18b90679-ba14-5785-bca6-c3cc1e3ad587,2026-09-13T03:12:00,2.04,4.5,1384,869,0.49,58.0,41.75,0.0
77059140-e829-5d12-90bd-2d2ebd9c436c,2026-09-13T03:12:00,2.06,3.43,1270,753,0.58,58.0,43.17,0.0
3a6c166d-37fa-5cda-adad-777eb4567f37,2026-09-13T03:14:00,2.6,3.01,1564,841,2.95,76.17,40.63,0.0
f1a6081a-48e3-56db-936e-f49af9832cb1,2026-09-13T03:14:00,2.34,3.14,1529,867,0,58.0,42.92,0.0
18b90679-ba14-5785-bca6-c3cc1e3ad587,2026-09-13T03:14:00,3.06,3.61,1655,862,2.21,58.0,42.74,0.0
77059140-e829-5d12-90bd-2d2ebd9c436c,2026-09-13T03:14:00,3.06,3.59,1388,921,1.21,58.0,43.13,0.0
3a6c166d-37fa-5cda-adad-777eb4567f37,2026-09-13T03:16:00,2.06,3.09,1268,918,1.86,75.93,39.73,0.0
f1a6081a-48e3-56db-936e-f49af9832cb1,2026-09-13T03:16:00,2.24,3.28,1345,838,0.93,58.0,40.13,0.0
18b90679-ba14-5785-bca6-c3cc1e3ad587,2026-09-13T03:16:00,2.12,3.33,1429,865,1.27,58.0,39.18,0.0
77059140-e829-5d12-90bd-2d2ebd9c436c,2026-09-13T03:16:00,2.42,4.41,1181,1071,0.69,58.0,37.55,0.0
3a6c166d-37fa-5cda-adad-777eb4567f37,2026-09-13T03:18:00,2.12,3.75,1374,822,1.85,76.45,39.38,0.0
f1a6081a-48e3-56db-936e-f49af9832cb1,2026-09-13T03:18:00,2.96,3.6,1345,771,1.41,58.0,40.01,0.0
18b90679-ba14-5785-bca6-c3cc1e3ad587,2026-09-13T03:18:00,2.4,3.65,1295,860,0.62,58.0,41.5,0.0
77059140-e829-5d12-90bd-2d2ebd9c436c,2026-09-13T03:18:00,2.45,3.71,1257,836,1.31,58.0,41.61,0.0
3a6c166d-37fa-5cda-adad-777eb4567f37,2026-09-13T03:20:00,2.6,3.01,1311,908,0,75.68,39.62,0.0
f1a6081a-48e3-56db-936e-f49af9832cb1,2026-09-13T03:20:00,2.58,3.55,1358,620,0.92,58.0,40.03,0.0
18b90679-ba14-5785-bca6-c3cc1e3ad587,2026-09-13T03:20:00,2.51,2.98,1411,785,2.35,58.0,41.56,0.0
77059140-e829-5d12-90bd-2d2ebd9c436c,2026-09-13T03:20:00,2.74,4.51,1177,871,0.06,58.0,37.5,0.0
3a6c166d-37fa-5cda-adad-777eb4567f37,2026-09-13T03:22:00,2.39,3.52,1350,841,3.27,76.24,44.94,0.0
f1a6081a-48e3-56db-936e-f49af9832cb1,2026-09-13T03:22:00,2.07,3.58,1381,877,2.24,58.0,42.08,0.0
18b90679-ba14-5785-bca6-c3cc1e3ad587,2026-09-13T03:22:00,2.17,2.91,1635,846,0.55,58.0,40.69,0.0
77059140-e829-5d12-90bd-2d2ebd9c436c,2026-09-13T03:22:00,2.85,2.95,1365,818,2.61,58.0,37.61,0.0
3a6c166d-37fa-5cda-adad-777eb4567f37,2026-09-13T03:24:00,2.59,3.99,1322,789,2.57,75.81,40.82,0.0
f1a6081a-48e3-56db-936e-f49af9832cb1,2026-09-13T03:24:00,2.18,3.61,1316,896,2.59,58.0,41.93,0.0
18b90679-ba14-5785-bca6-c3cc1e3ad587,2026-09-13T03:24:00,1.89,3.73,1172,660,0.64,58.0,43.56,0.0
77059140-e829-5d12-90bd-2d2ebd9c436c,2026-09-13T03:24:00,2.76,3.13,1519,885,1.56,58.0,38.35,0.0
3a6c166d-37fa-5cda-adad-777eb4567f37,2026-09-13T03:26:00,2.75,3.45,1219,929,1.25,75.94,40.3,0.0
f1a6081a-48e3-56db-936e-f49af9832cb1,2026-09-13T03:26:00,2.42,4.56,1229,814,3.17,58.0,37.7,0.0
18b90679-ba14-5785-bca6-c3cc1e3ad587,2026-09-13T03:26:00,2.55,4.13,1316,948,3.15,58.0,42.1,0.0
77059140-e829-5d12-90bd-2d2ebd9c436c,2026-09-13T03:26:00,2.4,3.17,1483,860,4.06,58.0,40.59,0.0
3a6c166d-37fa-5cda-adad-777eb4567f37,2026-09-13T03:28:00,2.33,3.77,1310,908,5.47,76.25,41.53,0.0
f1a6081a-48e3-56db-936e-f49af9832cb1,2026-09-13T03:28:00,1.78,4.09,1343,899,1.5,58.0,34.36,0.0
18b90679-ba14-5785-bca6-c3cc1e3ad587,2026-09-13T03:28:00,2.08,3.33,1332,916,0.52,58.0,40.05,0.0
77059140-e829-5d12-90bd-2d2ebd9c436c,2026-09-13T03:28:00,2.55,3.22,1436,1144,2.46,58.0,39.81,0.0
3a6c166d-37fa-5cda-adad-777eb4567f37,2026-09-13T03:30:00,2.42,2.45,1547,852,0,76.25,39.47,0.0
f1a6081a-48e3-56db-936e-f49af9832cb1,2026-09-13T03:30:00,2.03,3.64,1583,894,4.19,58.0,39.26,0.0
18b90679-ba14-5785-bca6-c3cc1e3ad587,2026-09-13T03:30:00,2.23,2.91,1365,936,1.9,58.0,38.57,0.0
77059140-e829-5d12-90bd-2d2ebd9c436c,2026-09-13T03:30:00,3.13,3.43,1518,821,0,58.0,43.46,0.0
3a6c166d-37fa-5cda-adad-777eb4567f37,2026-09-13T03:32:00,1.71,4.42,1276,1038,0.5,76.19,41.98,0.0
f1a6081a-48e3-56db-936e-f49af9832cb1,2026-09-13T03:32:00,2.42,2.79,1274,1023,4.37,58.0,38.56,0.0
18b90679-ba14-5785-bca6-c3cc1e3ad587,2026-09-13T03:32:00,2.33,3.19,1439,767,3.71,58.0,43.46,0.0
77059140-e829-5d12-90bd-2d2ebd9c436c,2026-09-13T03:32:00,2.14,3.57,1346,1046,4.08,58.0,45.69,0.0
3a6c166d-37fa-5cda-adad-777eb4567f37,2026-09-13T03:34:00,2.83,3.96,1348,748,1.44,75.79,34.59,0.0
f1a6081a-48e3-56db-936e-f49af9832cb1,2026-09-13T03:34:00,3.16,3.13,1474,952,5.03,58.0,39.13,0.0
18b90679-ba14-5785-bca6-c3cc1e3ad587,2026-09-13T03:34:00,2.46,3.03,1624,779,0.82,58.0,38.61,0.0
77059140-e829-5d12-90bd-2d2ebd9c436c,2026-09-13T03:34:00,2.54,3.96,1292,921,0.7,58.0,37.24,0.0
3a6c166d-37fa-5cda-adad-777eb4567f37,2026-09-13T03:36:00,3.25,3.99,1419,949,3.07,76.43,44.54,0.0
f1a6081a-48e3-56db-936e-f49af9832cb1,2026-09-13T03:36:00,2.23,2.7,1326,934,4.02,58.0,39.92,0.0
18b90679-ba14-5785-bca6-c3cc1e3ad587,2026-09-13T03:36:00,2.77,3.18,1411,802,5.04,58.0,37.35,0.0
77059140-e829-5d12-90bd-2d2ebd9c436c,2026-09-13T03:36:00,2.31,3.02,1506,796,1.58,58.0,45.33,0.0
3a6c166d-37fa-5cda-adad-777eb4567f37,2026-09-13T03:38:00,1.94,3.96,1544,943,6.48,75.68,37.96,0.0
f1a6081a-48e3-56db-936e-f49af9832cb1,2026-09-13T03:38:00,2.19,3.98,1312,993,3.12,58.0,40.56,0.0
18b90679-ba14-5785-bca6-c3cc1e3ad587,2026-09-13T03:38:00,2.58,3.76,1301,870,1.84,58.0,43.4,0.0
77059140-e829-5d12-90bd-2d2ebd9c436c,2026-09-13T03:38:00,2.47,4.24,1348,904,1.08,58.0,36.05,0.0
3a6c166d-37fa-5cda-adad-777eb4567f37,2026-09-13T03:40:00,2.32,3.61,1475,936,0.08,76.25,42.86,0.0
f1a6081a-48e3-56db-936e-f49af9832cb1,2026-09-13T03:40:00,2.02,3.82,1380,796,1.76,58.0,36.69,0.0
18b90679-ba14-5785-bca6-c3cc1e3ad587,2026-09-13T03:40:00,2.28,3.39,1425,921,5.8,58.0,42.02,0.0
77059140-e829-5d12-90bd-2d2ebd9c436c,2026-09-13T03:40:00,3.37,3.61,1514,820,1.36,58.0,47.13,0.0
3a6c166d-37fa-5cda-adad-777eb4567f37,2026-09-13T03:42:00,2.0,4.5,1491,1021,2.1,75.95,39.05,0.0
f1a6081a-48e3-56db-936e-f49af9832cb1,2026-09-13T03:42:00,2.13,3.24,1338,999,0.12,58.0,39.87,0.0
18b90679-ba14-5785-bca6-c3cc1e3ad587,2026-09-13T03:42:00,3.06,3.02,1397,992,0,58.0,41.33,0.0
77059140-e829-5d12-90bd-2d2ebd9c436c,2026-09-13T03:42:00,2.61,3.7,1324,905,1.3,58.0,44.27,0.0
3a6c166d-37fa-5cda-adad-777eb4567f37,2026-09-13T03:44:00,2.26,3.92,1656,942,2.2,76.26,45.85,0.0
f1a6081a-48e3-56db-936e-f49af9832cb1,2026-09-13T03:44:00,1.93,3.33,1475,972,0,58.0,45.24,0.0
18b90679-ba14-5785-bca6-c3cc1e3ad587,2026-09-13T03:44:00,2.69,3.65,1658,799,4.56,58.0,41.25,0.0
77059140-e829-5d12-90bd-2d2ebd9c436c,2026-09-13T03:44:00,2.38,2.89,1475,927,1.0,58.0,41.21,0.0
3a6c166d-37fa-5cda-adad-777eb4567f37,2026-09-13T03:46:00,2.65,4.66,1526,722,0,76.5,43.02,0.0
f1a6081a-48e3-56db-936e-f49af9832cb1,2026-09-13T03:46:00,2.4,3.5,1417,958,3.29,58.0,39.82,0.0
18b90679-ba14-5785-bca6-c3cc1e3ad587,2026-09-13T03:46:00,2.67,3.23,1525,1097,3.94,58.0,44.08,0.0
77059140-e829-5d12-90bd-2d2ebd9c436c,2026-09-13T03:46:00,2.34,3.28,1724,789,0.15,58.0,40.45,0.0
3a6c166d-37fa-5cda-adad-777eb4567f37,2026-09-13T03:48:00,2.42,3.91,1483,1053,0.91,76.29,45.29,0.0
f1a6081a-48e3-56db-936e-f49af9832cb1,2026-09-13T03:48:00,2.98,3.68,1474,888,1.01,58.0,40.24,0.0
18b90679-ba14-5785-bca6-c3cc1e3ad587,2026-09-13T03:48:00,2.45,3.41,1437,863,0.22,58.0,45.32,0.0
77059140-e829-5d12-90bd-2d2ebd9c436c,2026-09-13T03:48:00,2.31,4.01,1642,1021,2.01,58.0,45.26,0.0
3a6c166d-37fa-5cda-adad-777eb4567f37,2026-09-13T03:50:00,2.55,4.03,1486,892,6.98,76.45,42.16,0.0
f1a6081a-48e3-56db-936e-f49af9832cb1,2026-09-13T03:50:00,2.84,3.16,1564,916,3.85,58.0,42.87,0.0
18b90679-ba14-5785-bca6-c3cc1e3ad587,2026-09-13T03:50:00,1.76,3.1,1463,984,0,58.0,41.68,0.0
77059140-e829-5d12-90bd-2d2ebd9c436c,2026-09-13T03:50:00,2.38,3.64,1430,881,1.51,58.0,43.08,0.0
3a6c166d-37fa-5cda-adad-777eb4567f37,2026-09-13T03:52:00,2.72,4.12,1614,856,1.17,76.55,39.18,0.0
f1a6081a-48e3-56db-936e-f49af9832cb1,2026-09-13T03:52:00,3.13,2.96,1340,725,4.89,58.0,40.04,0.0
18b90679-ba14-5785-bca6-c3cc1e3ad587,2026-09-13T03:52:00,2.31,3.06,1606,1032,0.61,58.0,39.03,0.0
77059140-e829-5d12-90bd-2d2ebd9c436c,2026-09-13T03:52:00,1.96,3.24,1406,891,3.7,58.0,41.13,0.0
3a6c166d-37fa-5cda-adad-777eb4567f37,2026-09-13T03:54:00,2.36,3.57,1632,898,0,76.32,43.37,0.0
f1a6081a-48e3-56db-936e-f49af9832cb1,2026-09-13T03:54:00,2.95,3.42,1295,936,2.06,58.0,37.22,0.0
18b90679-ba14-5785-bca6-c3cc1e3ad587,2026-09-13T03:54:00,2.53,3.14,1550,1067,2.27,58.0,39.59,0.0
77059140-e829-5d12-90bd-2d2ebd9c436c,2026-09-13T03:54:00,2.86,3.91,1437,970,4.62,58.0,40.54,0.0
3a6c166d-37fa-5cda-adad-777eb4567f37,2026-09-13T03:56:00,2.61,4.12,1413,1024,1.04,76.87,38.47,0.0
f1a6081a-48e3-56db-936e-f49af9832cb1,2026-09-13T03:56:00,2.85,3.72,1542,869,2.74,58.0,38.48,0.0
18b90679-ba14-5785-bca6-c3cc1e3ad587,2026-09-13T03:56:00,1.86,3.89,1502,836,2.03,58.0,44.25,0.0
77059140-e829-5d12-90bd-2d2ebd9c436c,2026-09-13T03:56:00,2.47,4.43,1238,959,0.45,58.0,42.1,0.0
3a6c166d-37fa-5cda-adad-777eb4567f37,2026-09-13T03:58:00,2.15,3.68,1333,993,0.54,76.49,43.04,0.0
f1a6081a-48e3-56db-936e-f49af9832cb1,2026-09-13T03:58:00,2.1,3.25,1499,987,2.41,58.0,41.51,0.0
18b90679-ba14-5785-bca6-c3cc1e3ad587,2026-09-13T03:58:00,1.97,3.28,1432,1060,1.52,58.0,34.99,0.0
77059140-e829-5d12-90bd-2d2ebd9c436c,2026-09-13T03:58:00,2.6,4.36,1728,866,3.82,58.0,40.88,0.0
3a6c166d-37fa-5cda-adad-777eb4567f37,2026-09-13T04:00:00,2.16,3.53,1499,1174,4.37,76.58,45.58,0.0
f1a6081a-48e3-56db-936e-f49af9832cb1,2026-09-13T04:00:00,2.68,4.13,1669,945,1.95,58.0,41.56,0.0
18b90679-ba14-5785-bca6-c3cc1e3ad587,2026-09-13T04:00:00,2.96,3.81,1462,971,3.08,58.0,42.03,0.0
77059140-e829-5d12-90bd-2d2ebd9c436c,2026-09-13T04:00:00,3.06,3.38,1450,865,3.43,58.0,38.94,0.0
3a6c166d-37fa-5cda-adad-777eb4567f37,2026-09-13T04:02:00,2.69,3.3,1382,1127,2.9,76.53,43.87,0.0
f1a6081a-48e3-56db-936e-f49af9832cb1,2026-09-13T04:02:00,2.87,3.72,1595,1039,2.44,58.0,40.74,0.0
18b90679-ba14-5785-bca6-c3cc1e3ad587,2026-09-13T04:02:00,3.18,3.53,1593,936,0.16,58.0,41.86,0.0
77059140-e829-5d12-90bd-2d2ebd9c436c,2026-09-13T04:02:00,3.09,3.78,1424,912,4.07,58.0,35.85,0.0
3a6c166d-37fa-5cda-adad-777eb4567f37,2026-09-13T04:04:00,2.83,3.8,1329,1021,2.23,76.88,46.54,0.0
f1a6081a-48e3-56db-936e-f49af9832cb1,2026-09-13T04:04:00,2.26,3.86,1467,904,1.48,58.0,41.18,0.0
18b90679-ba14-5785-bca6-c3cc1e3ad587,2026-09-13T04:04:00,2.02,3.3,1464,1120,2.58,58.0,44.22,0.0
77059140-e829-5d12-90bd-2d2ebd9c436c,2026-09-13T04:04:00,2.43,3.04,1593,902,4.36,58.0,42.14,0.0
3a6c166d-37fa-5cda-adad-777eb4567f37,2026-09-13T04:06:00,2.08,3.43,1549,910,1.98,76.93,43.01,0.0
f1a6081a-48e3-56db-936e-f49af9832cb1,2026-09-13T04:06:00,2.51,4.27,1289,993,1.48,58.0,42.1,0.0
18b90679-ba14-5785-bca6-c3cc1e3ad587,2026-09-13T04:06:00,2.42,3.25,1617,1066,2.4,58.0,46.27,0.0
77059140-e829-5d12-90bd-2d2ebd9c436c,2026-09-13T04:06:00,3.2,4.73,1562,1107,2.72,58.0,45.15,0.0
3a6c166d-37fa-5cda-adad-777eb4567f37,2026-09-13T04:08:00,2.63,4.26,1337,1004,2.26,76.95,43.21,0.0
f1a6081a-48e3-56db-936e-f49af9832cb1,2026-09-13T04:08:00,2.42,4.38,1514,954,1.68,58.0,46.06,0.0
18b90679-ba14-5785-bca6-c3cc1e3ad587,2026-09-13T04:08:00,3.42,3.44,1537,976,0.14,58.0,41.69,0.0
77059140-e829-5d12-90bd-2d2ebd9c436c,2026-09-13T04:08:00,3.33,4.18,1593,1196,0,58.0,43.34,0.0
3a6c166d-37fa-5cda-adad-777eb4567f37,2026-09-13T04:10:00,2.68,3.35,1528,990,1.57,77.3,45.06,0.0
f1a6081a-48e3-56db-936e-f49af9832cb1,2026-09-13T04:10:00,3.04,4.08,1387,1134,3.06,58.0,41.67,0.0
18b90679-ba14-5785-bca6-c3cc1e3ad587,2026-09-13T04:10:00,1.71,4.28,1507,961,2.19,58.0,40.4,0.0
77059140-e829-5d12-90bd-2d2ebd9c436c,2026-09-13T04:10:00,2.83,3.87,1616,924,0,58.0,42.86,0.0
3a6c166d-37fa-5cda-adad-777eb4567f37,2026-09-13T04:12:00,2.27,4.25,1652,902,1.77,77.04,40.81,0.0
f1a6081a-48e3-56db-936e-f49af9832cb1,2026-09-13T04:12:00,2.75,4.24,1804,954,0.58,58.0,41.99,0.0
18b90679-ba14-5785-bca6-c3cc1e3ad587,2026-09-13T04:12:00,2.61,4.03,1720,928,2.6,58.0,42.09,0.0
77059140-e829-5d12-90bd-2d2ebd9c436c,2026-09-13T04:12:00,2.63,3.99,1413,798,3.66,58.0,44.78,0.0
3a6c166d-37fa-5cda-adad-777eb4567f37,2026-09-13T04:14:00,2.67,3.96,1659,1088,2.32,76.41,41.96,0.0
f1a6081a-48e3-56db-936e-f49af9832cb1,2026-09-13T04:14:00,3.1,4.49,1618,1108,2.3,58.0,41.19,0.0
18b90679-ba14-5785-bca6-c3cc1e3ad587,2026-09-13T04:14:00,1.75,3.38,1661,979,3.22,58.0,40.93,0.0
77059140-e829-5d12-90bd-2d2ebd9c436c,2026-09-13T04:14:00,2.72,3.14,1473,994,1.77,58.0,41.71,0.0
3a6c166d-37fa-5cda-adad-777eb4567f37,2026-09-13T04:16:00,2.12,3.39,1581,1058,1.69,76.93,42.46,0.0
f1a6081a-48e3-56db-936e-f49af9832cb1,2026-09-13T04:16:00,2.57,3.75,1432,1075,2.93,58.0,42.94,0.0
18b90679-ba14-5785-bca6-c3cc1e3ad587,2026-09-13T04:16:00,2.8,3.81,1638,925,4.43,58.0,45.3,0.0
77059140-e829-5d12-90bd-2d2ebd9c436c,2026-09-13T04:16:00,2.69,3.43,1433,954,2.42,58.0,41.29,0.0
3a6c166d-37fa-5cda-adad-777eb4567f37,2026-09-13T04:18:00,2.27,4.18,1639,989,1.5,77.06,42.17,0.0
f1a6081a-48e3-56db-936e-f49af9832cb1,2026-09-13T04:18:00,2.52,3.92,1647,1106,2.63,58.0,43.33,0.0
18b90679-ba14-5785-bca6-c3cc1e3ad587,2026-09-13T04:18:00,2.54,3.63,1690,954,4.5,58.0,39.8,0.0
77059140-e829-5d12-90bd-2d2ebd9c436c,2026-09-13T04:18:00,2.15,4.81,1541,880,4.44,58.0,39.92,0.0
3a6c166d-37fa-5cda-adad-777eb4567f37,2026-09-13T04:20:00,2.41,4.47,1593,949,4.87,76.57,40.76,0.0
f1a6081a-48e3-56db-936e-f49af9832cb1,2026-09-13T04:20:00,2.72,3.43,1672,1134,5.59,58.0,38.69,0.0
18b90679-ba14-5785-bca6-c3cc1e3ad587,2026-09-13T04:20:00,2.55,3.59,1697,1171,1.66,58.0,44.37,0.0
77059140-e829-5d12-90bd-2d2ebd9c436c,2026-09-13T04:20:00,3.52,4.45,1431,1040,5.2,58.0,39.95,0.0
3a6c166d-37fa-5cda-adad-777eb4567f37,2026-09-13T04:22:00,2.59,4.04,1573,946,3.66,77.2,45.12,0.0
f1a6081a-48e3-56db-936e-f49af9832cb1,2026-09-13T04:22:00,2.58,3.56,1624,993,4.04,58.0,45.41,0.0
18b90679-ba14-5785-bca6-c3cc1e3ad587,2026-09-13T04:22:00,2.62,3.78,1513,1047,3.87,58.0,43.24,0.0
77059140-e829-5d12-90bd-2d2ebd9c436c,2026-09-13T04:22:00,2.6,4.47,1520,1117,3.68,58.0,43.05,0.0
3a6c166d-37fa-5cda-adad-777eb4567f37,2026-09-13T04:24:00,2.46,3.31,1796,1158,1.17,77.03,41.5,0.0
f1a6081a-48e3-56db-936e-f49af9832cb1,2026-09-13T04:24:00,2.67,3.53,1650,863,3.21,58.0,41.86,0.0
18b90679-ba14-5785-bca6-c3cc1e3ad587,2026-09-13T04:24:00,3.25,2.65,1852,871,2.43,58.0,39.69,0.0
77059140-e829-5d12-90bd-2d2ebd9c436c,2026-09-13T04:24:00,2.97,2.91,1589,945,1.56,58.0,45.29,0.0
3a6c166d-37fa-5cda-adad-777eb4567f37,2026-09-13T04:26:00,2.18,4.07,1570,1143,4.6,77.31,41.72,0.0
f1a6081a-48e3-56db-936e-f49af9832cb1,2026-09-13T04:26:00,2.57,3.97,1611,971,1.81,58.0,41.54,0.0
18b90679-ba14-5785-bca6-c3cc1e3ad587,2026-09-13T04:26:00,2.73,3.97,1685,1288,3.58,58.0,39.07,0.0
77059140-e829-5d12-90bd-2d2ebd9c436c,2026-09-13T04:26:00,2.66,3.46,1524,904,4.11,58.0,41.23,0.0
3a6c166d-37fa-5cda-adad-777eb4567f37,2026-09-13T04:28:00,2.27,4.81,1905,968,3.21,76.54,39.23,0.0
f1a6081a-48e3-56db-936e-f49af9832cb1,2026-09-13T04:28:00,2.64,4.52,1539,1002,2.88,58.0,39.18,0.0
18b90679-ba14-5785-bca6-c3cc1e3ad587,2026-09-13T04:28:00,3.02,3.2,1680,911,1.25,58.0,45.3,0.0
77059140-e829-5d12-90bd-2d2ebd9c436c,2026-09-13T04:28:00,2.24,3.3,1533,1075,2.56,58.0,43.49,0.0
3a6c166d-37fa-5cda-adad-777eb4567f37,2026-09-13T04:30:00,2.71,3.73,1630,1009,1.46,77.46,43.25,0.0
f1a6081a-48e3-56db-936e-f49af9832cb1,2026-09-13T04:30:00,2.52,3.92,1719,1167,1.35,58.0,42.83,0.0
18b90679-ba14-5785-bca6-c3cc1e3ad587,2026-09-13T04:30:00,2.49,4.04,1837,1050,4.69,58.0,41.67,0.0
77059140-e829-5d12-90bd-2d2ebd9c436c,2026-09-13T04:30:00,2.94,3.65,1737,1032,3.06,58.0,45.07,0.0
3a6c166d-37fa-5cda-adad-777eb4567f37,2026-09-13T04:32:00,2.42,3.88,1755,1135,5.11,76.7,42.82,0.0
f1a6081a-48e3-56db-936e-f49af9832cb1,2026-09-13T04:32:00,2.81,2.96,1620,982,2.95,58.0,38.85,0.0
18b90679-ba14-5785-bca6-c3cc1e3ad587,2026-09-13T04:32:00,2.1,3.13,1629,1056,1.47,58.0,44.64,0.0
77059140-e829-5d12-90bd-2d2ebd9c436c,2026-09-13T04:32:00,2.44,3.89,1765,959,0.97,58.0,42.48,0.0
3a6c166d-37fa-5cda-adad-777eb4567f37,2026-09-13T04:34:00,3.01,3.33,1518,1062,7.7,76.99,48.17,0.0
f1a6081a-48e3-56db-936e-f49af9832cb1,2026-09-13T04:34:00,2.6,3.79,1743,934,2.75,58.0,46.22,0.0
18b90679-ba14-5785-bca6-c3cc1e3ad587,2026-09-13T04:34:00,3.13,4.18,1582,982,1.24,58.0,45.22,0.0
77059140-e829-5d12-90bd-2d2ebd9c436c,2026-09-13T04:34:00,2.47,3.44,1693,1065,3.8,58.0,39.13,0.0
3a6c166d-37fa-5cda-adad-777eb4567f37,2026-09-13T04:36:00,2.94,3.87,1517,1106,3.54,77.04,39.01,0.0
f1a6081a-48e3-56db-936e-f49af9832cb1,2026-09-13T04:36:00,2.36,4.38,1683,1198,0.03,58.0,41.15,0.0
18b90679-ba14-5785-bca6-c3cc1e3ad587,2026-09-13T04:36:00,1.89,4.49,1755,1206,1.9,58.0,42.34,0.0
77059140-e829-5d12-90bd-2d2ebd9c436c,2026-09-13T04:36:00,2.48,4.53,1781,1117,0,58.0,41.71,0.0
3a6c166d-37fa-5cda-adad-777eb4567f37,2026-09-13T04:38:00,2.83,4.08,1870,1119,2.04,76.86,39.71,0.0
f1a6081a-48e3-56db-936e-f49af9832cb1,2026-09-13T04:38:00,2.39,4.21,1829,919,1.12,58.0,43.29,0.0
18b90679-ba14-5785-bca6-c3cc1e3ad587,2026-09-13T04:38:00,2.98,4.26,1709,1025,3.68,58.0,44.97,0.0
77059140-e829-5d12-90bd-2d2ebd9c436c,2026-09-13T04:38:00,2.95,3.24,1779,973,3.03,58.0,45.72,0.0
3a6c166d-37fa-5cda-adad-777eb4567f37,2026-09-13T04:40:00,2.9,3.96,1522,1107,2.79,77.26,40.46,0.0
f1a6081a-48e3-56db-936e-f49af9832cb1,2026-09-13T04:40:00,3.19,4.23,1594,1110,3.01,58.0,44.44,0.0
18b90679-ba14-5785-bca6-c3cc1e3ad587,2026-09-13T04:40:00,3.43,3.44,1572,1089,0.81,58.0,45.75,0.0
77059140-e829-5d12-90bd-2d2ebd9c436c,2026-09-13T04:40:00,2.37,3.7,1646,1035,6.04,58.0,41.84,0.0
3a6c166d-37fa-5cda-adad-777eb4567f37,2026-09-13T04:42:00,2.36,4.47,1539,1089,5.53,76.92,42.54,0.0
f1a6081a-48e3-56db-936e-f49af9832cb1,2026-09-13T04:42:00,2.47,3.71,1788,1253,5.94,58.0,46.94,0.0
18b90679-ba14-5785-bca6-c3cc1e3ad587,2026-09-13T04:42:00,2.47,4.37,1721,1004,3.12,58.0,43.66,0.0
77059140-e829-5d12-90bd-2d2ebd9c436c,2026-09-13T04:42:00,2.28,4.66,1909,1016,1.18,58.0,38.14,0.0
3a6c166d-37fa-5cda-adad-777eb4567f37,2026-09-13T04:44:00,2.74,4.36,1655,1145,4.17,77.23,41.99,0.0
f1a6081a-48e3-56db-936e-f49af9832cb1,2026-09-13T04:44:00,2.78,3.49,1753,1135,3.3,58.0,43.51,0.0
18b90679-ba14-5785-bca6-c3cc1e3ad587,2026-09-13T04:44:00,2.41,3.22,1784,1116,5.08,58.0,47.48,0.0
77059140-e829-5d12-90bd-2d2ebd9c436c,2026-09-13T04:44:00,2.84,3.97,1684,1151,1.84,58.0,41.85,0.0
3a6c166d-37fa-5cda-adad-777eb4567f37,2026-09-13T04:46:00,2.98,3.75,1590,1063,3.76,77.24,41.26,0.0
f1a6081a-48e3-56db-936e-f49af9832cb1,2026-09-13T04:46:00,2.6,4.3,1825,1024,4.57,58.0,42.12,0.0
18b90679-ba14-5785-bca6-c3cc1e3ad587,2026-09-13T04:46:00,2.85,4.64,1763,982,0.88,58.0,43.25,0.0
77059140-e829-5d12-90bd-2d2ebd9c436c,2026-09-13T04:46:00,2.76,4.24,1705,1062,1.86,58.0,43.72,0.0
3a6c166d-37fa-5cda-adad-777eb4567f37,2026-09-13T04:48:00,2.93,4.21,1798,1082,4.66,76.77,47.53,0.0
f1a6081a-48e3-56db-936e-f49af9832cb1,2026-09-13T04:48:00,2.93,2.99,1835,1038,4.54,58.0,41.84,0.0
18b90679-ba14-5785-bca6-c3cc1e3ad587,2026-09-13T04:48:00,2.91,3.72,1648,973,5.47,58.0,47.57,0.0
77059140-e829-5d12-90bd-2d2ebd9c436c,2026-09-13T04:48:00,2.83,4.61,1810,1155,4.56,58.0,42.29,0.0
3a6c166d-37fa-5cda-adad-777eb4567f37,2026-09-13T04:50:00,3.48,4.23,1697,1115,5.42,77.52,42.39,0.0
f1a6081a-48e3-56db-936e-f49af9832cb1,2026-09-13T04:50:00,2.23,3.91,1698,980,3.26,58.0,44.17,0.0
18b90679-ba14-5785-bca6-c3cc1e3ad587,2026-09-13T04:50:00,2.55,3.62,1559,1023,2.52,58.0,43.67,0.0
77059140-e829-5d12-90bd-2d2ebd9c436c,2026-09-13T04:50:00,2.57,3.61,1972,1102,3.77,58.0,43.63,0.0
3a6c166d-37fa-5cda-adad-777eb4567f37,2026-09-13T04:52:00,2.36,3.54,1618,1241,2.34,77.83,45.15,0.0
f1a6081a-48e3-56db-936e-f49af9832cb1,2026-09-13T04:52:00,2.63,4.49,1824,1079,5.2,58.0,41.37,0.0
18b90679-ba14-5785-bca6-c3cc1e3ad587,2026-09-13T04:52:00,2.88,4.63,1732,1159,3.51,58.0,43.56,0.0
77059140-e829-5d12-90bd-2d2ebd9c436c,2026-09-13T04:52:00,2.63,3.81,1850,1180,2.89,58.0,41.33,0.0
3a6c166d-37fa-5cda-adad-777eb4567f37,2026-09-13T04:54:00,2.89,3.89,1666,1166,3.14,77.24,45.88,0.0
f1a6081a-48e3-56db-936e-f49af9832cb1,2026-09-13T04:54:00,2.63,4.2,1923,1041,4.37,58.0,40.33,0.0
18b90679-ba14-5785-bca6-c3cc1e3ad587,2026-09-13T04:54:00,1.87,4.59,1557,1080,2.94,58.0,43.41,0.0
77059140-e829-5d12-90bd-2d2ebd9c436c,2026-09-13T04:54:00,2.41,4.03,1738,1104,4.17,58.0,45.62,0.0
3a6c166d-37fa-5cda-adad-777eb4567f37,2026-09-13T04:56:00,2.46,3.89,1960,1240,3.39,77.53,43.54,0.0
f1a6081a-48e3-56db-936e-f49af9832cb1,2026-09-13T04:56:00,2.64,3.86,1681,1042,7.33,58.0,42.51,0.0
18b90679-ba14-5785-bca6-c3cc1e3ad587,2026-09-13T04:56:00,2.98,3.82,1611,1162,4.22,58.0,48.18,0.0
77059140-e829-5d12-90bd-2d2ebd9c436c,2026-09-13T04:56:00,2.54,4.12,1760,1058,3.04,58.0,41.7,0.0
3a6c166d-37fa-5cda-adad-777eb4567f37,2026-09-13T04:58:00,2.94,3.85,1802,1077,1.39,76.89,40.99,0.0
f1a6081a-48e3-56db-936e-f49af9832cb1,2026-09-13T04:58:00,2.77,3.41,1649,1183,5.42,58.0,41.43,0.0
18b90679-ba14-5785-bca6-c3cc1e3ad587,2026-09-13T04:58:00,2.98,4.52,1784,1204,4.1,58.0,45.96,0.0
77059140-e829-5d12-90bd-2d2ebd9c436c,2026-09-13T04:58:00,2.17,4.51,1916,1072,2.52,58.0,44.27,0.0
3a6c166d-37fa-5cda-adad-777eb4567f37,2026-09-13T05:00:00,2.78,3.75,1782,997,4.4,76.79,42.98,0.0
f1a6081a-48e3-56db-936e-f49af9832cb1,2026-09-13T05:00:00,1.49,4.39,1719,1220,3.98,58.0,40.36,0.0
18b90679-ba14-5785-bca6-c3cc1e3ad587,2026-09-13T05:00:00,2.69,4.61,1759,1150,5.97,58.0,43.48,0.0
77059140-e829-5d12-90bd-2d2ebd9c436c,2026-09-13T05:00:00,2.61,3.88,1847,1130,3.13,58.0,41.83,0.0
3a6c166d-37fa-5cda-adad-777eb4567f37,2026-09-13T05:02:00,3.09,3.76,1764,1187,4.36,77.61,44.02,0.0
f1a6081a-48e3-56db-936e-f49af9832cb1,2026-09-13T05:02:00,2.74,3.98,1615,1196,5.1,58.0,42.75,0.0
18b90679-ba14-5785-bca6-c3cc1e3ad587,2026-09-13T05:02:00,2.95,4.24,1850,1252,0.12,58.0,40.42,0.0
77059140-e829-5d12-90bd-2d2ebd9c436c,2026-09-13T05:02:00,2.5,3.74,1845,1100,1.96,58.0,37.91,0.0
3a6c166d-37fa-5cda-adad-777eb4567f37,2026-09-13T05:04:00,2.89,3.99,2085,1234,2.32,77.26,45.31,0.0
f1a6081a-48e3-56db-936e-f49af9832cb1,2026-09-13T05:04:00,3.39,3.6,1973,1156,3.68,58.0,48.12,0.0
18b90679-ba14-5785-bca6-c3cc1e3ad587,2026-09-13T05:04:00,2.71,4.7,1857,1233,4.02,58.0,41.91,0.0
77059140-e829-5d12-90bd-2d2ebd9c436c,2026-09-13T05:04:00,2.54,3.75,1837,1246,4.79,58.0,42.06,0.0
3a6c166d-37fa-5cda-adad-777eb4567f37,2026-09-13T05:06:00,3.26,3.76,1771,1252,2.81,77.96,43.86,0.0
f1a6081a-48e3-56db-936e-f49af9832cb1,2026-09-13T05:06:00,2.88,4.83,1854,1088,2.15,58.0,43.24,0.0
18b90679-ba14-5785-bca6-c3cc1e3ad587,2026-09-13T05:06:00,2.54,4.09,2012,1208,3.88,58.0,47.32,0.0
77059140-e829-5d12-90bd-2d2ebd9c436c,2026-09-13T05:06:00,2.63,3.76,1886,1042,4.18,58.0,44.05,0.0
3a6c166d-37fa-5cda-adad-777eb4567f37,2026-09-13T05:08:00,3.2,3.94,1967,1202,6.31,77.65,40.16,0.0
f1a6081a-48e3-56db-936e-f49af9832cb1,2026-09-13T05:08:00,3.53,4.6,1964,1201,6.16,58.0,44.26,0.0
18b90679-ba14-5785-bca6-c3cc1e3ad587,2026-09-13T05:08:00,3.06,3.7,1541,1229,5.31,58.0,43.43,0.0
77059140-e829-5d12-90bd-2d2ebd9c436c,2026-09-13T05:08:00,2.49,3.61,1823,1262,3.69,58.0,38.44,0.0
3a6c166d-37fa-5cda-adad-777eb4567f37,2026-09-13T05:10:00,2.29,3.81,1720,1222,2.96,77.77,43.35,0.0
f1a6081a-48e3-56db-936e-f49af9832cb1,2026-09-13T05:10:00,2.26,4.08,1892,1048,3.26,58.0,40.43,0.0
18b90679-ba14-5785-bca6-c3cc1e3ad587,2026-09-13T05:10:00,2.5,4.25,1700,1012,0,58.0,42.78,0.0
77059140-e829-5d12-90bd-2d2ebd9c436c,2026-09-13T05:10:00,2.77,4.45,2024,1245,6.36,58.0,41.56,0.0
3a6c166d-37fa-5cda-adad-777eb4567f37,2026-09-13T05:12:00,2.65,4.51,1634,1198,3.52,77.57,40.54,0.0
f1a6081a-48e3-56db-936e-f49af9832cb1,2026-09-13T05:12:00,3.3,3.34,2039,1219,4.48,58.0,44.14,0.0
18b90679-ba14-5785-bca6-c3cc1e3ad587,2026-09-13T05:12:00,2.69,4.05,1761,1074,4.67,58.0,44.03,0.0
77059140-e829-5d12-90bd-2d2ebd9c436c,2026-09-13T05:12:00,3.06,4.26,1982,1153,1.13,58.0,43.09,0.0
3a6c166d-37fa-5cda-adad-777eb4567f37,2026-09-13T05:14:00,2.9,4.12,1871,1321,4.29,77.73,39.03,0.0
f1a6081a-48e3-56db-936e-f49af9832cb1,2026-09-13T05:14:00,2.59,3.76,1883,1208,2.51,58.0,47.19,0.0
18b90679-ba14-5785-bca6-c3cc1e3ad587,2026-09-13T05:14:00,3.28,4.79,1725,1084,3.21,58.0,43.6,0.0
77059140-e829-5d12-90bd-2d2ebd9c436c,2026-09-13T05:14:00,2.28,3.73,1931,1082,4.04,58.0,40.27,0.0
3a6c166d-37fa-5cda-adad-777eb4567f37,2026-09-13T05:16:00,2.27,4.03,1994,1178,3.18,77.26,45.67,0.0
f1a6081a-48e3-56db-936e-f49af9832cb1,2026-09-13T05:16:00,3.27,4.27,1725,1255,8.2,58.0,41.31,0.0
18b90679-ba14-5785-bca6-c3cc1e3ad587,2026-09-13T05:16:00,2.67,4.25,2008,1223,4.05,58.0,44.74,0.0
77059140-e829-5d12-90bd-2d2ebd9c436c,2026-09-13T05:16:00,3.28,4.42,1687,1249,6.84,58.0,43.0,0.0
3a6c166d-37fa-5cda-adad-777eb4567f37,2026-09-13T05:18:00,3.59,4.29,1608,1285,0,77.41,45.91,0.0
f1a6081a-48e3-56db-936e-f49af9832cb1,2026-09-13T05:18:00,3.06,3.82,1568,1118,5.34,58.0,43.17,0.0
18b90679-ba14-5785-bca6-c3cc1e3ad587,2026-09-13T05:18:00,2.98,4.89,1907,1219,4.53,58.0,36.12,0.0
77059140-e829-5d12-90bd-2d2ebd9c436c,2026-09-13T05:18:00,2.92,4.37,1841,1108,4.45,58.0,43.41,0.0
3a6c166d-37fa-5cda-adad-777eb4567f37,2026-09-13T05:20:00,2.46,4.35,1892,1230,5.25,78.12,43.71,0.0
f1a6081a-48e3-56db-936e-f49af9832cb1,2026-09-13T05:20:00,2.45,3.76,1863,1123,2.91,58.0,40.38,0.0
18b90679-ba14-5785-bca6-c3cc1e3ad587,2026-09-13T05:20:00,2.34,4.99,2025,1268,0.03,58.0,45.62,0.0
77059140-e829-5d12-90bd-2d2ebd9c436c,2026-09-13T05:20:00,2.99,4.17,1872,1220,1.55,58.0,42.4,0.0
3a6c166d-37fa-5cda-adad-777eb4567f37,2026-09-13T05:22:00,3.34,4.36,2103,1340,5.3,78.09,45.63,0.0
f1a6081a-48e3-56db-936e-f49af9832cb1,2026-09-13T05:22:00,2.2,4.15,1723,1297,6.9,58.0,41.69,0.0
18b90679-ba14-5785-bca6-c3cc1e3ad587,2026-09-13T05:22:00,2.52,3.79,1882,1223,2.31,58.0,42.1,0.0
77059140-e829-5d12-90bd-2d2ebd9c436c,2026-09-13T05:22:00,3.17,4.24,1844,1089,3.46,58.0,39.1,0.0
3a6c166d-37fa-5cda-adad-777eb4567f37,2026-09-13T05:24:00,3.3,4.33,1766,1111,1.55,77.79,41.72,0.0
f1a6081a-48e3-56db-936e-f49af9832cb1,2026-09-13T05:24:00,2.65,4.69,1972,1257,4.17,58.0,45.12,0.0
18b90679-ba14-5785-bca6-c3cc1e3ad587,2026-09-13T05:24:00,3.14,4.1,1905,1388,6.54,58.0,46.14,0.0
77059140-e829-5d12-90bd-2d2ebd9c436c,2026-09-13T05:24:00,3.2,4.5,2079,1168,1.35,58.0,46.94,0.0
3a6c166d-37fa-5cda-adad-777eb4567f37,2026-09-13T05:26:00,2.53,3.92,1815,1335,5.24,77.39,42.11,0.0
f1a6081a-48e3-56db-936e-f49af9832cb1,2026-09-13T05:26:00,2.93,4.47,1794,1216,4.51,58.0,46.08,0.0
18b90679-ba14-5785-bca6-c3cc1e3ad587,2026-09-13T05:26:00,2.73,4.23,1728,1158,4.38,58.0,48.28,0.0
77059140-e829-5d12-90bd-2d2ebd9c436c,2026-09-13T05:26:00,3.5,4.62,2110,1254,5.41,58.0,47.22,0.0
3a6c166d-37fa-5cda-adad-777eb4567f37,2026-09-13T05:28:00,3.21,3.84,1925,1157,5.72,77.39,41.4,0.0
f1a6081a-48e3-56db-936e-f49af9832cb1,2026-09-13T05:28:00,3.65,3.99,1853,1244,3.0,58.0,47.15,0.0
18b90679-ba14-5785-bca6-c3cc1e3ad587,2026-09-13T05:28:00,3.06,3.34,1780,1304,4.15,58.0,46.53,0.0
77059140-e829-5d12-90bd-2d2ebd9c436c,2026-09-13T05:28:00,2.52,3.6,1927,1070,3.08,58.0,43.06,0.0
3a6c166d-37fa-5cda-adad-777eb4567f37,2026-09-13T05:30:00,2.41,4.6,1833,1336,5.21,77.92,43.58,0.0
f1a6081a-48e3-56db-936e-f49af9832cb1,2026-09-13T05:30:00,3.44,4.01,2067,1097,4.74,58.0,43.94,0.0
18b90679-ba14-5785-bca6-c3cc1e3ad587,2026-09-13T05:30:00,2.98,3.84,1921,1236,3.27,58.0,47.76,0.0
77059140-e829-5d12-90bd-2d2ebd9c436c,2026-09-13T05:30:00,2.7,3.54,2088,1144,1.73,58.0,43.21,0.0
3a6c166d-37fa-5cda-adad-777eb4567f37,2026-09-13T05:32:00,2.51,4.48,2175,1203,3.36,78.0,43.41,0.0
f1a6081a-48e3-56db-936e-f49af9832cb1,2026-09-13T05:32:00,2.75,3.68,1868,1359,4.23,58.0,46.64,0.0
18b90679-ba14-5785-bca6-c3cc1e3ad587,2026-09-13T05:32:00,3.29,4.21,2113,1277,4.9,58.0,42.93,0.0
77059140-e829-5d12-90bd-2d2ebd9c436c,2026-09-13T05:32:00,2.68,4.08,1929,1271,1.77,58.0,43.34,0.0
3a6c166d-37fa-5cda-adad-777eb4567f37,2026-09-13T05:34:00,2.79,4.45,2151,1155,1.94,78.02,44.62,0.0
f1a6081a-48e3-56db-936e-f49af9832cb1,2026-09-13T05:34:00,3.07,4.38,1802,1113,7.12,58.0,47.16,0.0
18b90679-ba14-5785-bca6-c3cc1e3ad587,2026-09-13T05:34:00,2.92,4.46,2082,1245,1.62,58.0,43.79,0.0
77059140-e829-5d12-90bd-2d2ebd9c436c,2026-09-13T05:34:00,2.72,4.73,2091,1236,3.1,58.0,42.83,0.0
3a6c166d-37fa-5cda-adad-777eb4567f37,2026-09-13T05:36:00,3.09,4.36,2204,1205,3.71,77.74,41.35,0.0
f1a6081a-48e3-56db-936e-f49af9832cb1,2026-09-13T05:36:00,3.37,3.76,2148,1318,4.05,58.0,46.06,0.0
18b90679-ba14-5785-bca6-c3cc1e3ad587,2026-09-13T05:36:00,2.84,4.58,2095,1232,5.34,58.0,41.69,0.0
77059140-e829-5d12-90bd-2d2ebd9c436c,2026-09-13T05:36:00,3.29,4.19,1945,1295,5.16,58.0,37.7,0.0
3a6c166d-37fa-5cda-adad-777eb4567f37,2026-09-13T05:38:00,2.71,4.06,2088,1427,4.81,78.09,46.18,0.0
f1a6081a-48e3-56db-936e-f49af9832cb1,2026-09-13T05:38:00,3.23,4.34,2157,1293,3.99,58.0,47.63,0.0
18b90679-ba14-5785-bca6-c3cc1e3ad587,2026-09-13T05:38:00,2.88,4.84,1953,1235,2.82,58.0,44.2,0.0
77059140-e829-5d12-90bd-2d2ebd9c436c,2026-09-13T05:38:00,2.89,3.57,2005,1336,3.49,58.0,42.46,0.0
3a6c166d-37fa-5cda-adad-777eb4567f37,2026-09-13T05:40:00,3.07,4.23,2144,1128,3.65,78.22,46.26,0.0
f1a6081a-48e3-56db-936e-f49af9832cb1,2026-09-13T05:40:00,3.14,3.56,2244,1157,3.93,58.0,42.96,0.0
18b90679-ba14-5785-bca6-c3cc1e3ad587,2026-09-13T05:40:00,2.73,4.76,2044,1370,7.44,58.0,45.87,0.0
77059140-e829-5d12-90bd-2d2ebd9c436c,2026-09-13T05:40:00,2.95,4.61,1984,1227,4.97,58.0,49.56,0.0
3a6c166d-37fa-5cda-adad-777eb4567f37,2026-09-13T05:42:00,2.35,4.12,2116,1370,5.27,77.67,46.66,0.0
f1a6081a-48e3-56db-936e-f49af9832cb1,2026-09-13T05:42:00,3.52,4.62,2081,1343,5.66,58.0,45.42,0.0
18b90679-ba14-5785-bca6-c3cc1e3ad587,2026-09-13T05:42:00,3.32,3.72,2214,1116,5.85,58.0,47.01,0.0
77059140-e829-5d12-90bd-2d2ebd9c436c,2026-09-13T05:42:00,2.75,3.91,2263,1184,4.66,58.0,42.07,0.0
3a6c166d-37fa-5cda-adad-777eb4567f37,2026-09-13T05:44:00,3.29,4.25,2142,1361,5.48,77.62,45.01,0.0
f1a6081a-48e3-56db-936e-f49af9832cb1,2026-09-13T05:44:00,2.49,4.22,2012,1256,4.91,58.0,39.22,0.0
18b90679-ba14-5785-bca6-c3cc1e3ad587,2026-09-13T05:44:00,2.71,4.25,2315,1293,2.97,58.0,45.4,0.0
77059140-e829-5d12-90bd-2d2ebd9c436c,2026-09-13T05:44:00,3.08,3.52,2135,1252,2.91,58.0,45.23,0.0
3a6c166d-37fa-5cda-adad-777eb4567f37,2026-09-13T05:46:00,3.22,4.63,2084,1487,6.57,78.17,42.55,0.0
f1a6081a-48e3-56db-936e-f49af9832cb1,2026-09-13T05:46:00,2.58,4.24,1847,1282,0.15,58.0,47.83,0.0
18b90679-ba14-5785-bca6-c3cc1e3ad587,2026-09-13T05:46:00,3.05,4.3,2108,1506,1.94,58.0,46.49,0.0
77059140-e829-5d12-90bd-2d2ebd9c436c,2026-09-13T05:46:00,2.83,4.52,2206,1332,4.94,58.0,45.55,0.0
3a6c166d-37fa-5cda-adad-777eb4567f37,2026-09-13T05:48:00,2.33,4.36,2186,1463,1.16,78.06,50.3,0.0
f1a6081a-48e3-56db-936e-f49af9832cb1,2026-09-13T05:48:00,3.76,3.65,2198,1323,4.33,58.0,42.99,0.0
18b90679-ba14-5785-bca6-c3cc1e3ad587,2026-09-13T05:48:00,2.22,3.56,2218,1250,1.66,58.0,46.61,0.0
77059140-e829-5d12-90bd-2d2ebd9c436c,2026-09-13T05:48:00,3.0,3.5,2215,1345,4.81,58.0,46.99,0.0
3a6c166d-37fa-5cda-adad-777eb4567f37,2026-09-13T05:50:00,3.21,3.76,2156,1208,0.46,78.27,41.35,0.0
f1a6081a-48e3-56db-936e-f49af9832cb1,2026-09-13T05:50:00,3.32,4.05,1958,1216,3.08,58.0,43.4,0.0
18b90679-ba14-5785-bca6-c3cc1e3ad587,2026-09-13T05:50:00,2.55,3.7,1981,1451,5.19,58.0,43.1,0.0
77059140-e829-5d12-90bd-2d2ebd9c436c,2026-09-13T05:50:00,2.8,5.12,2338,1360,4.86,58.0,47.19,0.0
3a6c166d-37fa-5cda-adad-777eb4567f37,2026-09-13T05:52:00,3.41,4.48,1964,1480,6.1,77.79,49.29,0.0
f1a6081a-48e3-56db-936e-f49af9832cb1,2026-09-13T05:52:00,2.6,4.28,2208,1353,2.66,58.0,46.39,0.0
18b90679-ba14-5785-bca6-c3cc1e3ad587,2026-09-13T05:52:00,3.28,4.67,2207,1350,5.72,58.0,46.57,0.0
77059140-e829-5d12-90bd-2d2ebd9c436c,2026-09-13T05:52:00,2.72,4.34,2150,1317,2.81,58.0,46.27,0.0
3a6c166d-37fa-5cda-adad-777eb4567f37,2026-09-13T05:54:00,2.44,4.57,2139,1376,7.77,77.51,47.05,0.0
f1a6081a-48e3-56db-936e-f49af9832cb1,2026-09-13T05:54:00,2.66,4.46,2148,1273,7.23,58.0,40.18,0.0
18b90679-ba14-5785-bca6-c3cc1e3ad587,2026-09-13T05:54:00,3.08,3.87,2324,1490,5.36,58.0,39.9,0.0
77059140-e829-5d12-90bd-2d2ebd9c436c,2026-09-13T05:54:00,3.08,4.74,2196,1334,3.45,58.0,45.18,0.0
3a6c166d-37fa-5cda-adad-777eb4567f37,2026-09-13T05:56:00,3.02,3.61,2181,1332,4.23,78.62,47.99,0.0
f1a6081a-48e3-56db-936e-f49af9832cb1,2026-09-13T05:56:00,2.45,4.06,1999,1494,6.62,58.0,45.44,0.0
18b90679-ba14-5785-bca6-c3cc1e3ad587,2026-09-13T05:56:00,3.36,4.66,2323,1527,6.78,58.0,45.76,0.0
77059140-e829-5d12-90bd-2d2ebd9c436c,2026-09-13T05:56:00,2.76,4.18,2122,1475,6.29,58.0,44.74,0.0
3a6c166d-37fa-5cda-adad-777eb4567f37,2026-09-13T05:58:00,2.8,4.63,2255,1437,5.08,77.97,40.37,0.0
f1a6081a-48e3-56db-936e-f49af9832cb1,2026-09-13T05:58:00,3.05,4.84,2193,1304,6.49,58.0,45.39,0.0
18b90679-ba14-5785-bca6-c3cc1e3ad587,2026-09-13T05:58:00,2.32,3.95,2288,1214,6.02,58.0,48.44,0.0
77059140-e829-5d12-90bd-2d2ebd9c436c,2026-09-13T05:58:00,3.2,4.66,2182,1323,5.76,58.0,48.76,0.0
3a6c166d-37fa-5cda-adad-777eb4567f37,2026-09-13T06:00:00,2.79,4.1,2180,1565,4.73,77.97,49.11,0.0
f1a6081a-48e3-56db-936e-f49af9832cb1,2026-09-13T06:00:00,3.19,5.01,2181,1407,4.18,58.0,45.32,0.0
18b90679-ba14-5785-bca6-c3cc1e3ad587,2026-09-13T06:00:00,3.23,4.3,2137,1364,2.25,58.0,46.39,0.0
77059140-e829-5d12-90bd-2d2ebd9c436c,2026-09-13T06:00:00,2.89,4.33,1979,1446,3.29,58.0,44.05,0.0
3a6c166d-37fa-5cda-adad-777eb4567f37,2026-09-13T06:02:00,3.05,3.94,1946,1240,4.25,78.09,42.51,0.0
f1a6081a-48e3-56db-936e-f49af9832cb1,2026-09-13T06:02:00,2.69,4.3,2220,1464,1.56,58.0,45.26,0.0
18b90679-ba14-5785-bca6-c3cc1e3ad587,2026-09-13T06:02:00,3.01,4.34,2096,1244,5.91,58.0,45.04,0.0
77059140-e829-5d12-90bd-2d2ebd9c436c,2026-09-13T06:02:00,2.84,4.42,2205,1480,3.0,58.0,46.43,21.0
3a6c166d-37fa-5cda-adad-777eb4567f37,2026-09-13T06:04:00,2.32,3.92,2290,1330,6.94,78.45,43.22,0.0
f1a6081a-48e3-56db-936e-f49af9832cb1,2026-09-13T06:04:00,3.08,3.81,2103,1515,5.51,58.0,46.01,0.0
18b90679-ba14-5785-bca6-c3cc1e3ad587,2026-09-13T06:04:00,3.38,3.6,2376,1216,5.7,58.0,46.5,0.0
77059140-e829-5d12-90bd-2d2ebd9c436c,2026-09-13T06:04:00,3.03,4.65,1924,1422,2.46,58.0,45.8,42.0
3a6c166d-37fa-5cda-adad-777eb4567f37,2026-09-13T06:06:00,3.19,3.89,2190,1384,3.39,78.17,47.91,0.0
f1a6081a-48e3-56db-936e-f49af9832cb1,2026-09-13T06:06:00,2.54,4.31,2367,1358,5.22,58.0,44.22,0.0
18b90679-ba14-5785-bca6-c3cc1e3ad587,2026-09-13T06:06:00,2.75,4.38,2270,1476,4.89,58.0,43.47,0.0
77059140-e829-5d12-90bd-2d2ebd9c436c,2026-09-13T06:06:00,2.91,4.23,2017,1294,3.65,58.0,52.13,63.0
3a6c166d-37fa-5cda-adad-777eb4567f37,2026-09-13T06:08:00,2.21,4.3,2122,1358,3.72,78.38,45.54,0.0
f1a6081a-48e3-56db-936e-f49af9832cb1,2026-09-13T06:08:00,3.57,4.05,2373,1317,8.18,58.0,46.64,0.0
18b90679-ba14-5785-bca6-c3cc1e3ad587,2026-09-13T06:08:00,2.74,3.99,2253,1360,4.5,58.0,41.98,0.0
77059140-e829-5d12-90bd-2d2ebd9c436c,2026-09-13T06:08:00,2.67,3.93,2252,1329,6.44,58.0,49.03,84.0
3a6c166d-37fa-5cda-adad-777eb4567f37,2026-09-13T06:10:00,3.05,4.58,2273,1181,4.28,78.37,46.4,0.0
f1a6081a-48e3-56db-936e-f49af9832cb1,2026-09-13T06:10:00,2.58,4.25,2186,1347,4.76,58.0,42.74,0.0
18b90679-ba14-5785-bca6-c3cc1e3ad587,2026-09-13T06:10:00,2.97,4.84,2331,1452,4.23,58.0,45.97,0.0
77059140-e829-5d12-90bd-2d2ebd9c436c,2026-09-13T06:10:00,2.58,4.11,2101,1385,6.66,58.0,51.11,105.0
3a6c166d-37fa-5cda-adad-777eb4567f37,2026-09-13T06:12:00,2.37,3.96,2304,1444,5.25,78.55,51.6,0.0
f1a6081a-48e3-56db-936e-f49af9832cb1,2026-09-13T06:12:00,2.99,4.4,2242,1565,2.89,58.0,43.9,0.0
18b90679-ba14-5785-bca6-c3cc1e3ad587,2026-09-13T06:12:00,2.86,3.96,2302,1395,5.12,58.0,44.63,0.0
77059140-e829-5d12-90bd-2d2ebd9c436c,2026-09-13T06:12:00,2.99,4.5,2221,1461,4.53,58.0,47.24,126.0
3a6c166d-37fa-5cda-adad-777eb4567f37,2026-09-13T06:14:00,2.69,4.3,2289,1482,7.07,78.16,46.18,0.0
f1a6081a-48e3-56db-936e-f49af9832cb1,2026-09-13T06:14:00,3.37,5.01,2375,1286,3.1,58.0,46.87,0.0
18b90679-ba14-5785-bca6-c3cc1e3ad587,2026-09-13T06:14:00,2.98,4.64,2408,1400,4.09,58.0,45.07,0.0
77059140-e829-5d12-90bd-2d2ebd9c436c,2026-09-13T06:14:00,2.96,3.86,2510,1524,3.34,58.0,56.71,147.0
3a6c166d-37fa-5cda-adad-777eb4567f37,2026-09-13T06:16:00,3.04,4.43,2150,1500,4.25,78.6,42.91,0.0
f1a6081a-48e3-56db-936e-f49af9832cb1,2026-09-13T06:16:00,3.27,4.34,2150,1535,7.12,58.0,47.65,0.0
18b90679-ba14-5785-bca6-c3cc1e3ad587,2026-09-13T06:16:00,3.14,4.55,2349,1374,4.28,58.0,48.33,0.0
77059140-e829-5d12-90bd-2d2ebd9c436c,2026-09-13T06:16:00,2.97,4.18,2570,1431,5.68,58.0,53.38,168.0
3a6c166d-37fa-5cda-adad-777eb4567f37,2026-09-13T06:18:00,3.35,3.91,2483,1570,5.96,78.15,45.37,0.0
f1a6081a-48e3-56db-936e-f49af9832cb1,2026-09-13T06:18:00,3.09,4.0,2206,1438,6.73,58.0,46.56,0.0
18b90679-ba14-5785-bca6-c3cc1e3ad587,2026-09-13T06:18:00,3.1,4.65,2059,1488,6.71,58.0,43.15,0.0
77059140-e829-5d12-90bd-2d2ebd9c436c,2026-09-13T06:18:00,3.09,4.5,2347,1508,9.95,58.0,59.73,189.0
3a6c166d-37fa-5cda-adad-777eb4567f37,2026-09-13T06:20:00,3.52,4.37,2375,1548,4.9,78.19,49.27,0.0
f1a6081a-48e3-56db-936e-f49af9832cb1,2026-09-13T06:20:00,2.57,3.99,2251,1451,3.35,58.0,51.37,0.0
18b90679-ba14-5785-bca6-c3cc1e3ad587,2026-09-13T06:20:00,3.34,5.03,2406,1491,4.14,58.0,46.76,0.0
77059140-e829-5d12-90bd-2d2ebd9c436c,2026-09-13T06:20:00,3.39,4.97,2442,1404,5.75,58.0,58.02,210.0
3a6c166d-37fa-5cda-adad-777eb4567f37,2026-09-13T06:22:00,3.5,4.37,2395,1545,4.83,78.15,45.63,0.0
f1a6081a-48e3-56db-936e-f49af9832cb1,2026-09-13T06:22:00,2.84,3.28,2291,1427,4.73,58.0,45.86,0.0
18b90679-ba14-5785-bca6-c3cc1e3ad587,2026-09-13T06:22:00,3.52,4.53,2369,1480,7.15,58.0,47.41,0.0
77059140-e829-5d12-90bd-2d2ebd9c436c,2026-09-13T06:22:00,3.14,4.4,2241,1512,7.56,58.0,58.9,231.0
3a6c166d-37fa-5cda-adad-777eb4567f37,2026-09-13T06:24:00,2.9,4.89,2517,1310,8.71,78.44,44.24,0.0
f1a6081a-48e3-56db-936e-f49af9832cb1,2026-09-13T06:24:00,3.54,4.16,2325,1407,5.7,58.0,45.13,0.0
18b90679-ba14-5785-bca6-c3cc1e3ad587,2026-09-13T06:24:00,2.62,4.56,2255,1454,7.35,58.0,42.86,0.0
77059140-e829-5d12-90bd-2d2ebd9c436c,2026-09-13T06:24:00,2.99,4.86,2414,1454,4.6,58.0,58.12,252.0
3a6c166d-37fa-5cda-adad-777eb4567f37,2026-09-13T06:26:00,3.25,3.85,2408,1451,5.71,78.74,48.26,0.0
f1a6081a-48e3-56db-936e-f49af9832cb1,2026-09-13T06:26:00,3.37,5.26,2372,1575,3.95,58.0,44.62,0.0
18b90679-ba14-5785-bca6-c3cc1e3ad587,2026-09-13T06:26:00,3.42,4.74,2155,1556,4.28,58.0,41.98,0.0
77059140-e829-5d12-90bd-2d2ebd9c436c,2026-09-13T06:26:00,3.11,3.87,2269,1521,5.8,58.0,59.64,273.0
3a6c166d-37fa-5cda-adad-777eb4567f37,2026-09-13T06:28:00,2.65,4.51,2388,1514,3.18,78.49,40.79,0.0
f1a6081a-48e3-56db-936e-f49af9832cb1,2026-09-13T06:28:00,3.64,4.7,2373,1488,4.3,58.0,51.23,0.0
18b90679-ba14-5785-bca6-c3cc1e3ad587,2026-09-13T06:28:00,3.03,4.51,2389,1347,7.61,58.0,48.52,0.0
77059140-e829-5d12-90bd-2d2ebd9c436c,2026-09-13T06:28:00,3.02,4.06,2463,1312,5.7,58.0,60.34,294.0
3a6c166d-37fa-5cda-adad-777eb4567f37,2026-09-13T06:30:00,2.61,4.32,2364,1591,3.47,78.86,49.58,0.0
f1a6081a-48e3-56db-936e-f49af9832cb1,2026-09-13T06:30:00,3.41,4.2,2277,1517,5.57,58.0,47.56,0.0
18b90679-ba14-5785-bca6-c3cc1e3ad587,2026-09-13T06:30:00,2.69,4.3,2333,1388,4.72,58.0,45.7,0.0
77059140-e829-5d12-90bd-2d2ebd9c436c,2026-09-13T06:30:00,3.0,3.66,2718,1534,7.41,58.0,58.89,315.0
3a6c166d-37fa-5cda-adad-777eb4567f37,2026-09-13T06:32:00,2.23,4.27,2310,1486,6.32,77.93,44.21,0.0
f1a6081a-48e3-56db-936e-f49af9832cb1,2026-09-13T06:32:00,3.0,3.99,2315,1510,6.05,58.0,44.97,0.0
18b90679-ba14-5785-bca6-c3cc1e3ad587,2026-09-13T06:32:00,2.66,4.02,2451,1446,5.32,58.0,43.71,0.0
77059140-e829-5d12-90bd-2d2ebd9c436c,2026-09-13T06:32:00,2.77,5.05,2609,1536,2.63,58.0,65.91,336.0
3a6c166d-37fa-5cda-adad-777eb4567f37,2026-09-13T06:34:00,3.27,4.42,2221,1285,4.24,78.05,39.12,0.0
f1a6081a-48e3-56db-936e-f49af9832cb1,2026-09-13T06:34:00,3.12,4.67,2269,1520,7.07,58.0,46.89,0.0
18b90679-ba14-5785-bca6-c3cc1e3ad587,2026-09-13T06:34:00,3.44,5.07,2175,1329,4.51,58.0,42.26,0.0
77059140-e829-5d12-90bd-2d2ebd9c436c,2026-09-13T06:34:00,2.84,4.37,2268,1535,8.6,58.0,64.02,357.0
3a6c166d-37fa-5cda-adad-777eb4567f37,2026-09-13T06:36:00,2.8,4.2,2340,1449,6.81,78.88,42.25,0.0
f1a6081a-48e3-56db-936e-f49af9832cb1,2026-09-13T06:36:00,3.28,4.32,2480,1598,6.36,58.0,48.54,0.0
18b90679-ba14-5785-bca6-c3cc1e3ad587,2026-09-13T06:36:00,2.57,5.39,2538,1661,9.16,58.0,48.87,0.0
77059140-e829-5d12-90bd-2d2ebd9c436c,2026-09-13T06:36:00,3.51,5.13,2433,1639,8.18,58.0,65.11,378.0
3a6c166d-37fa-5cda-adad-777eb4567f37,2026-09-13T06:38:00,3.22,5.48,2323,1606,4.15,78.55,44.59,0.0
f1a6081a-48e3-56db-936e-f49af9832cb1,2026-09-13T06:38:00,2.95,4.66,2309,1333,3.96,58.0,50.07,0.0
18b90679-ba14-5785-bca6-c3cc1e3ad587,2026-09-13T06:38:00,2.77,4.69,2491,1520,4.01,58.0,47.12,0.0
77059140-e829-5d12-90bd-2d2ebd9c436c,2026-09-13T06:38:00,3.18,4.92,2439,1568,3.11,58.0,68.71,399.0
3a6c166d-37fa-5cda-adad-777eb4567f37,2026-09-13T06:40:00,3.4,4.41,2389,1606,3.42,78.48,46.27,0.0
f1a6081a-48e3-56db-936e-f49af9832cb1,2026-09-13T06:40:00,3.24,4.07,2541,1582,8.7,58.0,47.69,0.0
18b90679-ba14-5785-bca6-c3cc1e3ad587,2026-09-13T06:40:00,3.08,4.23,2221,1569,6.91,58.0,50.76,0.0
77059140-e829-5d12-90bd-2d2ebd9c436c,2026-09-13T06:40:00,3.63,4.43,2337,1554,7.49,58.0,70.8,420.0
3a6c166d-37fa-5cda-adad-777eb4567f37,2026-09-13T06:42:00,3.88,5.45,2339,1514,3.56,78.77,44.32,0.0
f1a6081a-48e3-56db-936e-f49af9832cb1,2026-09-13T06:42:00,3.52,5.49,2294,1570,5.8,58.0,48.11,0.0
18b90679-ba14-5785-bca6-c3cc1e3ad587,2026-09-13T06:42:00,3.05,4.94,2431,1512,3.83,58.0,46.77,0.0
77059140-e829-5d12-90bd-2d2ebd9c436c,2026-09-13T06:42:00,3.26,3.82,2481,1488,4.72,58.0,66.4,403.2
3a6c166d-37fa-5cda-adad-777eb4567f37,2026-09-13T06:44:00,3.47,4.55,2445,1490,7.77,79.04,53.58,0.0
f1a6081a-48e3-56db-936e-f49af9832cb1,2026-09-13T06:44:00,2.71,4.61,2373,1588,7.2,58.0,43.24,0.0
18b90679-ba14-5785-bca6-c3cc1e3ad587,2026-09-13T06:44:00,2.95,4.18,2380,1581,7.27,58.0,50.11,0.0
77059140-e829-5d12-90bd-2d2ebd9c436c,2026-09-13T06:44:00,3.21,4.23,2357,1470,6.49,58.0,74.14,386.4
3a6c166d-37fa-5cda-adad-777eb4567f37,2026-09-13T06:46:00,3.43,4.4,2390,1590,3.85,78.91,46.21,0.0
f1a6081a-48e3-56db-936e-f49af9832cb1,2026-09-13T06:46:00,2.69,5.11,2657,1475,8.38,58.0,42.66,0.0
18b90679-ba14-5785-bca6-c3cc1e3ad587,2026-09-13T06:46:00,3.13,4.37,2517,1509,5.78,58.0,45.92,0.0
77059140-e829-5d12-90bd-2d2ebd9c436c,2026-09-13T06:46:00,3.23,4.53,2409,1542,7.36,58.0,68.17,369.6
3a6c166d-37fa-5cda-adad-777eb4567f37,2026-09-13T06:48:00,3.45,4.6,2519,1503,6.86,78.59,49.78,0.0
f1a6081a-48e3-56db-936e-f49af9832cb1,2026-09-13T06:48:00,3.11,4.85,2352,1758,4.07,58.0,47.11,0.0
18b90679-ba14-5785-bca6-c3cc1e3ad587,2026-09-13T06:48:00,3.31,4.11,2531,1511,5.34,58.0,45.33,0.0
77059140-e829-5d12-90bd-2d2ebd9c436c,2026-09-13T06:48:00,3.76,4.54,2485,1549,5.72,58.0,62.95,352.8
3a6c166d-37fa-5cda-adad-777eb4567f37,2026-09-13T06:50:00,3.15,4.66,2382,1380,4.85,78.39,45.99,0.0
f1a6081a-48e3-56db-936e-f49af9832cb1,2026-09-13T06:50:00,2.61,4.85,2580,1663,9.24,58.0,38.87,0.0
18b90679-ba14-5785-bca6-c3cc1e3ad587,2026-09-13T06:50:00,3.15,4.87,2534,1539,5.44,58.0,45.44,0.0
77059140-e829-5d12-90bd-2d2ebd9c436c,2026-09-13T06:50:00,3.23,4.25,2406,1491,5.69,58.0,61.81,336.0
3a6c166d-37fa-5cda-adad-777eb4567f37,2026-09-13T06:52:00,3.0,4.41,2514,1553,3.34,79.01,41.98,0.0
f1a6081a-48e3-56db-936e-f49af9832cb1,2026-09-13T06:52:00,3.16,4.65,2489,1605,7.66,58.0,49.82,0.0
18b90679-ba14-5785-bca6-c3cc1e3ad587,2026-09-13T06:52:00,3.28,4.7,2371,1514,5.48,58.0,46.95,0.0
77059140-e829-5d12-90bd-2d2ebd9c436c,2026-09-13T06:52:00,3.14,4.94,2669,1606,3.68,58.0,67.15,319.2
3a6c166d-37fa-5cda-adad-777eb4567f37,2026-09-13T06:54:00,3.1,4.21,2485,1475,4.96,79.24,49.28,0.0
f1a6081a-48e3-56db-936e-f49af9832cb1,2026-09-13T06:54:00,3.19,5.08,2553,1565,5.35,58.0,48.32,0.0
18b90679-ba14-5785-bca6-c3cc1e3ad587,2026-09-13T06:54:00,2.86,4.48,2447,1479,5.49,58.0,44.43,0.0
77059140-e829-5d12-90bd-2d2ebd9c436c,2026-09-13T06:54:00,3.26,4.66,2635,1410,6.45,58.0,64.35,302.4
3a6c166d-37fa-5cda-adad-777eb4567f37,2026-09-13T06:56:00,3.01,5.48,2672,1678,4.93,79.17,47.51,0.0
f1a6081a-48e3-56db-936e-f49af9832cb1,2026-09-13T06:56:00,3.81,4.86,2487,1510,6.64,58.0,43.9,0.0
18b90679-ba14-5785-bca6-c3cc1e3ad587,2026-09-13T06:56:00,3.17,4.46,2372,1496,8.62,58.0,50.58,0.0
77059140-e829-5d12-90bd-2d2ebd9c436c,2026-09-13T06:56:00,3.54,5.27,2442,1454,8.15,58.0,61.51,285.6
3a6c166d-37fa-5cda-adad-777eb4567f37,2026-09-13T06:58:00,2.86,4.87,2790,1685,6.37,79.07,50.56,0.0
f1a6081a-48e3-56db-936e-f49af9832cb1,2026-09-13T06:58:00,3.1,4.68,2531,1423,4.31,58.0,50.17,0.0
18b90679-ba14-5785-bca6-c3cc1e3ad587,2026-09-13T06:58:00,2.44,4.78,2658,1646,7.31,58.0,45.97,0.0
77059140-e829-5d12-90bd-2d2ebd9c436c,2026-09-13T06:58:00,3.39,5.29,2484,1640,4.66,58.0,60.05,268.8
3a6c166d-37fa-5cda-adad-777eb4567f37,2026-09-13T07:00:00,3.0,5.27,2475,1662,6.4,79.2,47.29,0.0
f1a6081a-48e3-56db-936e-f49af9832cb1,2026-09-13T07:00:00,3.41,4.35,2164,1609,3.54,58.0,47.78,0.0
18b90679-ba14-5785-bca6-c3cc1e3ad587,2026-09-13T07:00:00,3.66,5.0,2725,1419,7.11,58.0,44.6,0.0
77059140-e829-5d12-90bd-2d2ebd9c436c,2026-09-13T07:00:00,3.71,4.55,2626,1663,7.07,58.0,59.33,252.0
3a6c166d-37fa-5cda-adad-777eb4567f37,2026-09-13T07:02:00,2.92,5.43,2580,1724,8.1,79.37,47.0,0.0
f1a6081a-48e3-56db-936e-f49af9832cb1,2026-09-13T07:02:00,3.19,4.75,2601,1631,7.31,58.0,47.6,0.0
18b90679-ba14-5785-bca6-c3cc1e3ad587,2026-09-13T07:02:00,3.19,4.24,2686,1706,5.25,58.0,51.69,0.0
77059140-e829-5d12-90bd-2d2ebd9c436c,2026-09-13T07:02:00,3.55,4.64,2633,1638,5.6,58.0,63.26,235.2
3a6c166d-37fa-5cda-adad-777eb4567f37,2026-09-13T07:04:00,3.13,5.02,2577,1502,1.26,78.74,49.59,0.0
f1a6081a-48e3-56db-936e-f49af9832cb1,2026-09-13T07:04:00,3.03,4.83,2701,1588,4.19,58.0,46.88,0.0
18b90679-ba14-5785-bca6-c3cc1e3ad587,2026-09-13T07:04:00,2.89,4.77,2586,1624,7.35,58.0,45.12,0.0
77059140-e829-5d12-90bd-2d2ebd9c436c,2026-09-13T07:04:00,3.73,4.28,2582,1810,5.84,58.0,59.69,218.4
3a6c166d-37fa-5cda-adad-777eb4567f37,2026-09-13T07:06:00,3.21,4.76,2715,1720,4.95,79.56,53.67,0.0
f1a6081a-48e3-56db-936e-f49af9832cb1,2026-09-13T07:06:00,3.24,5.24,2508,1774,0.55,58.0,44.31,0.0
18b90679-ba14-5785-bca6-c3cc1e3ad587,2026-09-13T07:06:00,3.49,4.88,2833,1535,5.95,58.0,48.36,0.0
77059140-e829-5d12-90bd-2d2ebd9c436c,2026-09-13T07:06:00,3.46,5.85,2569,1776,7.68,58.0,64.95,201.6
3a6c166d-37fa-5cda-adad-777eb4567f37,2026-09-13T07:08:00,3.25,5.2,2733,1640,2.91,78.62,44.97,0.0
f1a6081a-48e3-56db-936e-f49af9832cb1,2026-09-13T07:08:00,3.17,5.37,2648,1567,5.08,58.0,43.67,0.0
18b90679-ba14-5785-bca6-c3cc1e3ad587,2026-09-13T07:08:00,2.97,4.97,2620,1683,8.03,58.0,48.72,0.0
77059140-e829-5d12-90bd-2d2ebd9c436c,2026-09-13T07:08:00,2.87,5.17,2412,1685,6.45,58.0,56.75,184.8
3a6c166d-37fa-5cda-adad-777eb4567f37,2026-09-13T07:10:00,3.24,3.94,2524,1647,4.19,78.55,44.79,0.0
f1a6081a-48e3-56db-936e-f49af9832cb1,2026-09-13T07:10:00,3.27,4.71,2534,1714,6.05,58.0,45.46,0.0
18b90679-ba14-5785-bca6-c3cc1e3ad587,2026-09-13T07:10:00,3.54,5.2,2704,1756,5.94,58.0,48.53,0.0
77059140-e829-5d12-90bd-2d2ebd9c436c,2026-09-13T07:10:00,2.97,5.02,2692,1539,7.41,58.0,54.79,168.0
3a6c166d-37fa-5cda-adad-777eb4567f37,2026-09-13T07:12:00,3.37,4.29,2818,1595,8.01,78.82,49.64,0.0
f1a6081a-48e3-56db-936e-f49af9832cb1,2026-09-13T07:12:00,3.15,4.18,2732,1676,5.99,58.0,46.93,0.0
18b90679-ba14-5785-bca6-c3cc1e3ad587,2026-09-13T07:12:00,3.63,4.26,2850,1525,5.26,58.0,47.76,0.0
77059140-e829-5d12-90bd-2d2ebd9c436c,2026-09-13T07:12:00,2.93,5.12,2518,1553,5.09,58.0,59.35,151.2
3a6c166d-37fa-5cda-adad-777eb4567f37,2026-09-13T07:14:00,3.93,5.69,2647,1676,6.41,79.58,47.94,0.0
f1a6081a-48e3-56db-936e-f49af9832cb1,2026-09-13T07:14:00,3.35,4.86,2490,1688,6.35,58.0,47.26,0.0
18b90679-ba14-5785-bca6-c3cc1e3ad587,2026-09-13T07:14:00,3.42,4.25,2598,1604,7.89,58.0,45.93,0.0
77059140-e829-5d12-90bd-2d2ebd9c436c,2026-09-13T07:14:00,3.68,5.1,2576,1631,7.86,58.0,56.17,134.4
3a6c166d-37fa-5cda-adad-777eb4567f37,2026-09-13T07:16:00,3.5,4.96,2665,1596,7.59,79.31,45.46,0.0
f1a6081a-48e3-56db-936e-f49af9832cb1,2026-09-13T07:16:00,3.25,5.17,2606,1565,5.9,58.0,48.74,0.0
18b90679-ba14-5785-bca6-c3cc1e3ad587,2026-09-13T07:16:00,2.38,4.64,2635,1675,9.92,58.0,48.6,0.0
77059140-e829-5d12-90bd-2d2ebd9c436c,2026-09-13T07:16:00,3.08,5.05,2649,1679,7.9,58.0,52.51,117.6
3a6c166d-37fa-5cda-adad-777eb4567f37,2026-09-13T07:18:00,3.44,3.94,2732,1724,6.65,79.28,47.94,0.0
f1a6081a-48e3-56db-936e-f49af9832cb1,2026-09-13T07:18:00,3.44,4.62,2509,1666,7.42,58.0,51.99,0.0
18b90679-ba14-5785-bca6-c3cc1e3ad587,2026-09-13T07:18:00,3.03,4.96,2949,1772,5.55,58.0,45.82,0.0
77059140-e829-5d12-90bd-2d2ebd9c436c,2026-09-13T07:18:00,3.37,5.21,2739,1770,6.7,58.0,52.16,100.8
3a6c166d-37fa-5cda-adad-777eb4567f37,2026-09-13T07:20:00,2.51,5.52,2651,1537,5.4,79.18,45.01,0.0
f1a6081a-48e3-56db-936e-f49af9832cb1,2026-09-13T07:20:00,3.12,4.04,2576,1766,8.05,58.0,47.49,0.0
18b90679-ba14-5785-bca6-c3cc1e3ad587,2026-09-13T07:20:00,3.29,4.24,2638,1672,5.57,58.0,44.86,0.0
77059140-e829-5d12-90bd-2d2ebd9c436c,2026-09-13T07:20:00,2.52,4.94,2645,1783,5.79,58.0,52.13,84.0
3a6c166d-37fa-5cda-adad-777eb4567f37,2026-09-13T07:22:00,3.12,4.53,2598,1664,4.65,79.17,46.0,0.0
f1a6081a-48e3-56db-936e-f49af9832cb1,2026-09-13T07:22:00,3.4,4.63,2850,1788,6.29,58.0,44.15,0.0
18b90679-ba14-5785-bca6-c3cc1e3ad587,2026-09-13T07:22:00,3.49,4.58,2836,1748,8.83,58.0,48.03,0.0
77059140-e829-5d12-90bd-2d2ebd9c436c,2026-09-13T07:22:00,3.21,4.69,2661,1476,3.26,58.0,48.26,67.2
3a6c166d-37fa-5cda-adad-777eb4567f37,2026-09-13T07:24:00,3.77,4.93,2557,1484,7.54,78.72,45.73,0.0
f1a6081a-48e3-56db-936e-f49af9832cb1,2026-09-13T07:24:00,3.77,4.94,2807,1634,5.33,58.0,48.88,0.0
18b90679-ba14-5785-bca6-c3cc1e3ad587,2026-09-13T07:24:00,3.24,4.78,2883,1816,4.56,58.0,46.28,0.0
77059140-e829-5d12-90bd-2d2ebd9c436c,2026-09-13T07:24:00,3.44,5.13,3015,1611,8.12,58.0,47.09,50.4
3a6c166d-37fa-5cda-adad-777eb4567f37,2026-09-13T07:26:00,2.89,5.88,2689,1687,5.41,79.14,45.8,0.0
f1a6081a-48e3-56db-936e-f49af9832cb1,2026-09-13T07:26:00,2.74,6.03,2590,1578,8.47,58.0,50.2,0.0
18b90679-ba14-5785-bca6-c3cc1e3ad587,2026-09-13T07:26:00,2.99,4.94,2782,1609,6.21,58.0,50.4,0.0
77059140-e829-5d12-90bd-2d2ebd9c436c,2026-09-13T07:26:00,3.15,3.98,2908,1530,5.21,58.0,48.68,33.6
3a6c166d-37fa-5cda-adad-777eb4567f37,2026-09-13T07:28:00,2.95,5.49,2688,1831,6.38,79.0,42.93,0.0
f1a6081a-48e3-56db-936e-f49af9832cb1,2026-09-13T07:28:00,3.08,5.7,2536,1664,4.61,58.0,48.69,0.0
18b90679-ba14-5785-bca6-c3cc1e3ad587,2026-09-13T07:28:00,3.55,5.02,2741,1760,6.49,58.0,49.68,0.0
77059140-e829-5d12-90bd-2d2ebd9c436c,2026-09-13T07:28:00,3.31,5.36,2839,1667,7.39,58.0,48.15,16.8
3a6c166d-37fa-5cda-adad-777eb4567f37,2026-09-13T07:30:00,3.18,4.5,2764,1812,8.44,79.05,46.37,0.0
f1a6081a-48e3-56db-936e-f49af9832cb1,2026-09-13T07:30:00,3.47,4.49,2767,1665,5.92,58.0,51.45,0.0
18b90679-ba14-5785-bca6-c3cc1e3ad587,2026-09-13T07:30:00,3.48,5.15,2827,1933,7.36,58.0,48.64,0.0
77059140-e829-5d12-90bd-2d2ebd9c436c,2026-09-13T07:30:00,3.49,5.69,2604,1783,4.26,58.0,51.63,0.0
3a6c166d-37fa-5cda-adad-777eb4567f37,2026-09-13T07:32:00,3.56,4.89,2767,1790,5.67,79.29,49.64,0.0
f1a6081a-48e3-56db-936e-f49af9832cb1,2026-09-13T07:32:00,4.02,4.58,2890,1622,8.17,58.0,49.76,0.0
18b90679-ba14-5785-bca6-c3cc1e3ad587,2026-09-13T07:32:00,3.12,4.91,2905,1749,9.05,58.0,47.92,0.0
77059140-e829-5d12-90bd-2d2ebd9c436c,2026-09-13T07:32:00,3.16,5.33,2829,1797,7.62,58.0,42.61,0.0
3a6c166d-37fa-5cda-adad-777eb4567f37,2026-09-13T07:34:00,3.25,4.97,2674,1822,4.37,79.76,49.85,0.0
f1a6081a-48e3-56db-936e-f49af9832cb1,2026-09-13T07:34:00,3.77,5.85,2633,1830,10.02,58.0,46.4,0.0
18b90679-ba14-5785-bca6-c3cc1e3ad587,2026-09-13T07:34:00,2.9,4.66,2875,1695,5.89,58.0,48.93,0.0
77059140-e829-5d12-90bd-2d2ebd9c436c,2026-09-13T07:34:00,2.94,5.58,2813,1830,7.4,58.0,47.69,0.0
3a6c166d-37fa-5cda-adad-777eb4567f37,2026-09-13T07:36:00,3.72,5.15,2721,1700,6.63,79.18,46.69,0.0
f1a6081a-48e3-56db-936e-f49af9832cb1,2026-09-13T07:36:00,3.42,4.98,3048,1779,5.98,58.0,48.72,0.0
18b90679-ba14-5785-bca6-c3cc1e3ad587,2026-09-13T07:36:00,3.03,5.41,2868,1596,7.24,58.0,45.27,0.0
77059140-e829-5d12-90bd-2d2ebd9c436c,2026-09-13T07:36:00,3.81,5.16,2876,1661,9.48,58.0,49.95,0.0
3a6c166d-37fa-5cda-adad-777eb4567f37,2026-09-13T07:38:00,3.71,4.49,2827,1834,4.93,79.47,49.25,0.0
f1a6081a-48e3-56db-936e-f49af9832cb1,2026-09-13T07:38:00,3.33,5.21,2772,1669,5.61,58.0,49.13,0.0
18b90679-ba14-5785-bca6-c3cc1e3ad587,2026-09-13T07:38:00,3.46,4.76,2802,1680,5.8,58.0,48.91,0.0
77059140-e829-5d12-90bd-2d2ebd9c436c,2026-09-13T07:38:00,3.7,5.26,2755,1721,1.76,58.0,49.26,0.0
3a6c166d-37fa-5cda-adad-777eb4567f37,2026-09-13T07:40:00,3.31,5.11,2913,1727,5.71,79.38,47.73,0.0
f1a6081a-48e3-56db-936e-f49af9832cb1,2026-09-13T07:40:00,3.68,4.83,2717,1829,9.86,58.0,51.22,0.0
18b90679-ba14-5785-bca6-c3cc1e3ad587,2026-09-13T07:40:00,3.32,5.36,2634,1867,10.49,58.0,45.72,0.0
77059140-e829-5d12-90bd-2d2ebd9c436c,2026-09-13T07:40:00,3.88,4.71,2578,1740,8.06,58.0,47.93,0.0
3a6c166d-37fa-5cda-adad-777eb4567f37,2026-09-13T07:42:00,3.77,4.89,2684,1870,8.23,79.14,48.71,0.0
f1a6081a-48e3-56db-936e-f49af9832cb1,2026-09-13T07:42:00,3.7,4.73,2669,1745,6.2,58.0,46.83,0.0
18b90679-ba14-5785-bca6-c3cc1e3ad587,2026-09-13T07:42:00,2.8,4.72,2947,1807,6.33,58.0,48.7,0.0
77059140-e829-5d12-90bd-2d2ebd9c436c,2026-09-13T07:42:00,2.74,4.93,2779,1669,7.41,58.0,46.84,0.0
3a6c166d-37fa-5cda-adad-777eb4567f37,2026-09-13T07:44:00,3.75,4.53,2842,1812,4.25,78.8,50.75,0.0
f1a6081a-48e3-56db-936e-f49af9832cb1,2026-09-13T07:44:00,3.49,5.03,2685,1785,8.58,58.0,49.0,0.0
18b90679-ba14-5785-bca6-c3cc1e3ad587,2026-09-13T07:44:00,3.33,4.88,2640,1797,7.44,58.0,46.93,0.0
77059140-e829-5d12-90bd-2d2ebd9c436c,2026-09-13T07:44:00,3.61,5.34,2849,1735,6.69,58.0,44.24,0.0
3a6c166d-37fa-5cda-adad-777eb4567f37,2026-09-13T07:46:00,3.46,4.55,2918,1977,9.76,79.08,51.06,0.0
f1a6081a-48e3-56db-936e-f49af9832cb1,2026-09-13T07:46:00,3.24,5.41,3120,1848,9.6,58.0,51.26,0.0
18b90679-ba14-5785-bca6-c3cc1e3ad587,2026-09-13T07:46:00,3.06,4.85,2775,1787,4.82,58.0,49.45,0.0
77059140-e829-5d12-90bd-2d2ebd9c436c,2026-09-13T07:46:00,3.46,4.76,2839,1767,4.65,58.0,49.83,0.0
3a6c166d-37fa-5cda-adad-777eb4567f37,2026-09-13T07:48:00,3.55,4.25,2875,1810,2.63,79.5,44.05,0.0
f1a6081a-48e3-56db-936e-f49af9832cb1,2026-09-13T07:48:00,3.08,4.7,2894,1830,8.14,58.0,47.58,0.0
18b90679-ba14-5785-bca6-c3cc1e3ad587,2026-09-13T07:48:00,3.25,5.36,2706,1849,9.1,58.0,49.13,0.0
77059140-e829-5d12-90bd-2d2ebd9c436c,2026-09-13T07:48:00,3.42,4.88,2924,1808,7.17,58.0,46.54,0.0
3a6c166d-37fa-5cda-adad-777eb4567f37,2026-09-13T07:50:00,3.58,4.22,2864,1703,4.45,79.84,44.86,0.0
f1a6081a-48e3-56db-936e-f49af9832cb1,2026-09-13T07:50:00,3.45,5.15,3020,1750,7.12,58.0,49.46,0.0
18b90679-ba14-5785-bca6-c3cc1e3ad587,2026-09-13T07:50:00,3.15,5.66,2720,1883,6.99,58.0,47.29,0.0
77059140-e829-5d12-90bd-2d2ebd9c436c,2026-09-13T07:50:00,4.03,5.06,2904,1836,8.09,58.0,51.72,0.0
3a6c166d-37fa-5cda-adad-777eb4567f37,2026-09-13T07:52:00,3.82,4.24,3051,1705,6.03,78.95,46.25,0.0
f1a6081a-48e3-56db-936e-f49af9832cb1,2026-09-13T07:52:00,3.96,4.84,2738,1774,6.95,58.0,48.38,0.0
18b90679-ba14-5785-bca6-c3cc1e3ad587,2026-09-13T07:52:00,3.12,5.3,2886,1801,5.9,58.0,50.77,0.0
77059140-e829-5d12-90bd-2d2ebd9c436c,2026-09-13T07:52:00,3.42,4.45,2732,1852,8.57,58.0,47.94,0.0
3a6c166d-37fa-5cda-adad-777eb4567f37,2026-09-13T07:54:00,3.14,5.46,2744,1763,6.1,79.59,45.98,0.0
f1a6081a-48e3-56db-936e-f49af9832cb1,2026-09-13T07:54:00,3.54,5.18,2884,1879,3.73,58.0,48.8,0.0
18b90679-ba14-5785-bca6-c3cc1e3ad587,2026-09-13T07:54:00,3.39,5.84,2638,1850,8.52,58.0,51.58,0.0
77059140-e829-5d12-90bd-2d2ebd9c436c,2026-09-13T07:54:00,2.96,4.93,3048,1783,6.71,58.0,45.99,0.0
3a6c166d-37fa-5cda-adad-777eb4567f37,2026-09-13T07:56:00,3.45,5.54,2996,1916,6.54,79.28,49.62,0.0
f1a6081a-48e3-56db-936e-f49af9832cb1,2026-09-13T07:56:00,3.48,4.59,3001,1741,7.31,58.0,46.1,0.0
18b90679-ba14-5785-bca6-c3cc1e3ad587,2026-09-13T07:56:00,3.34,4.75,2835,1913,8.21,58.0,46.21,0.0
77059140-e829-5d12-90bd-2d2ebd9c436c,2026-09-13T07:56:00,2.96,5.32,2791,1848,8.01,58.0,46.86,0.0
3a6c166d-37fa-5cda-adad-777eb4567f37,2026-09-13T07:58:00,3.23,5.5,2803,1795,9.93,79.9,51.04,0.0
f1a6081a-48e3-56db-936e-f49af9832cb1,2026-09-13T07:58:00,3.02,4.89,3009,1787,6.56,58.0,50.79,0.0
18b90679-ba14-5785-bca6-c3cc1e3ad587,2026-09-13T07:58:00,3.65,5.44,3172,1787,4.08,58.0,51.39,0.0
77059140-e829-5d12-90bd-2d2ebd9c436c,2026-09-13T07:58:00,3.33,4.24,2849,1857,7.76,58.0,51.33,0.0
3a6c166d-37fa-5cda-adad-777eb4567f37,2026-09-13T08:00:00,3.67,4.57,2873,1944,5.71,79.79,43.94,0.0
f1a6081a-48e3-56db-936e-f49af9832cb1,2026-09-13T08:00:00,3.97,4.82,3063,1760,7.65,58.0,55.91,0.0
18b90679-ba14-5785-bca6-c3cc1e3ad587,2026-09-13T08:00:00,3.43,5.11,2884,1785,6.88,58.0,48.85,0.0
77059140-e829-5d12-90bd-2d2ebd9c436c,2026-09-13T08:00:00,3.59,4.93,2735,1828,7.42,58.0,50.12,0.0
3a6c166d-37fa-5cda-adad-777eb4567f37,2026-09-13T08:02:00,4.0,4.8,3085,1850,5.04,80.0,47.58,0.0
f1a6081a-48e3-56db-936e-f49af9832cb1,2026-09-13T08:02:00,3.67,5.2,2782,2096,9.66,58.0,49.39,0.0
18b90679-ba14-5785-bca6-c3cc1e3ad587,2026-09-13T08:02:00,2.94,4.8,3058,1896,12.04,58.0,47.8,0.0
77059140-e829-5d12-90bd-2d2ebd9c436c,2026-09-13T08:02:00,3.74,4.97,3056,1816,5.84,58.0,49.28,0.0
3a6c166d-37fa-5cda-adad-777eb4567f37,2026-09-13T08:04:00,3.12,5.41,3148,1947,4.82,80.13,48.16,0.0
f1a6081a-48e3-56db-936e-f49af9832cb1,2026-09-13T08:04:00,3.62,4.87,2969,1944,7.79,58.0,45.0,0.0
18b90679-ba14-5785-bca6-c3cc1e3ad587,2026-09-13T08:04:00,3.45,6.28,3080,1680,8.21,58.0,44.74,0.0
77059140-e829-5d12-90bd-2d2ebd9c436c,2026-09-13T08:04:00,3.52,5.25,2904,1894,9.02,58.0,47.89,0.0
3a6c166d-37fa-5cda-adad-777eb4567f37,2026-09-13T08:06:00,3.79,4.83,2826,1778,6.07,79.78,50.11,0.0
f1a6081a-48e3-56db-936e-f49af9832cb1,2026-09-13T08:06:00,3.28,5.15,2971,1815,6.31,58.0,52.3,0.0
18b90679-ba14-5785-bca6-c3cc1e3ad587,2026-09-13T08:06:00,3.58,5.17,3163,1698,10.16,58.0,53.41,0.0
77059140-e829-5d12-90bd-2d2ebd9c436c,2026-09-13T08:06:00,3.85,5.25,2994,1768,4.82,58.0,48.74,0.0
3a6c166d-37fa-5cda-adad-777eb4567f37,2026-09-13T08:08:00,3.83,5.16,2900,1793,7.53,79.89,47.06,0.0
f1a6081a-48e3-56db-936e-f49af9832cb1,2026-09-13T08:08:00,3.27,5.06,2960,1906,7.76,58.0,48.13,0.0
18b90679-ba14-5785-bca6-c3cc1e3ad587,2026-09-13T08:08:00,3.41,5.74,2974,1868,7.53,58.0,47.66,0.0
77059140-e829-5d12-90bd-2d2ebd9c436c,2026-09-13T08:08:00,2.98,4.77,3009,1709,7.57,58.0,49.3,0.0
3a6c166d-37fa-5cda-adad-777eb4567f37,2026-09-13T08:10:00,3.28,5.49,2978,1833,7.28,79.91,48.12,0.0
f1a6081a-48e3-56db-936e-f49af9832cb1,2026-09-13T08:10:00,3.6,4.84,3054,1960,8.29,58.0,54.74,0.0
18b90679-ba14-5785-bca6-c3cc1e3ad587,2026-09-13T08:10:00,3.69,4.78,3093,1894,10.16,58.0,43.2,0.0
77059140-e829-5d12-90bd-2d2ebd9c436c,2026-09-13T08:10:00,4.11,5.07,2978,1837,9.88,58.0,45.92,0.0
3a6c166d-37fa-5cda-adad-777eb4567f37,2026-09-13T08:12:00,3.05,4.79,2960,1896,3.56,80.12,54.21,0.0
f1a6081a-48e3-56db-936e-f49af9832cb1,2026-09-13T08:12:00,3.55,5.07,3138,1932,8.19,58.0,47.12,0.0
18b90679-ba14-5785-bca6-c3cc1e3ad587,2026-09-13T08:12:00,3.8,4.94,2911,1812,7.95,58.0,47.73,0.0
77059140-e829-5d12-90bd-2d2ebd9c436c,2026-09-13T08:12:00,3.89,5.03,3075,1981,5.87,58.0,52.21,0.0
3a6c166d-37fa-5cda-adad-777eb4567f37,2026-09-13T08:14:00,4.06,4.96,2784,1949,9.0,79.77,48.51,0.0
f1a6081a-48e3-56db-936e-f49af9832cb1,2026-09-13T08:14:00,3.87,5.13,3028,1871,8.81,58.0,48.89,0.0
18b90679-ba14-5785-bca6-c3cc1e3ad587,2026-09-13T08:14:00,3.45,5.43,3092,1861,6.45,58.0,50.59,0.0
77059140-e829-5d12-90bd-2d2ebd9c436c,2026-09-13T08:14:00,3.09,5.24,3154,1908,7.57,58.0,49.17,0.0
3a6c166d-37fa-5cda-adad-777eb4567f37,2026-09-13T08:16:00,3.6,4.9,3036,1837,5.45,79.87,49.58,0.0
f1a6081a-48e3-56db-936e-f49af9832cb1,2026-09-13T08:16:00,4.03,5.29,3387,1894,7.83,58.0,48.78,0.0
18b90679-ba14-5785-bca6-c3cc1e3ad587,2026-09-13T08:16:00,3.63,5.26,3008,1889,8.69,58.0,49.21,0.0
77059140-e829-5d12-90bd-2d2ebd9c436c,2026-09-13T08:16:00,3.6,5.34,3151,1845,5.84,58.0,49.58,0.0
3a6c166d-37fa-5cda-adad-777eb4567f37,2026-09-13T08:18:00,3.14,5.59,2767,1795,7.91,79.97,50.33,0.0
f1a6081a-48e3-56db-936e-f49af9832cb1,2026-09-13T08:18:00,4.08,5.38,2851,1846,8.68,58.0,50.19,0.0
18b90679-ba14-5785-bca6-c3cc1e3ad587,2026-09-13T08:18:00,3.42,5.46,3081,1982,7.67,58.0,51.53,0.0
77059140-e829-5d12-90bd-2d2ebd9c436c,2026-09-13T08:18:00,3.5,5.17,2945,1943,8.21,58.0,46.45,0.0
3a6c166d-37fa-5cda-adad-777eb4567f37,2026-09-13T08:20:00,4.22,5.62,2965,1937,5.51,79.92,46.66,0.0
f1a6081a-48e3-56db-936e-f49af9832cb1,2026-09-13T08:20:00,3.17,5.06,2789,1894,7.99,58.0,49.27,0.0
18b90679-ba14-5785-bca6-c3cc1e3ad587,2026-09-13T08:20:00,3.34,4.85,2822,2018,6.56,58.0,51.75,0.0
77059140-e829-5d12-90bd-2d2ebd9c436c,2026-09-13T08:20:00,3.41,5.35,2890,1915,6.2,58.0,50.56,0.0
3a6c166d-37fa-5cda-adad-777eb4567f37,2026-09-13T08:22:00,3.23,4.8,3115,1862,8.59,79.73,50.76,0.0
f1a6081a-48e3-56db-936e-f49af9832cb1,2026-09-13T08:22:00,3.43,4.58,3026,2017,11.82,58.0,49.76,0.0
18b90679-ba14-5785-bca6-c3cc1e3ad587,2026-09-13T08:22:00,3.56,4.81,3022,1838,8.32,58.0,52.62,0.0
77059140-e829-5d12-90bd-2d2ebd9c436c,2026-09-13T08:22:00,4.03,5.63,3156,1890,9.57,58.0,50.9,0.0
3a6c166d-37fa-5cda-adad-777eb4567f37,2026-09-13T08:24:00,3.36,4.98,2982,1932,7.78,80.1,45.63,0.0
f1a6081a-48e3-56db-936e-f49af9832cb1,2026-09-13T08:24:00,3.98,4.89,3069,1774,8.11,58.0,49.62,0.0
18b90679-ba14-5785-bca6-c3cc1e3ad587,2026-09-13T08:24:00,3.8,5.21,3021,1919,7.87,58.0,48.69,0.0
77059140-e829-5d12-90bd-2d2ebd9c436c,2026-09-13T08:24:00,3.64,4.61,3006,1878,9.11,58.0,48.47,0.0
3a6c166d-37fa-5cda-adad-777eb4567f37,2026-09-13T08:26:00,4.14,4.92,3034,1928,7.34,80.09,50.83,0.0
f1a6081a-48e3-56db-936e-f49af9832cb1,2026-09-13T08:26:00,4.17,5.35,3135,1853,8.72,58.0,51.39,0.0
18b90679-ba14-5785-bca6-c3cc1e3ad587,2026-09-13T08:26:00,3.47,5.49,3034,1864,10.75,58.0,48.02,0.0
77059140-e829-5d12-90bd-2d2ebd9c436c,2026-09-13T08:26:00,4.2,5.16,3212,1922,7.34,58.0,50.4,0.0
3a6c166d-37fa-5cda-adad-777eb4567f37,2026-09-13T08:28:00,3.96,4.82,3173,1990,7.05,79.94,49.03,0.0
f1a6081a-48e3-56db-936e-f49af9832cb1,2026-09-13T08:28:00,3.38,5.69,3248,2069,7.41,58.0,48.59,0.0
18b90679-ba14-5785-bca6-c3cc1e3ad587,2026-09-13T08:28:00,4.02,4.87,3208,1887,6.85,58.0,45.67,0.0
77059140-e829-5d12-90bd-2d2ebd9c436c,2026-09-13T08:28:00,4.26,5.5,3143,1971,6.7,58.0,50.19,0.0
3a6c166d-37fa-5cda-adad-777eb4567f37,2026-09-13T08:30:00,3.37,5.36,3088,1995,5.49,80.13,52.08,0.0
f1a6081a-48e3-56db-936e-f49af9832cb1,2026-09-13T08:30:00,2.93,5.28,3072,1814,8.05,58.0,49.09,0.0
18b90679-ba14-5785-bca6-c3cc1e3ad587,2026-09-13T08:30:00,3.26,5.11,3055,1885,6.18,58.0,51.18,0.0
77059140-e829-5d12-90bd-2d2ebd9c436c,2026-09-13T08:30:00,4.15,5.96,3178,1911,9.72,58.0,48.5,0.0
3a6c166d-37fa-5cda-adad-777eb4567f37,2026-09-13T08:32:00,3.76,5.25,3111,2103,7.67,79.95,50.71,0.0
f1a6081a-48e3-56db-936e-f49af9832cb1,2026-09-13T08:32:00,3.42,5.01,3257,1894,10.23,58.0,48.63,0.0
18b90679-ba14-5785-bca6-c3cc1e3ad587,2026-09-13T08:32:00,4.05,4.97,3495,1946,7.06,58.0,49.64,0.0
77059140-e829-5d12-90bd-2d2ebd9c436c,2026-09-13T08:32:00,4.1,5.23,3066,2112,7.4,58.0,45.19,0.0
3a6c166d-37fa-5cda-adad-777eb4567f37,2026-09-13T08:34:00,3.68,4.92,3215,1938,7.73,80.4,47.22,0.0
f1a6081a-48e3-56db-936e-f49af9832cb1,2026-09-13T08:34:00,3.48,5.56,3271,1873,9.42,58.0,50.87,0.0
18b90679-ba14-5785-bca6-c3cc1e3ad587,2026-09-13T08:34:00,4.56,6.03,3042,1772,11.03,58.0,50.0,0.0
77059140-e829-5d12-90bd-2d2ebd9c436c,2026-09-13T08:34:00,3.38,6.0,3067,2105,5.18,58.0,47.34,0.0
3a6c166d-37fa-5cda-adad-777eb4567f37,2026-09-13T08:36:00,4.13,5.18,3314,2045,10.51,79.8,51.62,0.0
f1a6081a-48e3-56db-936e-f49af9832cb1,2026-09-13T08:36:00,2.92,4.52,3149,1927,8.9,58.0,51.66,0.0
18b90679-ba14-5785-bca6-c3cc1e3ad587,2026-09-13T08:36:00,3.79,6.03,3271,2006,10.59,58.0,53.68,0.0
77059140-e829-5d12-90bd-2d2ebd9c436c,2026-09-13T08:36:00,3.59,5.33,3144,2105,6.45,58.0,52.47,0.0
3a6c166d-37fa-5cda-adad-777eb4567f37,2026-09-13T08:38:00,3.54,6.24,3214,1975,6.89,80.2,54.21,0.0
f1a6081a-48e3-56db-936e-f49af9832cb1,2026-09-13T08:38:00,3.23,4.95,3139,1818,4.33,58.0,51.28,0.0
18b90679-ba14-5785-bca6-c3cc1e3ad587,2026-09-13T08:38:00,3.5,5.23,3082,2065,9.71,58.0,51.33,0.0
77059140-e829-5d12-90bd-2d2ebd9c436c,2026-09-13T08:38:00,3.5,5.08,3094,1872,10.58,58.0,48.24,0.0
3a6c166d-37fa-5cda-adad-777eb4567f37,2026-09-13T08:40:00,3.8,6.86,3187,2030,8.37,80.61,50.83,0.0
f1a6081a-48e3-56db-936e-f49af9832cb1,2026-09-13T08:40:00,4.24,5.29,2970,2104,8.06,58.0,57.94,0.0
18b90679-ba14-5785-bca6-c3cc1e3ad587,2026-09-13T08:40:00,3.89,4.8,3227,1859,7.42,58.0,47.55,0.0
77059140-e829-5d12-90bd-2d2ebd9c436c,2026-09-13T08:40:00,4.03,4.74,3045,2043,3.51,58.0,49.29,0.0
3a6c166d-37fa-5cda-adad-777eb4567f37,2026-09-13T08:42:00,3.93,5.79,3263,2023,9.9,80.13,53.52,0.0
f1a6081a-48e3-56db-936e-f49af9832cb1,2026-09-13T08:42:00,3.05,4.85,3063,2001,5.2,58.0,51.8,0.0
18b90679-ba14-5785-bca6-c3cc1e3ad587,2026-09-13T08:42:00,3.72,4.95,3074,1979,9.07,58.0,48.57,0.0
77059140-e829-5d12-90bd-2d2ebd9c436c,2026-09-13T08:42:00,3.5,5.47,3260,1985,8.32,58.0,49.29,0.0
3a6c166d-37fa-5cda-adad-777eb4567f37,2026-09-13T08:44:00,4.08,5.17,3410,2036,8.83,80.18,47.52,0.0
f1a6081a-48e3-56db-936e-f49af9832cb1,2026-09-13T08:44:00,4.23,5.49,3177,1993,9.68,58.0,51.94,0.0
18b90679-ba14-5785-bca6-c3cc1e3ad587,2026-09-13T08:44:00,3.76,5.25,3206,2136,6.73,58.0,50.72,0.0
77059140-e829-5d12-90bd-2d2ebd9c436c,2026-09-13T08:44:00,3.26,5.03,3057,1969,8.42,58.0,50.69,0.0
3a6c166d-37fa-5cda-adad-777eb4567f37,2026-09-13T08:46:00,2.76,5.43,3272,1761,10.1,80.96,51.75,0.0
f1a6081a-48e3-56db-936e-f49af9832cb1,2026-09-13T08:46:00,3.78,5.47,3151,1951,5.96,58.0,46.93,0.0
18b90679-ba14-5785-bca6-c3cc1e3ad587,2026-09-13T08:46:00,3.66,4.39,3236,2041,11.55,58.0,47.16,0.0
77059140-e829-5d12-90bd-2d2ebd9c436c,2026-09-13T08:46:00,3.21,5.48,3096,1953,6.67,58.0,53.59,0.0
3a6c166d-37fa-5cda-adad-777eb4567f37,2026-09-13T08:48:00,3.52,5.57,3210,1946,8.47,80.08,50.24,0.0
f1a6081a-48e3-56db-936e-f49af9832cb1,2026-09-13T08:48:00,3.89,4.96,3189,2005,7.27,58.0,54.81,0.0
18b90679-ba14-5785-bca6-c3cc1e3ad587,2026-09-13T08:48:00,3.82,6.33,3211,2160,8.27,58.0,51.61,0.0
77059140-e829-5d12-90bd-2d2ebd9c436c,2026-09-13T08:48:00,3.71,5.65,3233,2084,7.63,58.0,54.34,0.0
3a6c166d-37fa-5cda-adad-777eb4567f37,2026-09-13T08:50:00,3.62,5.06,3555,1969,7.91,80.24,53.38,0.0
f1a6081a-48e3-56db-936e-f49af9832cb1,2026-09-13T08:50:00,3.95,5.55,3299,2058,7.61,58.0,48.11,0.0
18b90679-ba14-5785-bca6-c3cc1e3ad587,2026-09-13T08:50:00,4.35,5.92,3166,2145,6.04,58.0,52.24,0.0
77059140-e829-5d12-90bd-2d2ebd9c436c,2026-09-13T08:50:00,3.72,5.06,3453,2093,6.74,58.0,53.35,0.0
3a6c166d-37fa-5cda-adad-777eb4567f37,2026-09-13T08:52:00,3.88,5.98,3399,2019,9.06,80.1,52.87,0.0
f1a6081a-48e3-56db-936e-f49af9832cb1,2026-09-13T08:52:00,3.52,5.5,3032,2126,6.44,58.0,50.9,0.0
18b90679-ba14-5785-bca6-c3cc1e3ad587,2026-09-13T08:52:00,3.58,5.86,3204,2284,10.64,58.0,49.88,0.0
77059140-e829-5d12-90bd-2d2ebd9c436c,2026-09-13T08:52:00,3.52,5.82,3218,2051,10.3,58.0,51.18,0.0
3a6c166d-37fa-5cda-adad-777eb4567f37,2026-09-13T08:54:00,4.13,5.14,3109,2040,8.19,80.76,47.36,0.0
f1a6081a-48e3-56db-936e-f49af9832cb1,2026-09-13T08:54:00,3.4,5.34,3250,2052,9.39,58.0,46.83,0.0
18b90679-ba14-5785-bca6-c3cc1e3ad587,2026-09-13T08:54:00,3.13,5.25,3113,2052,4.84,58.0,46.39,0.0
77059140-e829-5d12-90bd-2d2ebd9c436c,2026-09-13T08:54:00,4.07,5.72,3299,2148,8.05,58.0,51.03,0.0
3a6c166d-37fa-5cda-adad-777eb4567f37,2026-09-13T08:56:00,3.59,5.95,3288,2047,8.91,80.78,51.17,0.0
f1a6081a-48e3-56db-936e-f49af9832cb1,2026-09-13T08:56:00,3.83,5.66,3225,2062,8.41,58.0,48.61,0.0
18b90679-ba14-5785-bca6-c3cc1e3ad587,2026-09-13T08:56:00,3.82,6.0,3314,2033,7.9,58.0,48.83,0.0
77059140-e829-5d12-90bd-2d2ebd9c436c,2026-09-13T08:56:00,4.21,5.36,3305,1953,6.72,58.0,50.49,0.0
3a6c166d-37fa-5cda-adad-777eb4567f37,2026-09-13T08:58:00,3.56,5.12,3252,2033,11.62,80.58,53.13,0.0
f1a6081a-48e3-56db-936e-f49af9832cb1,2026-09-13T08:58:00,3.32,6.03,3250,1974,10.19,58.0,50.14,0.0
18b90679-ba14-5785-bca6-c3cc1e3ad587,2026-09-13T08:58:00,3.47,5.35,3214,2111,9.86,58.0,50.34,0.0
77059140-e829-5d12-90bd-2d2ebd9c436c,2026-09-13T08:58:00,3.68,5.35,3363,2166,8.44,58.0,50.63,0.0
3a6c166d-37fa-5cda-adad-777eb4567f37,2026-09-13T09:00:00,3.88,5.84,3260,2003,8.28,80.3,46.3,0.0
f1a6081a-48e3-56db-936e-f49af9832cb1,2026-09-13T09:00:00,3.15,6.07,3253,2154,11.49,58.0,50.83,0.0
18b90679-ba14-5785-bca6-c3cc1e3ad587,2026-09-13T09:00:00,3.9,5.1,3087,1906,8.23,58.0,52.87,0.0
77059140-e829-5d12-90bd-2d2ebd9c436c,2026-09-13T09:00:00,3.37,5.48,3446,2047,10.42,58.0,52.58,0.0
3a6c166d-37fa-5cda-adad-777eb4567f37,2026-09-13T09:02:00,3.53,5.7,3041,2144,8.12,80.62,53.42,0.0
f1a6081a-48e3-56db-936e-f49af9832cb1,2026-09-13T09:02:00,3.57,5.33,3389,2078,8.75,58.0,54.45,0.0
18b90679-ba14-5785-bca6-c3cc1e3ad587,2026-09-13T09:02:00,4.15,5.76,3436,1999,5.66,58.0,49.63,0.0
77059140-e829-5d12-90bd-2d2ebd9c436c,2026-09-13T09:02:00,3.21,5.72,3340,2005,10.09,58.0,56.18,0.0
3a6c166d-37fa-5cda-adad-777eb4567f37,2026-09-13T09:04:00,3.29,5.22,3396,2192,8.21,81.0,52.23,0.0
f1a6081a-48e3-56db-936e-f49af9832cb1,2026-09-13T09:04:00,3.98,4.97,3388,2120,6.17,58.0,45.35,0.0
18b90679-ba14-5785-bca6-c3cc1e3ad587,2026-09-13T09:04:00,3.13,5.76,3366,2097,10.9,58.0,50.51,0.0
77059140-e829-5d12-90bd-2d2ebd9c436c,2026-09-13T09:04:00,3.78,5.08,3219,2200,8.18,58.0,51.44,0.0
3a6c166d-37fa-5cda-adad-777eb4567f37,2026-09-13T09:06:00,3.92,5.53,3266,2071,9.41,80.89,45.25,0.0
f1a6081a-48e3-56db-936e-f49af9832cb1,2026-09-13T09:06:00,3.74,6.22,3117,1980,13.5,58.0,50.86,0.0
18b90679-ba14-5785-bca6-c3cc1e3ad587,2026-09-13T09:06:00,3.87,4.44,3394,2204,5.5,58.0,53.51,0.0
77059140-e829-5d12-90bd-2d2ebd9c436c,2026-09-13T09:06:00,3.47,5.6,3214,2065,8.34,58.0,52.63,0.0
3a6c166d-37fa-5cda-adad-777eb4567f37,2026-09-13T09:08:00,3.68,4.76,3343,2280,9.02,80.02,54.35,0.0
f1a6081a-48e3-56db-936e-f49af9832cb1,2026-09-13T09:08:00,3.77,5.1,3439,2140,7.81,58.0,47.64,0.0
18b90679-ba14-5785-bca6-c3cc1e3ad587,2026-09-13T09:08:00,4.09,5.13,3576,1905,8.44,58.0,55.14,0.0
77059140-e829-5d12-90bd-2d2ebd9c436c,2026-09-13T09:08:00,3.73,5.22,3106,2195,7.59,58.0,55.02,0.0
3a6c166d-37fa-5cda-adad-777eb4567f37,2026-09-13T09:10:00,3.95,5.46,3303,2133,8.38,80.44,49.03,0.0
f1a6081a-48e3-56db-936e-f49af9832cb1,2026-09-13T09:10:00,4.21,4.72,3358,2155,8.03,58.0,52.41,0.0
18b90679-ba14-5785-bca6-c3cc1e3ad587,2026-09-13T09:10:00,3.55,6.03,3236,1994,8.48,58.0,54.09,0.0
77059140-e829-5d12-90bd-2d2ebd9c436c,2026-09-13T09:10:00,3.54,5.77,3363,2065,7.67,58.0,53.01,0.0
3a6c166d-37fa-5cda-adad-777eb4567f37,2026-09-13T09:12:00,3.96,5.26,3253,2336,9.06,80.53,53.17,0.0
f1a6081a-48e3-56db-936e-f49af9832cb1,2026-09-13T09:12:00,4.05,6.04,3025,1999,7.26,58.0,52.9,0.0
18b90679-ba14-5785-bca6-c3cc1e3ad587,2026-09-13T09:12:00,3.99,5.87,3323,1970,9.84,58.0,53.71,0.0
77059140-e829-5d12-90bd-2d2ebd9c436c,2026-09-13T09:12:00,3.96,5.73,3321,2169,10.86,58.0,51.73,0.0
3a6c166d-37fa-5cda-adad-777eb4567f37,2026-09-13T09:14:00,4.04,5.79,3402,2163,10.14,80.89,49.7,0.0
f1a6081a-48e3-56db-936e-f49af9832cb1,2026-09-13T09:14:00,3.89,5.92,3387,2191,9.5,58.0,49.98,0.0
18b90679-ba14-5785-bca6-c3cc1e3ad587,2026-09-13T09:14:00,2.77,6.11,3391,1912,7.08,58.0,49.34,0.0
77059140-e829-5d12-90bd-2d2ebd9c436c,2026-09-13T09:14:00,3.86,5.35,3508,2133,7.37,58.0,48.51,0.0
3a6c166d-37fa-5cda-adad-777eb4567f37,2026-09-13T09:16:00,3.68,5.93,3287,2170,9.33,80.15,49.5,0.0
f1a6081a-48e3-56db-936e-f49af9832cb1,2026-09-13T09:16:00,4.3,5.24,3256,2036,7.33,58.0,51.72,0.0
18b90679-ba14-5785-bca6-c3cc1e3ad587,2026-09-13T09:16:00,4.0,5.32,3428,2039,5.79,58.0,52.95,0.0
77059140-e829-5d12-90bd-2d2ebd9c436c,2026-09-13T09:16:00,4.18,5.06,3355,2166,7.69,58.0,50.57,0.0
3a6c166d-37fa-5cda-adad-777eb4567f37,2026-09-13T09:18:00,3.41,5.34,3592,2149,6.84,80.98,49.96,0.0
f1a6081a-48e3-56db-936e-f49af9832cb1,2026-09-13T09:18:00,4.32,6.13,3391,2114,9.54,58.0,49.63,0.0
18b90679-ba14-5785-bca6-c3cc1e3ad587,2026-09-13T09:18:00,3.32,6.49,3448,2088,7.89,58.0,52.69,0.0
77059140-e829-5d12-90bd-2d2ebd9c436c,2026-09-13T09:18:00,3.75,6.14,3316,2119,7.53,58.0,50.42,0.0
3a6c166d-37fa-5cda-adad-777eb4567f37,2026-09-13T09:20:00,3.9,5.64,3307,2139,9.77,80.59,51.64,0.0
f1a6081a-48e3-56db-936e-f49af9832cb1,2026-09-13T09:20:00,4.17,6.1,3400,2167,11.43,58.0,52.69,0.0
18b90679-ba14-5785-bca6-c3cc1e3ad587,2026-09-13T09:20:00,3.61,5.17,3621,2107,6.82,58.0,52.17,0.0
77059140-e829-5d12-90bd-2d2ebd9c436c,2026-09-13T09:20:00,4.1,5.99,3478,2062,7.88,58.0,51.8,0.0
3a6c166d-37fa-5cda-adad-777eb4567f37,2026-09-13T09:22:00,3.88,5.42,3345,2139,9.97,80.88,50.21,0.0
f1a6081a-48e3-56db-936e-f49af9832cb1,2026-09-13T09:22:00,3.82,5.99,3395,2183,8.52,58.0,48.34,0.0
18b90679-ba14-5785-bca6-c3cc1e3ad587,2026-09-13T09:22:00,3.47,6.35,3424,2108,7.35,58.0,52.68,0.0
77059140-e829-5d12-90bd-2d2ebd9c436c,2026-09-13T09:22:00,4.5,5.26,3552,2270,10.19,58.0,50.67,0.0
3a6c166d-37fa-5cda-adad-777eb4567f37,2026-09-13T09:24:00,3.48,6.25,3493,2211,11.84,80.97,51.33,0.0
f1a6081a-48e3-56db-936e-f49af9832cb1,2026-09-13T09:24:00,3.04,5.68,3514,2219,9.97,58.0,55.77,0.0
18b90679-ba14-5785-bca6-c3cc1e3ad587,2026-09-13T09:24:00,3.34,5.3,3296,2076,8.2,58.0,51.93,0.0
77059140-e829-5d12-90bd-2d2ebd9c436c,2026-09-13T09:24:00,4.19,5.88,3495,2061,6.86,58.0,59.86,0.0
3a6c166d-37fa-5cda-adad-777eb4567f37,2026-09-13T09:26:00,4.09,5.79,3474,2070,13.1,80.52,53.46,0.0
f1a6081a-48e3-56db-936e-f49af9832cb1,2026-09-13T09:26:00,4.15,5.56,3365,2183,9.31,58.0,53.78,0.0
18b90679-ba14-5785-bca6-c3cc1e3ad587,2026-09-13T09:26:00,3.64,5.94,3796,2102,10.66,58.0,51.78,0.0
77059140-e829-5d12-90bd-2d2ebd9c436c,2026-09-13T09:26:00,4.12,5.39,3444,2149,7.39,58.0,52.79,0.0
3a6c166d-37fa-5cda-adad-777eb4567f37,2026-09-13T09:28:00,3.91,5.06,3585,2259,8.67,80.79,50.48,0.0
f1a6081a-48e3-56db-936e-f49af9832cb1,2026-09-13T09:28:00,3.59,5.81,3589,2061,6.28,58.0,52.61,0.0
18b90679-ba14-5785-bca6-c3cc1e3ad587,2026-09-13T09:28:00,3.21,5.57,3516,2240,4.88,58.0,52.2,0.0
77059140-e829-5d12-90bd-2d2ebd9c436c,2026-09-13T09:28:00,4.29,5.3,3616,2190,9.99,58.0,53.81,0.0
3a6c166d-37fa-5cda-adad-777eb4567f37,2026-09-13T09:30:00,3.66,5.81,3569,2199,11.07,80.67,49.14,0.0
f1a6081a-48e3-56db-936e-f49af9832cb1,2026-09-13T09:30:00,4.03,5.08,3441,2119,8.63,58.0,50.31,0.0
18b90679-ba14-5785-bca6-c3cc1e3ad587,2026-09-13T09:30:00,4.11,5.71,3295,2216,9.42,58.0,51.99,0.0
77059140-e829-5d12-90bd-2d2ebd9c436c,2026-09-13T09:30:00,3.76,5.68,3782,2144,6.34,58.0,51.87,0.0
3a6c166d-37fa-5cda-adad-777eb4567f37,2026-09-13T09:32:00,4.49,5.49,3446,2143,6.77,80.78,48.49,0.0
f1a6081a-48e3-56db-936e-f49af9832cb1,2026-09-13T09:32:00,3.75,6.35,3259,2203,9.92,58.0,50.68,0.0
18b90679-ba14-5785-bca6-c3cc1e3ad587,2026-09-13T09:32:00,3.87,5.99,3250,2244,10.67,58.0,54.26,0.0
77059140-e829-5d12-90bd-2d2ebd9c436c,2026-09-13T09:32:00,4.13,6.06,3582,2084,7.97,58.0,50.58,0.0
3a6c166d-37fa-5cda-adad-777eb4567f37,2026-09-13T09:34:00,4.0,5.46,3605,2033,9.36,80.86,49.44,0.0
f1a6081a-48e3-56db-936e-f49af9832cb1,2026-09-13T09:34:00,4.06,4.79,3543,2243,7.81,58.0,51.21,0.0
18b90679-ba14-5785-bca6-c3cc1e3ad587,2026-09-13T09:34:00,3.34,5.79,3224,2226,10.32,58.0,52.28,0.0
77059140-e829-5d12-90bd-2d2ebd9c436c,2026-09-13T09:34:00,3.81,5.24,3385,2193,9.28,58.0,51.54,0.0
3a6c166d-37fa-5cda-adad-777eb4567f37,2026-09-13T09:36:00,4.02,5.8,3639,2216,12.11,80.56,49.85,0.0
f1a6081a-48e3-56db-936e-f49af9832cb1,2026-09-13T09:36:00,4.67,5.37,3395,2198,6.27,58.0,52.38,0.0
18b90679-ba14-5785-bca6-c3cc1e3ad587,2026-09-13T09:36:00,3.73,5.56,3479,2079,7.06,58.0,59.2,0.0
77059140-e829-5d12-90bd-2d2ebd9c436c,2026-09-13T09:36:00,3.74,5.7,3467,2317,10.07,58.0,56.52,0.0
3a6c166d-37fa-5cda-adad-777eb4567f37,2026-09-13T09:38:00,4.42,5.85,3636,2239,12.4,80.84,52.89,0.0
f1a6081a-48e3-56db-936e-f49af9832cb1,2026-09-13T09:38:00,3.67,5.37,3474,2266,9.33,58.0,46.89,0.0
18b90679-ba14-5785-bca6-c3cc1e3ad587,2026-09-13T09:38:00,4.1,5.85,3504,2251,8.91,58.0,53.43,0.0
77059140-e829-5d12-90bd-2d2ebd9c436c,2026-09-13T09:38:00,3.82,5.48,3466,2014,7.28,58.0,54.69,0.0
3a6c166d-37fa-5cda-adad-777eb4567f37,2026-09-13T09:40:00,3.9,5.41,3471,2314,12.34,81.41,56.27,0.0
f1a6081a-48e3-56db-936e-f49af9832cb1,2026-09-13T09:40:00,3.7,5.97,3649,2287,10.38,58.0,56.84,0.0
18b90679-ba14-5785-bca6-c3cc1e3ad587,2026-09-13T09:40:00,3.53,6.17,3476,2196,11.8,58.0,47.78,0.0
77059140-e829-5d12-90bd-2d2ebd9c436c,2026-09-13T09:40:00,4.28,5.54,3522,2327,11.46,58.0,53.43,0.0
3a6c166d-37fa-5cda-adad-777eb4567f37,2026-09-13T09:42:00,3.51,5.66,3594,2244,13.77,81.2,52.11,0.0
f1a6081a-48e3-56db-936e-f49af9832cb1,2026-09-13T09:42:00,4.1,5.71,3583,2206,12.3,58.0,56.18,0.0
18b90679-ba14-5785-bca6-c3cc1e3ad587,2026-09-13T09:42:00,3.92,6.29,3599,2320,10.35,58.0,53.87,0.0
77059140-e829-5d12-90bd-2d2ebd9c436c,2026-09-13T09:42:00,3.5,5.52,3565,2308,9.56,58.0,51.68,0.0
3a6c166d-37fa-5cda-adad-777eb4567f37,2026-09-13T09:44:00,4.17,6.24,3636,2155,9.52,80.56,52.7,0.0
f1a6081a-48e3-56db-936e-f49af9832cb1,2026-09-13T09:44:00,4.31,6.0,3501,2117,11.27,58.0,53.22,0.0
18b90679-ba14-5785-bca6-c3cc1e3ad587,2026-09-13T09:44:00,4.17,6.61,3513,2052,6.33,58.0,46.54,0.0
77059140-e829-5d12-90bd-2d2ebd9c436c,2026-09-13T09:44:00,3.53,6.27,3566,2313,11.38,58.0,49.1,0.0
3a6c166d-37fa-5cda-adad-777eb4567f37,2026-09-13T09:46:00,3.77,5.84,3573,2170,4.62,81.18,53.01,0.0
f1a6081a-48e3-56db-936e-f49af9832cb1,2026-09-13T09:46:00,4.28,5.24,3544,2219,6.18,58.0,49.23,0.0
18b90679-ba14-5785-bca6-c3cc1e3ad587,2026-09-13T09:46:00,3.88,5.01,3609,2094,7.54,58.0,52.1,0.0
77059140-e829-5d12-90bd-2d2ebd9c436c,2026-09-13T09:46:00,4.06,6.15,3238,2290,6.89,58.0,48.13,0.0
3a6c166d-37fa-5cda-adad-777eb4567f37,2026-09-13T09:48:00,4.17,5.51,3586,2364,8.87,81.16,50.12,0.0
f1a6081a-48e3-56db-936e-f49af9832cb1,2026-09-13T09:48:00,3.59,5.95,3601,2181,10.54,58.0,56.96,0.0
18b90679-ba14-5785-bca6-c3cc1e3ad587,2026-09-13T09:48:00,3.39,5.74,3447,2068,7.61,58.0,54.17,0.0
77059140-e829-5d12-90bd-2d2ebd9c436c,2026-09-13T09:48:00,4.28,5.35,3488,2130,10.42,58.0,53.8,0.0
3a6c166d-37fa-5cda-adad-777eb4567f37,2026-09-13T09:50:00,3.92,5.19,3413,2195,7.36,81.14,56.29,0.0
f1a6081a-48e3-56db-936e-f49af9832cb1,2026-09-13T09:50:00,3.91,5.71,3464,2089,5.98,58.0,52.2,0.0
18b90679-ba14-5785-bca6-c3cc1e3ad587,2026-09-13T09:50:00,3.57,5.66,3594,2350,6.45,58.0,48.84,0.0
77059140-e829-5d12-90bd-2d2ebd9c436c,2026-09-13T09:50:00,4.19,6.25,3527,2264,5.62,58.0,49.56,0.0
3a6c166d-37fa-5cda-adad-777eb4567f37,2026-09-13T09:52:00,4.54,6.55,3635,2123,10.36,80.63,52.86,0.0
f1a6081a-48e3-56db-936e-f49af9832cb1,2026-09-13T09:52:00,3.83,5.75,3318,2141,11.26,58.0,50.73,0.0
18b90679-ba14-5785-bca6-c3cc1e3ad587,2026-09-13T09:52:00,4.33,5.37,3547,2208,9.55,58.0,55.16,0.0
77059140-e829-5d12-90bd-2d2ebd9c436c,2026-09-13T09:52:00,3.82,6.3,3647,2184,9.59,58.0,53.75,0.0
3a6c166d-37fa-5cda-adad-777eb4567f37,2026-09-13T09:54:00,3.52,5.83,3644,2204,10.93,81.02,51.2,0.0
f1a6081a-48e3-56db-936e-f49af9832cb1,2026-09-13T09:54:00,4.32,5.43,3400,2173,10.91,58.0,53.37,0.0
18b90679-ba14-5785-bca6-c3cc1e3ad587,2026-09-13T09:54:00,3.8,5.38,3607,2271,10.51,58.0,51.22,0.0
77059140-e829-5d12-90bd-2d2ebd9c436c,2026-09-13T09:54:00,4.14,6.39,3578,2156,10.72,58.0,52.54,0.0
3a6c166d-37fa-5cda-adad-777eb4567f37,2026-09-13T09:56:00,4.58,5.86,3373,2234,10.87,81.69,52.0,0.0
f1a6081a-48e3-56db-936e-f49af9832cb1,2026-09-13T09:56:00,4.37,5.87,3534,2285,6.8,58.0,51.88,0.0
18b90679-ba14-5785-bca6-c3cc1e3ad587,2026-09-13T09:56:00,4.27,5.79,3492,2322,10.9,58.0,49.55,0.0
77059140-e829-5d12-90bd-2d2ebd9c436c,2026-09-13T09:56:00,3.74,6.26,3516,2242,10.93,58.0,52.62,0.0
3a6c166d-37fa-5cda-adad-777eb4567f37,2026-09-13T09:58:00,4.17,5.52,3587,2184,9.94,81.02,57.26,0.0
f1a6081a-48e3-56db-936e-f49af9832cb1,2026-09-13T09:58:00,4.42,6.01,3702,2249,8.75,58.0,51.63,0.0
18b90679-ba14-5785-bca6-c3cc1e3ad587,2026-09-13T09:58:00,3.93,6.28,3327,2279,11.05,58.0,47.77,0.0
77059140-e829-5d12-90bd-2d2ebd9c436c,2026-09-13T09:58:00,3.15,5.81,3450,2126,9.19,58.0,56.85,0.0
3a6c166d-37fa-5cda-adad-777eb4567f37,2026-09-13T10:00:00,4.46,6.13,3725,2252,11.33,81.3,49.54,0.0
f1a6081a-48e3-56db-936e-f49af9832cb1,2026-09-13T10:00:00,4.38,5.56,3409,2182,6.18,58.0,52.32,0.0
18b90679-ba14-5785-bca6-c3cc1e3ad587,2026-09-13T10:00:00,3.95,5.27,3573,2340,6.9,58.0,57.72,0.0
77059140-e829-5d12-90bd-2d2ebd9c436c,2026-09-13T10:00:00,4.3,5.25,3592,2161,7.5,58.0,50.21,0.0
3a6c166d-37fa-5cda-adad-777eb4567f37,2026-09-13T10:02:00,4.11,5.89,3796,2217,10.14,81.19,55.75,0.0
f1a6081a-48e3-56db-936e-f49af9832cb1,2026-09-13T10:02:00,4.34,5.33,3725,2120,13.08,58.0,55.72,0.0
18b90679-ba14-5785-bca6-c3cc1e3ad587,2026-09-13T10:02:00,3.29,6.19,3509,2197,11.99,58.0,54.66,0.0
77059140-e829-5d12-90bd-2d2ebd9c436c,2026-09-13T10:02:00,3.72,5.28,3600,2295,8.68,58.0,53.23,0.0
3a6c166d-37fa-5cda-adad-777eb4567f37,2026-09-13T10:04:00,3.74,5.98,3579,2081,9.53,81.51,52.11,0.0
f1a6081a-48e3-56db-936e-f49af9832cb1,2026-09-13T10:04:00,3.56,6.12,3394,2215,7.08,58.0,53.28,0.0
18b90679-ba14-5785-bca6-c3cc1e3ad587,2026-09-13T10:04:00,4.19,4.93,3649,2266,10.5,58.0,52.86,0.0
77059140-e829-5d12-90bd-2d2ebd9c436c,2026-09-13T10:04:00,4.13,6.24,3684,2245,8.26,58.0,49.53,0.0
3a6c166d-37fa-5cda-adad-777eb4567f37,2026-09-13T10:06:00,3.93,6.35,3836,2206,11.67,81.11,49.23,0.0
f1a6081a-48e3-56db-936e-f49af9832cb1,2026-09-13T10:06:00,3.61,5.72,3523,2175,10.89,58.0,47.86,0.0
18b90679-ba14-5785-bca6-c3cc1e3ad587,2026-09-13T10:06:00,4.51,6.06,3418,2404,11.19,58.0,58.42,0.0
77059140-e829-5d12-90bd-2d2ebd9c436c,2026-09-13T10:06:00,3.9,5.79,3747,2168,5.8,58.0,50.58,0.0
3a6c166d-37fa-5cda-adad-777eb4567f37,2026-09-13T10:08:00,3.65,5.93,3622,2173,8.84,80.89,54.72,0.0
f1a6081a-48e3-56db-936e-f49af9832cb1,2026-09-13T10:08:00,3.76,6.8,3696,2194,12.44,58.0,51.83,0.0
18b90679-ba14-5785-bca6-c3cc1e3ad587,2026-09-13T10:08:00,3.36,5.31,3643,2200,10.98,58.0,49.53,0.0
77059140-e829-5d12-90bd-2d2ebd9c436c,2026-09-13T10:08:00,4.03,5.14,3676,2341,11.76,58.0,56.24,0.0
3a6c166d-37fa-5cda-adad-777eb4567f37,2026-09-13T10:10:00,4.11,5.59,3720,2229,10.43,81.06,53.62,0.0
f1a6081a-48e3-56db-936e-f49af9832cb1,2026-09-13T10:10:00,3.82,6.25,3681,2310,10.02,58.0,55.12,0.0
18b90679-ba14-5785-bca6-c3cc1e3ad587,2026-09-13T10:10:00,4.27,6.12,3599,2257,11.78,58.0,53.63,0.0
77059140-e829-5d12-90bd-2d2ebd9c436c,2026-09-13T10:10:00,4.21,6.01,3520,2326,14.08,58.0,55.23,0.0
3a6c166d-37fa-5cda-adad-777eb4567f37,2026-09-13T10:12:00,3.84,6.05,3569,2162,8.12,81.19,54.21,0.0
f1a6081a-48e3-56db-936e-f49af9832cb1,2026-09-13T10:12:00,4.01,5.91,3699,2287,9.59,58.0,53.67,0.0
18b90679-ba14-5785-bca6-c3cc1e3ad587,2026-09-13T10:12:00,4.13,6.11,3710,2371,8.56,58.0,49.37,0.0
77059140-e829-5d12-90bd-2d2ebd9c436c,2026-09-13T10:12:00,3.58,5.77,3600,2209,8.6,58.0,48.13,0.0
3a6c166d-37fa-5cda-adad-777eb4567f37,2026-09-13T10:14:00,4.44,6.33,3583,2141,10.21,81.5,53.56,0.0
f1a6081a-48e3-56db-936e-f49af9832cb1,2026-09-13T10:14:00,4.05,5.26,3570,2311,11.19,58.0,52.45,0.0
18b90679-ba14-5785-bca6-c3cc1e3ad587,2026-09-13T10:14:00,4.79,5.38,3388,2357,8.46,58.0,52.72,0.0
77059140-e829-5d12-90bd-2d2ebd9c436c,2026-09-13T10:14:00,3.64,5.96,3591,2360,8.9,58.0,53.35,0.0
3a6c166d-37fa-5cda-adad-777eb4567f37,2026-09-13T10:16:00,4.18,6.14,3870,2362,9.58,80.56,55.58,0.0
f1a6081a-48e3-56db-936e-f49af9832cb1,2026-09-13T10:16:00,3.99,6.58,3673,2295,9.93,58.0,54.03,0.0
18b90679-ba14-5785-bca6-c3cc1e3ad587,2026-09-13T10:16:00,4.8,5.53,3612,2125,7.3,58.0,46.95,0.0
77059140-e829-5d12-90bd-2d2ebd9c436c,2026-09-13T10:16:00,3.85,4.86,3557,2457,9.63,58.0,50.96,0.0
3a6c166d-37fa-5cda-adad-777eb4567f37,2026-09-13T10:18:00,4.14,6.22,3721,2297,7.46,81.39,59.27,0.0
f1a6081a-48e3-56db-936e-f49af9832cb1,2026-09-13T10:18:00,3.58,5.47,3758,2226,10.92,58.0,54.68,0.0
18b90679-ba14-5785-bca6-c3cc1e3ad587,2026-09-13T10:18:00,4.29,5.62,3672,2236,5.68,58.0,55.82,0.0
77059140-e829-5d12-90bd-2d2ebd9c436c,2026-09-13T10:18:00,3.9,5.66,3601,2313,8.9,58.0,52.89,0.0
3a6c166d-37fa-5cda-adad-777eb4567f37,2026-09-13T10:20:00,3.94,6.15,3767,2306,8.85,81.65,49.0,0.0
f1a6081a-48e3-56db-936e-f49af9832cb1,2026-09-13T10:20:00,3.91,5.51,3591,2441,12.58,58.0,53.27,0.0
18b90679-ba14-5785-bca6-c3cc1e3ad587,2026-09-13T10:20:00,4.35,5.35,3730,2299,11.06,58.0,50.5,0.0
77059140-e829-5d12-90bd-2d2ebd9c436c,2026-09-13T10:20:00,3.48,6.04,3700,2245,5.19,58.0,52.42,0.0
3a6c166d-37fa-5cda-adad-777eb4567f37,2026-09-13T10:22:00,4.09,5.89,3617,2429,10.38,81.3,51.7,0.0
f1a6081a-48e3-56db-936e-f49af9832cb1,2026-09-13T10:22:00,3.9,5.55,3894,2279,10.18,58.0,53.8,0.0
18b90679-ba14-5785-bca6-c3cc1e3ad587,2026-09-13T10:22:00,3.99,5.69,3755,2350,12.29,58.0,50.6,0.0
77059140-e829-5d12-90bd-2d2ebd9c436c,2026-09-13T10:22:00,4.08,5.92,3629,2212,9.65,58.0,54.01,0.0
3a6c166d-37fa-5cda-adad-777eb4567f37,2026-09-13T10:24:00,4.15,6.11,3498,2346,10.22,81.31,52.41,0.0
f1a6081a-48e3-56db-936e-f49af9832cb1,2026-09-13T10:24:00,3.87,6.89,3756,2315,8.44,58.0,54.33,0.0
18b90679-ba14-5785-bca6-c3cc1e3ad587,2026-09-13T10:24:00,4.09,6.51,3694,2162,11.84,58.0,53.31,0.0
77059140-e829-5d12-90bd-2d2ebd9c436c,2026-09-13T10:24:00,4.26,5.43,3751,2281,9.01,58.0,51.43,0.0
3a6c166d-37fa-5cda-adad-777eb4567f37,2026-09-13T10:26:00,3.77,6.57,3512,2444,10.34,81.98,53.76,0.0
f1a6081a-48e3-56db-936e-f49af9832cb1,2026-09-13T10:26:00,4.13,5.67,3762,2393,12.66,58.0,50.94,0.0
18b90679-ba14-5785-bca6-c3cc1e3ad587,2026-09-13T10:26:00,4.12,5.72,3781,2346,10.37,58.0,56.26,0.0
77059140-e829-5d12-90bd-2d2ebd9c436c,2026-09-13T10:26:00,5.01,5.88,3766,2252,3.95,58.0,53.43,0.0
3a6c166d-37fa-5cda-adad-777eb4567f37,2026-09-13T10:28:00,3.85,6.0,3835,2308,10.99,81.35,57.2,0.0
f1a6081a-48e3-56db-936e-f49af9832cb1,2026-09-13T10:28:00,4.0,4.9,3727,2423,7.2,58.0,58.79,0.0
18b90679-ba14-5785-bca6-c3cc1e3ad587,2026-09-13T10:28:00,4.08,5.83,3765,2323,11.01,58.0,50.99,0.0
77059140-e829-5d12-90bd-2d2ebd9c436c,2026-09-13T10:28:00,4.04,5.22,3638,2280,11.75,58.0,53.18,0.0
3a6c166d-37fa-5cda-adad-777eb4567f37,2026-09-13T10:30:00,4.18,5.72,3691,2238,14.33,81.34,52.31,0.0
f1a6081a-48e3-56db-936e-f49af9832cb1,2026-09-13T10:30:00,3.49,6.11,3580,2402,9.45,58.0,55.38,0.0
18b90679-ba14-5785-bca6-c3cc1e3ad587,2026-09-13T10:30:00,3.5,6.95,3588,2327,11.82,58.0,55.43,0.0
77059140-e829-5d12-90bd-2d2ebd9c436c,2026-09-13T10:30:00,4.04,5.88,3621,2306,7.1,58.0,53.03,0.0
3a6c166d-37fa-5cda-adad-777eb4567f37,2026-09-13T10:32:00,4.84,6.42,3625,2198,10.67,81.77,52.52,0.0
f1a6081a-48e3-56db-936e-f49af9832cb1,2026-09-13T10:32:00,4.44,6.32,3822,2406,11.07,58.0,56.98,0.0
18b90679-ba14-5785-bca6-c3cc1e3ad587,2026-09-13T10:32:00,4.32,5.76,3939,2236,9.3,58.0,50.51,0.0
77059140-e829-5d12-90bd-2d2ebd9c436c,2026-09-13T10:32:00,4.19,6.7,3890,2398,14.49,58.0,56.01,0.0
3a6c166d-37fa-5cda-adad-777eb4567f37,2026-09-13T10:34:00,3.73,6.52,3735,2535,10.02,81.35,53.13,0.0
f1a6081a-48e3-56db-936e-f49af9832cb1,2026-09-13T10:34:00,3.91,6.03,3830,2417,9.86,58.0,54.33,0.0
18b90679-ba14-5785-bca6-c3cc1e3ad587,2026-09-13T10:34:00,3.64,5.59,3691,2495,9.66,58.0,50.43,0.0
77059140-e829-5d12-90bd-2d2ebd9c436c,2026-09-13T10:34:00,3.66,6.19,3847,2607,5.66,58.0,52.93,0.0
3a6c166d-37fa-5cda-adad-777eb4567f37,2026-09-13T10:36:00,4.07,5.82,3849,2367,9.17,81.32,50.28,0.0
f1a6081a-48e3-56db-936e-f49af9832cb1,2026-09-13T10:36:00,4.41,5.76,3791,2628,9.58,58.0,50.15,0.0
18b90679-ba14-5785-bca6-c3cc1e3ad587,2026-09-13T10:36:00,4.16,5.78,3635,2447,10.27,58.0,56.3,0.0
77059140-e829-5d12-90bd-2d2ebd9c436c,2026-09-13T10:36:00,3.43,6.57,3858,2226,11.0,58.0,54.76,0.0
3a6c166d-37fa-5cda-adad-777eb4567f37,2026-09-13T10:38:00,3.32,5.64,3683,2337,10.8,81.75,54.32,0.0
f1a6081a-48e3-56db-936e-f49af9832cb1,2026-09-13T10:38:00,4.22,5.63,3645,2334,9.88,58.0,52.19,0.0
18b90679-ba14-5785-bca6-c3cc1e3ad587,2026-09-13T10:38:00,3.53,6.35,3711,2430,9.53,58.0,55.93,0.0
77059140-e829-5d12-90bd-2d2ebd9c436c,2026-09-13T10:38:00,4.41,6.7,3689,2277,7.39,58.0,51.61,0.0
3a6c166d-37fa-5cda-adad-777eb4567f37,2026-09-13T10:40:00,3.95,5.32,3650,2424,13.32,81.81,52.58,0.0
f1a6081a-48e3-56db-936e-f49af9832cb1,2026-09-13T10:40:00,4.09,5.54,3638,2370,9.82,58.0,55.61,0.0
18b90679-ba14-5785-bca6-c3cc1e3ad587,2026-09-13T10:40:00,4.18,5.59,3983,2328,10.71,58.0,55.12,0.0
77059140-e829-5d12-90bd-2d2ebd9c436c,2026-09-13T10:40:00,3.82,5.7,3818,2361,10.41,58.0,51.47,0.0
3a6c166d-37fa-5cda-adad-777eb4567f37,2026-09-13T10:42:00,4.08,5.34,3651,2193,11.56,81.71,55.14,0.0
f1a6081a-48e3-56db-936e-f49af9832cb1,2026-09-13T10:42:00,4.25,6.01,3823,2327,12.4,58.0,54.97,0.0
18b90679-ba14-5785-bca6-c3cc1e3ad587,2026-09-13T10:42:00,3.45,5.15,3752,2500,10.91,58.0,53.12,0.0
77059140-e829-5d12-90bd-2d2ebd9c436c,2026-09-13T10:42:00,3.99,6.46,3789,2389,10.54,58.0,55.86,0.0
3a6c166d-37fa-5cda-adad-777eb4567f37,2026-09-13T10:44:00,3.92,6.3,3716,2418,11.27,81.79,56.0,0.0
f1a6081a-48e3-56db-936e-f49af9832cb1,2026-09-13T10:44:00,3.66,6.36,3711,2398,12.1,58.0,49.35,0.0
18b90679-ba14-5785-bca6-c3cc1e3ad587,2026-09-13T10:44:00,3.95,6.06,3724,2278,10.15,58.0,53.0,0.0
77059140-e829-5d12-90bd-2d2ebd9c436c,2026-09-13T10:44:00,3.44,6.35,3763,2341,11.85,58.0,52.08,0.0
3a6c166d-37fa-5cda-adad-777eb4567f37,2026-09-13T10:46:00,3.98,6.13,3522,2252,10.25,81.84,55.43,0.0
f1a6081a-48e3-56db-936e-f49af9832cb1,2026-09-13T10:46:00,3.78,6.63,3875,2287,7.02,58.0,53.11,0.0
18b90679-ba14-5785-bca6-c3cc1e3ad587,2026-09-13T10:46:00,4.57,6.19,3884,2244,6.45,58.0,55.67,0.0
77059140-e829-5d12-90bd-2d2ebd9c436c,2026-09-13T10:46:00,4.32,5.64,3921,2288,6.49,58.0,58.36,0.0
3a6c166d-37fa-5cda-adad-777eb4567f37,2026-09-13T10:48:00,4.52,5.99,3660,2339,3.66,82.55,52.63,0.0
f1a6081a-48e3-56db-936e-f49af9832cb1,2026-09-13T10:48:00,4.15,6.47,3618,2385,13.52,58.0,56.73,0.0
18b90679-ba14-5785-bca6-c3cc1e3ad587,2026-09-13T10:48:00,4.57,5.4,3797,2343,11.89,58.0,52.83,0.0
77059140-e829-5d12-90bd-2d2ebd9c436c,2026-09-13T10:48:00,4.07,5.39,3808,2362,11.0,58.0,53.6,0.0
3a6c166d-37fa-5cda-adad-777eb4567f37,2026-09-13T10:50:00,4.17,5.76,3681,2363,5.89,81.65,52.39,0.0
f1a6081a-48e3-56db-936e-f49af9832cb1,2026-09-13T10:50:00,4.1,5.77,3793,2372,11.74,58.0,49.42,0.0
18b90679-ba14-5785-bca6-c3cc1e3ad587,2026-09-13T10:50:00,3.69,6.64,3731,2356,10.24,58.0,54.64,0.0
77059140-e829-5d12-90bd-2d2ebd9c436c,2026-09-13T10:50:00,3.46,5.82,3817,2307,9.97,58.0,55.95,0.0
3a6c166d-37fa-5cda-adad-777eb4567f37,2026-09-13T10:52:00,4.33,6.56,3768,2456,7.93,81.62,52.44,0.0
f1a6081a-48e3-56db-936e-f49af9832cb1,2026-09-13T10:52:00,4.45,5.8,3802,2386,9.67,58.0,56.09,0.0
18b90679-ba14-5785-bca6-c3cc1e3ad587,2026-09-13T10:52:00,4.19,5.91,3847,2394,6.58,58.0,55.16,0.0
77059140-e829-5d12-90bd-2d2ebd9c436c,2026-09-13T10:52:00,4.13,5.57,3772,2337,9.25,58.0,55.26,0.0
3a6c166d-37fa-5cda-adad-777eb4567f37,2026-09-13T10:54:00,4.61,5.24,3735,2403,10.31,81.81,57.88,0.0
f1a6081a-48e3-56db-936e-f49af9832cb1,2026-09-13T10:54:00,4.24,5.75,3677,2466,14.14,58.0,54.87,0.0
18b90679-ba14-5785-bca6-c3cc1e3ad587,2026-09-13T10:54:00,3.83,5.59,3534,2654,11.2,58.0,54.09,0.0
77059140-e829-5d12-90bd-2d2ebd9c436c,2026-09-13T10:54:00,4.4,5.66,3681,2357,6.16,58.0,54.46,0.0
3a6c166d-37fa-5cda-adad-777eb4567f37,2026-09-13T10:56:00,4.42,6.57,3784,2376,7.74,81.68,56.49,0.0
f1a6081a-48e3-56db-936e-f49af9832cb1,2026-09-13T10:56:00,4.38,5.95,3677,2528,6.33,58.0,50.74,0.0
18b90679-ba14-5785-bca6-c3cc1e3ad587,2026-09-13T10:56:00,4.2,6.37,3795,2365,9.28,58.0,51.01,0.0
77059140-e829-5d12-90bd-2d2ebd9c436c,2026-09-13T10:56:00,4.21,6.23,3815,2298,12.48,58.0,54.01,0.0
3a6c166d-37fa-5cda-adad-777eb4567f37,2026-09-13T10:58:00,3.96,5.6,3789,2276,11.09,81.94,56.44,0.0
f1a6081a-48e3-56db-936e-f49af9832cb1,2026-09-13T10:58:00,4.48,5.72,3603,2344,8.09,58.0,51.7,0.0
18b90679-ba14-5785-bca6-c3cc1e3ad587,2026-09-13T10:58:00,4.65,5.68,3754,2413,9.74,58.0,49.93,0.0
77059140-e829-5d12-90bd-2d2ebd9c436c,2026-09-13T10:58:00,3.94,5.79,3537,2398,9.84,58.0,55.17,0.0
3a6c166d-37fa-5cda-adad-777eb4567f37,2026-09-13T11:00:00,4.64,6.22,4004,2281,9.83,82.22,52.54,0.0
f1a6081a-48e3-56db-936e-f49af9832cb1,2026-09-13T11:00:00,4.04,5.35,3708,2311,9.6,58.0,54.86,0.0
18b90679-ba14-5785-bca6-c3cc1e3ad587,2026-09-13T11:00:00,3.93,6.7,3888,2500,9.03,58.0,48.53,0.0
77059140-e829-5d12-90bd-2d2ebd9c436c,2026-09-13T11:00:00,3.58,5.62,3726,2560,9.69,58.0,53.57,0.0
3a6c166d-37fa-5cda-adad-777eb4567f37,2026-09-13T11:02:00,4.39,6.15,3732,2344,10.08,82.35,53.76,0.0
f1a6081a-48e3-56db-936e-f49af9832cb1,2026-09-13T11:02:00,4.15,5.48,3936,2362,11.83,58.0,56.34,0.0
18b90679-ba14-5785-bca6-c3cc1e3ad587,2026-09-13T11:02:00,4.0,6.29,3909,2454,7.07,58.0,54.44,0.0
77059140-e829-5d12-90bd-2d2ebd9c436c,2026-09-13T11:02:00,4.13,6.85,3715,2303,9.0,58.0,53.21,0.0
3a6c166d-37fa-5cda-adad-777eb4567f37,2026-09-13T11:04:00,4.05,6.31,3904,2476,10.95,81.39,49.89,0.0
f1a6081a-48e3-56db-936e-f49af9832cb1,2026-09-13T11:04:00,4.23,6.09,3832,2522,9.96,58.0,58.43,0.0
18b90679-ba14-5785-bca6-c3cc1e3ad587,2026-09-13T11:04:00,3.87,6.22,3528,2468,10.36,58.0,54.44,0.0
77059140-e829-5d12-90bd-2d2ebd9c436c,2026-09-13T11:04:00,3.89,6.14,3882,2426,12.53,58.0,53.99,0.0
3a6c166d-37fa-5cda-adad-777eb4567f37,2026-09-13T11:06:00,3.83,5.83,3768,2404,11.05,81.9,53.83,0.0
f1a6081a-48e3-56db-936e-f49af9832cb1,2026-09-13T11:06:00,3.99,6.6,3643,2267,10.65,58.0,54.19,0.0
18b90679-ba14-5785-bca6-c3cc1e3ad587,2026-09-13T11:06:00,4.13,6.49,3854,2432,12.95,58.0,57.38,0.0
77059140-e829-5d12-90bd-2d2ebd9c436c,2026-09-13T11:06:00,4.2,6.48,3913,2315,9.66,58.0,54.39,0.0
3a6c166d-37fa-5cda-adad-777eb4567f37,2026-09-13T11:08:00,4.66,6.77,3840,2465,14.09,81.62,49.47,0.0
f1a6081a-48e3-56db-936e-f49af9832cb1,2026-09-13T11:08:00,4.14,5.87,3814,2415,9.72,58.0,50.78,0.0
18b90679-ba14-5785-bca6-c3cc1e3ad587,2026-09-13T11:08:00,3.95,5.52,3827,2390,13.86,58.0,54.25,0.0
77059140-e829-5d12-90bd-2d2ebd9c436c,2026-09-13T11:08:00,3.83,5.67,3923,2482,9.27,58.0,54.45,0.0
3a6c166d-37fa-5cda-adad-777eb4567f37,2026-09-13T11:10:00,4.05,6.14,3835,2487,9.51,82.24,56.97,0.0
f1a6081a-48e3-56db-936e-f49af9832cb1,2026-09-13T11:10:00,3.66,5.62,3995,2383,11.01,58.0,51.36,0.0
18b90679-ba14-5785-bca6-c3cc1e3ad587,2026-09-13T11:10:00,4.24,6.27,3696,2398,6.94,58.0,58.34,0.0
77059140-e829-5d12-90bd-2d2ebd9c436c,2026-09-13T11:10:00,4.09,5.62,3935,2492,12.9,58.0,54.35,0.0
3a6c166d-37fa-5cda-adad-777eb4567f37,2026-09-13T11:12:00,4.33,6.22,4096,2491,7.74,82.44,53.78,0.0
f1a6081a-48e3-56db-936e-f49af9832cb1,2026-09-13T11:12:00,3.95,6.03,3821,2517,9.09,58.0,50.31,0.0
18b90679-ba14-5785-bca6-c3cc1e3ad587,2026-09-13T11:12:00,3.92,6.17,4059,2389,12.42,58.0,54.51,0.0
77059140-e829-5d12-90bd-2d2ebd9c436c,2026-09-13T11:12:00,4.2,6.6,3899,2331,11.25,58.0,54.39,0.0
3a6c166d-37fa-5cda-adad-777eb4567f37,2026-09-13T11:14:00,4.62,5.87,3823,2407,7.45,82.57,48.65,0.0
f1a6081a-48e3-56db-936e-f49af9832cb1,2026-09-13T11:14:00,3.92,5.98,3793,2447,8.61,58.0,54.34,0.0
18b90679-ba14-5785-bca6-c3cc1e3ad587,2026-09-13T11:14:00,4.41,6.1,3782,2450,12.02,58.0,52.5,0.0
77059140-e829-5d12-90bd-2d2ebd9c436c,2026-09-13T11:14:00,3.36,6.56,3771,2535,9.24,58.0,54.53,0.0
3a6c166d-37fa-5cda-adad-777eb4567f37,2026-09-13T11:16:00,4.43,6.83,3781,2370,11.19,82.08,55.85,0.0
f1a6081a-48e3-56db-936e-f49af9832cb1,2026-09-13T11:16:00,3.96,6.73,3685,2303,7.12,58.0,51.29,0.0
18b90679-ba14-5785-bca6-c3cc1e3ad587,2026-09-13T11:16:00,4.52,6.12,3730,2522,7.93,58.0,54.29,0.0
77059140-e829-5d12-90bd-2d2ebd9c436c,2026-09-13T11:16:00,4.65,5.27,3871,2527,11.03,58.0,55.45,0.0
3a6c166d-37fa-5cda-adad-777eb4567f37,2026-09-13T11:18:00,4.76,6.73,3757,2392,10.97,82.36,53.61,0.0
f1a6081a-48e3-56db-936e-f49af9832cb1,2026-09-13T11:18:00,4.42,4.9,3892,2414,10.21,58.0,55.82,0.0
18b90679-ba14-5785-bca6-c3cc1e3ad587,2026-09-13T11:18:00,4.17,6.16,3914,2343,12.04,58.0,58.09,0.0
77059140-e829-5d12-90bd-2d2ebd9c436c,2026-09-13T11:18:00,4.65,6.11,3716,2450,10.59,58.0,51.69,0.0
3a6c166d-37fa-5cda-adad-777eb4567f37,2026-09-13T11:20:00,4.17,6.54,3930,2401,10.34,82.07,53.94,0.0
f1a6081a-48e3-56db-936e-f49af9832cb1,2026-09-13T11:20:00,3.74,5.98,3994,2374,9.38,58.0,50.95,0.0
18b90679-ba14-5785-bca6-c3cc1e3ad587,2026-09-13T11:20:00,4.34,6.16,3786,2501,6.47,58.0,51.93,0.0
77059140-e829-5d12-90bd-2d2ebd9c436c,2026-09-13T11:20:00,4.13,6.11,4031,2270,9.7,58.0,52.06,0.0
3a6c166d-37fa-5cda-adad-777eb4567f37,2026-09-13T11:22:00,3.82,6.01,3798,2577,8.46,82.44,54.78,0.0
f1a6081a-48e3-56db-936e-f49af9832cb1,2026-09-13T11:22:00,3.71,5.39,3858,2367,9.65,58.0,51.95,0.0
18b90679-ba14-5785-bca6-c3cc1e3ad587,2026-09-13T11:22:00,3.9,6.3,3886,2464,9.27,58.0,56.15,0.0
77059140-e829-5d12-90bd-2d2ebd9c436c,2026-09-13T11:22:00,3.98,6.19,3787,2371,14.76,58.0,55.52,0.0
3a6c166d-37fa-5cda-adad-777eb4567f37,2026-09-13T11:24:00,4.18,6.22,3909,2525,10.68,82.28,56.52,0.0
f1a6081a-48e3-56db-936e-f49af9832cb1,2026-09-13T11:24:00,4.98,5.69,3884,2393,12.14,58.0,56.55,0.0
18b90679-ba14-5785-bca6-c3cc1e3ad587,2026-09-13T11:24:00,3.91,6.17,4023,2452,6.86,58.0,55.58,0.0
77059140-e829-5d12-90bd-2d2ebd9c436c,2026-09-13T11:24:00,4.08,6.86,3883,2499,13.58,58.0,55.42,0.0
3a6c166d-37fa-5cda-adad-777eb4567f37,2026-09-13T11:26:00,4.22,5.14,3941,2355,10.87,81.85,52.68,0.0
f1a6081a-48e3-56db-936e-f49af9832cb1,2026-09-13T11:26:00,4.25,6.44,4064,2358,8.06,58.0,53.39,0.0
18b90679-ba14-5785-bca6-c3cc1e3ad587,2026-09-13T11:26:00,4.03,6.34,4090,2461,11.42,58.0,51.82,0.0
77059140-e829-5d12-90bd-2d2ebd9c436c,2026-09-13T11:26:00,4.48,6.85,3886,2451,8.8,58.0,50.21,0.0
3a6c166d-37fa-5cda-adad-777eb4567f37,2026-09-13T11:28:00,4.97,5.92,3971,2474,9.49,82.04,58.66,0.0
f1a6081a-48e3-56db-936e-f49af9832cb1,2026-09-13T11:28:00,4.03,6.63,3904,2466,9.18,58.0,54.76,0.0
18b90679-ba14-5785-bca6-c3cc1e3ad587,2026-09-13T11:28:00,4.52,5.68,3905,2363,10.51,58.0,49.92,0.0
77059140-e829-5d12-90bd-2d2ebd9c436c,2026-09-13T11:28:00,4.09,5.97,4047,2582,12.98,58.0,53.58,0.0
3a6c166d-37fa-5cda-adad-777eb4567f37,2026-09-13T11:30:00,4.52,5.64,3947,2631,12.82,82.22,53.96,0.0
f1a6081a-48e3-56db-936e-f49af9832cb1,2026-09-13T11:30:00,3.83,6.21,3973,2318,11.36,58.0,55.19,0.0
18b90679-ba14-5785-bca6-c3cc1e3ad587,2026-09-13T11:30:00,3.43,6.36,3867,2456,10.12,58.0,51.72,0.0
77059140-e829-5d12-90bd-2d2ebd9c436c,2026-09-13T11:30:00,4.64,6.63,3992,2453,14.56,58.0,56.72,0.0
3a6c166d-37fa-5cda-adad-777eb4567f37,2026-09-13T11:32:00,4.84,6.53,4005,2587,9.83,82.35,55.35,0.0
f1a6081a-48e3-56db-936e-f49af9832cb1,2026-09-13T11:32:00,3.92,6.02,3815,2414,9.42,58.0,52.7,0.0
18b90679-ba14-5785-bca6-c3cc1e3ad587,2026-09-13T11:32:00,4.22,5.62,4043,2449,10.86,58.0,54.85,0.0
77059140-e829-5d12-90bd-2d2ebd9c436c,2026-09-13T11:32:00,3.83,5.98,3868,2522,13.17,58.0,49.73,0.0
3a6c166d-37fa-5cda-adad-777eb4567f37,2026-09-13T11:34:00,4.12,5.5,3847,2499,7.72,82.73,57.29,0.0
f1a6081a-48e3-56db-936e-f49af9832cb1,2026-09-13T11:34:00,3.87,6.53,3946,2545,11.42,58.0,54.15,0.0
18b90679-ba14-5785-bca6-c3cc1e3ad587,2026-09-13T11:34:00,4.11,6.03,4001,2498,11.69,58.0,57.0,0.0
77059140-e829-5d12-90bd-2d2ebd9c436c,2026-09-13T11:34:00,4.21,6.42,4023,2490,9.89,58.0,56.81,0.0
3a6c166d-37fa-5cda-adad-777eb4567f37,2026-09-13T11:36:00,3.81,5.78,3776,2405,7.74,83.1,53.52,0.0
f1a6081a-48e3-56db-936e-f49af9832cb1,2026-09-13T11:36:00,4.04,6.35,3966,2548,10.31,58.0,56.64,0.0
18b90679-ba14-5785-bca6-c3cc1e3ad587,2026-09-13T11:36:00,3.5,6.14,3866,2480,7.88,58.0,54.65,0.0
77059140-e829-5d12-90bd-2d2ebd9c436c,2026-09-13T11:36:00,4.37,6.13,3806,2531,9.84,58.0,52.22,0.0
3a6c166d-37fa-5cda-adad-777eb4567f37,2026-09-13T11:38:00,3.79,5.39,4085,2494,11.96,82.8,57.72,0.0
f1a6081a-48e3-56db-936e-f49af9832cb1,2026-09-13T11:38:00,4.08,6.58,3990,2510,11.04,58.0,52.88,0.0
18b90679-ba14-5785-bca6-c3cc1e3ad587,2026-09-13T11:38:00,3.97,5.76,3642,2438,13.84,58.0,53.53,0.0
77059140-e829-5d12-90bd-2d2ebd9c436c,2026-09-13T11:38:00,3.39,6.26,3793,2295,9.17,58.0,48.5,0.0
3a6c166d-37fa-5cda-adad-777eb4567f37,2026-09-13T11:40:00,5.07,5.96,3991,2567,13.12,82.72,55.26,0.0
f1a6081a-48e3-56db-936e-f49af9832cb1,2026-09-13T11:40:00,4.06,6.33,3787,2483,7.61,58.0,54.9,0.0
18b90679-ba14-5785-bca6-c3cc1e3ad587,2026-09-13T11:40:00,4.45,5.97,3968,2466,11.33,58.0,49.35,0.0
77059140-e829-5d12-90bd-2d2ebd9c436c,2026-09-13T11:40:00,4.7,6.88,4001,2445,9.82,58.0,48.97,0.0
3a6c166d-37fa-5cda-adad-777eb4567f37,2026-09-13T11:42:00,4.32,7.14,4124,2517,10.89,82.42,54.75,0.0
f1a6081a-48e3-56db-936e-f49af9832cb1,2026-09-13T11:42:00,4.53,6.54,4187,2664,10.34,58.0,54.43,0.0
18b90679-ba14-5785-bca6-c3cc1e3ad587,2026-09-13T11:42:00,3.63,5.94,4119,2537,13.28,58.0,59.63,0.0
77059140-e829-5d12-90bd-2d2ebd9c436c,2026-09-13T11:42:00,4.02,5.8,4046,2395,12.18,58.0,56.3,0.0
3a6c166d-37fa-5cda-adad-777eb4567f37,2026-09-13T11:44:00,4.6,6.39,4049,2592,12.01,82.41,58.88,0.0
f1a6081a-48e3-56db-936e-f49af9832cb1,2026-09-13T11:44:00,4.32,6.17,4052,2390,12.73,58.0,57.54,0.0
18b90679-ba14-5785-bca6-c3cc1e3ad587,2026-09-13T11:44:00,4.64,5.52,3818,2516,12.1,58.0,56.47,0.0
77059140-e829-5d12-90bd-2d2ebd9c436c,2026-09-13T11:44:00,3.95,6.47,3983,2459,10.06,58.0,52.69,0.0
3a6c166d-37fa-5cda-adad-777eb4567f37,2026-09-13T11:46:00,4.05,7.01,4168,2583,11.0,83.17,54.02,0.0
f1a6081a-48e3-56db-936e-f49af9832cb1,2026-09-13T11:46:00,4.18,6.71,4085,2506,11.01,58.0,54.26,0.0
18b90679-ba14-5785-bca6-c3cc1e3ad587,2026-09-13T11:46:00,4.27,6.63,3714,2524,12.08,58.0,52.18,0.0
77059140-e829-5d12-90bd-2d2ebd9c436c,2026-09-13T11:46:00,4.2,6.43,3975,2530,10.91,58.0,56.43,0.0
3a6c166d-37fa-5cda-adad-777eb4567f37,2026-09-13T11:48:00,4.15,7.07,3869,2436,10.2,82.8,56.64,0.0
f1a6081a-48e3-56db-936e-f49af9832cb1,2026-09-13T11:48:00,4.16,6.25,3816,2422,10.5,58.0,56.38,0.0
18b90679-ba14-5785-bca6-c3cc1e3ad587,2026-09-13T11:48:00,3.67,6.09,4077,2505,10.77,58.0,54.52,0.0
77059140-e829-5d12-90bd-2d2ebd9c436c,2026-09-13T11:48:00,4.17,7.1,3974,2504,13.12,58.0,55.04,0.0
3a6c166d-37fa-5cda-adad-777eb4567f37,2026-09-13T11:50:00,4.33,6.07,3878,2425,9.95,82.57,50.51,0.0
f1a6081a-48e3-56db-936e-f49af9832cb1,2026-09-13T11:50:00,4.91,6.22,4098,2525,10.4,58.0,55.02,0.0
18b90679-ba14-5785-bca6-c3cc1e3ad587,2026-09-13T11:50:00,4.43,5.4,4060,2471,8.34,58.0,54.54,0.0
77059140-e829-5d12-90bd-2d2ebd9c436c,2026-09-13T11:50:00,4.21,6.96,4042,2508,13.43,58.0,57.39,0.0
3a6c166d-37fa-5cda-adad-777eb4567f37,2026-09-13T11:52:00,4.73,6.63,4008,2339,13.41,82.12,55.43,0.0
f1a6081a-48e3-56db-936e-f49af9832cb1,2026-09-13T11:52:00,4.29,6.46,4079,2413,8.94,58.0,56.13,0.0
18b90679-ba14-5785-bca6-c3cc1e3ad587,2026-09-13T11:52:00,4.44,6.2,4076,2664,8.92,58.0,55.16,0.0
77059140-e829-5d12-90bd-2d2ebd9c436c,2026-09-13T11:52:00,4.26,5.73,3970,2536,10.85,58.0,53.4,0.0
3a6c166d-37fa-5cda-adad-777eb4567f37,2026-09-13T11:54:00,4.1,5.88,3895,2485,11.45,82.89,59.53,0.0
f1a6081a-48e3-56db-936e-f49af9832cb1,2026-09-13T11:54:00,4.61,6.47,3921,2465,12.41,58.0,56.06,0.0
18b90679-ba14-5785-bca6-c3cc1e3ad587,2026-09-13T11:54:00,4.44,6.59,4075,2440,10.38,58.0,55.77,0.0
77059140-e829-5d12-90bd-2d2ebd9c436c,2026-09-13T11:54:00,4.69,5.55,4090,2483,12.23,58.0,53.68,0.0
3a6c166d-37fa-5cda-adad-777eb4567f37,2026-09-13T11:56:00,4.55,6.71,3958,2631,12.05,82.62,55.01,0.0
f1a6081a-48e3-56db-936e-f49af9832cb1,2026-09-13T11:56:00,4.5,6.53,4018,2481,10.02,58.0,56.63,0.0
18b90679-ba14-5785-bca6-c3cc1e3ad587,2026-09-13T11:56:00,3.97,6.94,3975,2431,9.53,58.0,57.59,0.0
77059140-e829-5d12-90bd-2d2ebd9c436c,2026-09-13T11:56:00,4.65,5.9,3969,2562,9.2,58.0,54.93,0.0
3a6c166d-37fa-5cda-adad-777eb4567f37,2026-09-13T11:58:00,4.41,5.47,3950,2572,11.18,82.53,57.52,0.0
f1a6081a-48e3-56db-936e-f49af9832cb1,2026-09-13T11:58:00,3.78,6.26,4203,2435,10.5,58.0,59.75,0.0
18b90679-ba14-5785-bca6-c3cc1e3ad587,2026-09-13T11:58:00,4.04,6.13,4062,2521,10.51,58.0,52.77,0.0
77059140-e829-5d12-90bd-2d2ebd9c436c,2026-09-13T11:58:00,4.37,6.39,3836,2548,11.01,58.0,57.48,0.0
3a6c166d-37fa-5cda-adad-777eb4567f37,2026-09-13T12:00:00,3.85,6.78,4163,2547,9.85,82.76,59.64,0.0
f1a6081a-48e3-56db-936e-f49af9832cb1,2026-09-13T12:00:00,4.02,6.55,3991,2494,10.93,58.0,57.09,0.0
18b90679-ba14-5785-bca6-c3cc1e3ad587,2026-09-13T12:00:00,3.81,6.05,4066,2367,11.35,58.0,52.99,0.0
77059140-e829-5d12-90bd-2d2ebd9c436c,2026-09-13T12:00:00,4.33,5.63,3956,2536,11.77,58.0,52.34,0.0
3a6c166d-37fa-5cda-adad-777eb4567f37,2026-09-13T12:02:00,4.29,6.52,3897,2455,11.88,82.95,57.25,0.0
f1a6081a-48e3-56db-936e-f49af9832cb1,2026-09-13T12:02:00,3.96,6.3,3891,2469,14.09,58.0,53.46,0.0
18b90679-ba14-5785-bca6-c3cc1e3ad587,2026-09-13T12:02:00,4.68,6.14,3987,2455,12.47,58.0,58.92,0.0
77059140-e829-5d12-90bd-2d2ebd9c436c,2026-09-13T12:02:00,4.63,6.09,3955,2475,12.83,58.0,55.3,0.0
3a6c166d-37fa-5cda-adad-777eb4567f37,2026-09-13T12:04:00,5.11,5.59,3799,2552,11.72,82.75,54.75,0.0
f1a6081a-48e3-56db-936e-f49af9832cb1,2026-09-13T12:04:00,4.57,6.2,4106,2468,8.78,58.0,52.45,0.0
18b90679-ba14-5785-bca6-c3cc1e3ad587,2026-09-13T12:04:00,4.04,5.86,4053,2562,10.17,58.0,53.01,0.0
77059140-e829-5d12-90bd-2d2ebd9c436c,2026-09-13T12:04:00,3.8,5.5,3979,2560,11.08,58.0,51.46,0.0
3a6c166d-37fa-5cda-adad-777eb4567f37,2026-09-13T12:06:00,3.92,6.12,3966,2374,6.59,82.53,57.33,0.0
f1a6081a-48e3-56db-936e-f49af9832cb1,2026-09-13T12:06:00,3.71,6.23,3852,2496,11.54,58.0,51.29,0.0
18b90679-ba14-5785-bca6-c3cc1e3ad587,2026-09-13T12:06:00,4.57,6.51,3965,2560,12.1,58.0,50.83,0.0
77059140-e829-5d12-90bd-2d2ebd9c436c,2026-09-13T12:06:00,4.22,6.47,4050,2393,10.1,58.0,60.72,0.0
3a6c166d-37fa-5cda-adad-777eb4567f37,2026-09-13T12:08:00,4.05,6.4,4067,2575,9.85,82.66,52.85,0.0
f1a6081a-48e3-56db-936e-f49af9832cb1,2026-09-13T12:08:00,3.95,5.16,3854,2609,8.9,58.0,48.88,0.0
18b90679-ba14-5785-bca6-c3cc1e3ad587,2026-09-13T12:08:00,4.76,6.66,4064,2538,14.03,58.0,52.52,0.0
77059140-e829-5d12-90bd-2d2ebd9c436c,2026-09-13T12:08:00,3.74,5.67,3991,2440,12.18,58.0,56.3,0.0
3a6c166d-37fa-5cda-adad-777eb4567f37,2026-09-13T12:10:00,3.81,6.39,3969,2524,8.79,82.45,49.32,0.0
f1a6081a-48e3-56db-936e-f49af9832cb1,2026-09-13T12:10:00,3.48,6.4,3981,2544,10.18,58.0,53.7,0.0
18b90679-ba14-5785-bca6-c3cc1e3ad587,2026-09-13T12:10:00,4.06,6.41,3917,2475,12.22,58.0,60.16,0.0
77059140-e829-5d12-90bd-2d2ebd9c436c,2026-09-13T12:10:00,4.45,7.11,3823,2567,9.86,58.0,56.21,0.0
3a6c166d-37fa-5cda-adad-777eb4567f37,2026-09-13T12:12:00,4.15,6.63,4014,2537,10.19,82.74,55.63,0.0
f1a6081a-48e3-56db-936e-f49af9832cb1,2026-09-13T12:12:00,3.89,6.09,4087,2488,13.72,58.0,54.76,0.0
18b90679-ba14-5785-bca6-c3cc1e3ad587,2026-09-13T12:12:00,4.43,5.74,4105,2583,8.73,58.0,54.96,0.0
77059140-e829-5d12-90bd-2d2ebd9c436c,2026-09-13T12:12:00,3.86,6.9,3939,2486,11.59,58.0,56.4,0.0
3a6c166d-37fa-5cda-adad-777eb4567f37,2026-09-13T12:14:00,4.19,6.05,3946,2532,12.61,83.23,50.67,0.0
f1a6081a-48e3-56db-936e-f49af9832cb1,2026-09-13T12:14:00,4.43,5.97,3944,2366,9.07,58.0,56.52,0.0
18b90679-ba14-5785-bca6-c3cc1e3ad587,2026-09-13T12:14:00,5.02,5.6,3899,2536,9.61,58.0,58.03,0.0
77059140-e829-5d12-90bd-2d2ebd9c436c,2026-09-13T12:14:00,4.35,6.31,4061,2548,11.95,58.0,54.76,0.0
3a6c166d-37fa-5cda-adad-777eb4567f37,2026-09-13T12:16:00,4.25,6.67,3803,2710,10.05,83.45,54.87,0.0
f1a6081a-48e3-56db-936e-f49af9832cb1,2026-09-13T12:16:00,4.24,6.34,4207,2480,8.21,58.0,53.12,0.0
18b90679-ba14-5785-bca6-c3cc1e3ad587,2026-09-13T12:16:00,4.47,6.71,3809,2502,11.8,58.0,55.56,0.0
77059140-e829-5d12-90bd-2d2ebd9c436c,2026-09-13T12:16:00,5.03,6.62,3988,2570,12.11,58.0,55.48,0.0
3a6c166d-37fa-5cda-adad-777eb4567f37,2026-09-13T12:18:00,3.32,6.15,3941,2691,10.37,82.94,54.79,0.0
f1a6081a-48e3-56db-936e-f49af9832cb1,2026-09-13T12:18:00,3.66,6.73,3775,2567,9.29,58.0,53.37,0.0
18b90679-ba14-5785-bca6-c3cc1e3ad587,2026-09-13T12:18:00,4.4,6.78,3974,2470,8.46,58.0,56.0,0.0
77059140-e829-5d12-90bd-2d2ebd9c436c,2026-09-13T12:18:00,3.8,6.41,3950,2508,8.48,58.0,55.85,0.0
3a6c166d-37fa-5cda-adad-777eb4567f37,2026-09-13T12:20:00,4.88,5.26,4086,2529,11.86,82.96,58.49,0.0
f1a6081a-48e3-56db-936e-f49af9832cb1,2026-09-13T12:20:00,4.58,6.34,4014,2470,9.54,58.0,49.75,0.0
18b90679-ba14-5785-bca6-c3cc1e3ad587,2026-09-13T12:20:00,4.13,5.84,4047,2529,9.91,58.0,55.3,0.0
77059140-e829-5d12-90bd-2d2ebd9c436c,2026-09-13T12:20:00,4.47,6.16,3949,2460,11.95,58.0,57.94,0.0
3a6c166d-37fa-5cda-adad-777eb4567f37,2026-09-13T12:22:00,3.77,6.05,4056,2424,9.92,83.29,54.25,0.0
f1a6081a-48e3-56db-936e-f49af9832cb1,2026-09-13T12:22:00,4.01,6.83,4059,2575,12.21,58.0,53.24,0.0
18b90679-ba14-5785-bca6-c3cc1e3ad587,2026-09-13T12:22:00,4.23,6.65,4140,2549,11.41,58.0,52.49,0.0
77059140-e829-5d12-90bd-2d2ebd9c436c,2026-09-13T12:22:00,3.99,6.11,4078,2691,10.44,58.0,50.25,0.0
3a6c166d-37fa-5cda-adad-777eb4567f37,2026-09-13T12:24:00,4.62,6.07,3983,2494,13.31,83.04,51.45,0.0
f1a6081a-48e3-56db-936e-f49af9832cb1,2026-09-13T12:24:00,4.09,7.08,4052,2287,12.76,58.0,56.21,0.0
18b90679-ba14-5785-bca6-c3cc1e3ad587,2026-09-13T12:24:00,4.63,6.21,4176,2496,8.79,58.0,53.47,0.0
77059140-e829-5d12-90bd-2d2ebd9c436c,2026-09-13T12:24:00,3.91,5.71,4183,2541,7.59,58.0,52.42,0.0
3a6c166d-37fa-5cda-adad-777eb4567f37,2026-09-13T12:26:00,4.0,7.13,3990,2616,10.73,83.13,53.71,0.0
f1a6081a-48e3-56db-936e-f49af9832cb1,2026-09-13T12:26:00,5.13,5.68,4101,2558,13.17,58.0,54.32,0.0
18b90679-ba14-5785-bca6-c3cc1e3ad587,2026-09-13T12:26:00,4.12,6.4,3970,2685,7.92,58.0,57.8,0.0
77059140-e829-5d12-90bd-2d2ebd9c436c,2026-09-13T12:26:00,4.31,6.01,4059,2600,12.1,58.0,55.71,0.0
3a6c166d-37fa-5cda-adad-777eb4567f37,2026-09-13T12:28:00,4.13,5.81,4007,2387,12.07,82.78,55.84,0.0
f1a6081a-48e3-56db-936e-f49af9832cb1,2026-09-13T12:28:00,3.84,6.12,4122,2600,9.8,58.0,52.27,0.0
18b90679-ba14-5785-bca6-c3cc1e3ad587,2026-09-13T12:28:00,3.72,6.51,3976,2664,10.83,58.0,55.65,0.0
77059140-e829-5d12-90bd-2d2ebd9c436c,2026-09-13T12:28:00,4.1,6.1,3869,2607,12.33,58.0,53.15,0.0
3a6c166d-37fa-5cda-adad-777eb4567f37,2026-09-13T12:30:00,4.55,5.92,4019,2544,9.6,83.05,52.94,0.0
f1a6081a-48e3-56db-936e-f49af9832cb1,2026-09-13T12:30:00,4.65,6.4,4039,2565,11.14,58.0,56.87,0.0
18b90679-ba14-5785-bca6-c3cc1e3ad587,2026-09-13T12:30:00,4.11,6.57,3969,2476,13.94,58.0,52.65,0.0
77059140-e829-5d12-90bd-2d2ebd9c436c,2026-09-13T12:30:00,3.97,6.72,3923,2466,12.13,58.0,54.83,0.0
3a6c166d-37fa-5cda-adad-777eb4567f37,2026-09-13T12:32:00,4.44,6.1,3936,2606,6.9,83.09,55.6,0.0
f1a6081a-48e3-56db-936e-f49af9832cb1,2026-09-13T12:32:00,4.76,6.02,4144,2510,13.11,58.0,56.41,0.0
18b90679-ba14-5785-bca6-c3cc1e3ad587,2026-09-13T12:32:00,4.7,5.34,4142,2776,12.32,58.0,56.7,0.0
77059140-e829-5d12-90bd-2d2ebd9c436c,2026-09-13T12:32:00,4.67,5.98,4060,2529,12.93,58.0,53.61,0.0
3a6c166d-37fa-5cda-adad-777eb4567f37,2026-09-13T12:34:00,4.14,5.68,3776,2485,11.33,82.94,52.85,0.0
f1a6081a-48e3-56db-936e-f49af9832cb1,2026-09-13T12:34:00,4.18,6.33,3968,2619,10.99,58.0,54.45,0.0
18b90679-ba14-5785-bca6-c3cc1e3ad587,2026-09-13T12:34:00,4.29,6.2,4088,2491,14.52,58.0,52.48,0.0
77059140-e829-5d12-90bd-2d2ebd9c436c,2026-09-13T12:34:00,4.12,6.52,3928,2548,11.38,58.0,51.56,0.0
3a6c166d-37fa-5cda-adad-777eb4567f37,2026-09-13T12:36:00,4.09,6.3,4067,2540,11.05,83.35,56.09,0.0
f1a6081a-48e3-56db-936e-f49af9832cb1,2026-09-13T12:36:00,4.79,6.48,3892,2595,10.91,58.0,56.11,0.0
18b90679-ba14-5785-bca6-c3cc1e3ad587,2026-09-13T12:36:00,3.99,5.86,4045,2410,10.79,58.0,55.83,0.0
77059140-e829-5d12-90bd-2d2ebd9c436c,2026-09-13T12:36:00,4.01,6.26,4016,2452,8.7,58.0,49.89,0.0
3a6c166d-37fa-5cda-adad-777eb4567f37,2026-09-13T12:38:00,3.9,5.45,3831,2586,11.54,83.29,55.2,0.0
f1a6081a-48e3-56db-936e-f49af9832cb1,2026-09-13T12:38:00,4.06,5.83,4032,2555,14.03,58.0,53.83,0.0
18b90679-ba14-5785-bca6-c3cc1e3ad587,2026-09-13T12:38:00,4.51,5.86,4094,2484,12.41,58.0,52.86,0.0
77059140-e829-5d12-90bd-2d2ebd9c436c,2026-09-13T12:38:00,4.19,5.41,4006,2524,12.64,58.0,55.05,0.0
3a6c166d-37fa-5cda-adad-777eb4567f37,2026-09-13T12:40:00,4.84,6.96,3927,2478,8.29,83.67,52.33,0.0
f1a6081a-48e3-56db-936e-f49af9832cb1,2026-09-13T12:40:00,4.16,6.63,3857,2497,10.63,58.0,60.23,0.0
18b90679-ba14-5785-bca6-c3cc1e3ad587,2026-09-13T12:40:00,4.95,6.55,3964,2596,10.97,58.0,57.98,0.0
77059140-e829-5d12-90bd-2d2ebd9c436c,2026-09-13T12:40:00,4.17,6.01,4059,2525,8.41,58.0,52.41,0.0
3a6c166d-37fa-5cda-adad-777eb4567f37,2026-09-13T12:42:00,4.21,6.22,3908,2379,12.48,83.57,52.89,0.0
f1a6081a-48e3-56db-936e-f49af9832cb1,2026-09-13T12:42:00,5.03,6.08,4254,2417,9.26,58.0,51.63,0.0
18b90679-ba14-5785-bca6-c3cc1e3ad587,2026-09-13T12:42:00,4.31,5.89,3912,2511,9.88,58.0,56.54,0.0
77059140-e829-5d12-90bd-2d2ebd9c436c,2026-09-13T12:42:00,4.57,5.88,3884,2523,14.01,58.0,55.7,0.0
3a6c166d-37fa-5cda-adad-777eb4567f37,2026-09-13T12:44:00,4.15,6.34,4091,2471,12.21,83.89,54.71,0.0
f1a6081a-48e3-56db-936e-f49af9832cb1,2026-09-13T12:44:00,4.15,6.56,4038,2547,10.64,58.0,52.0,0.0
18b90679-ba14-5785-bca6-c3cc1e3ad587,2026-09-13T12:44:00,4.3,6.64,3913,2548,11.96,58.0,53.63,0.0
77059140-e829-5d12-90bd-2d2ebd9c436c,2026-09-13T12:44:00,4.5,4.7,4032,2607,12.62,58.0,57.8,0.0
3a6c166d-37fa-5cda-adad-777eb4567f37,2026-09-13T12:46:00,4.41,7.18,3780,2471,9.31,83.18,54.59,0.0
f1a6081a-48e3-56db-936e-f49af9832cb1,2026-09-13T12:46:00,4.41,6.49,4075,2719,8.67,58.0,56.73,0.0
18b90679-ba14-5785-bca6-c3cc1e3ad587,2026-09-13T12:46:00,4.37,6.94,4066,2453,8.5,58.0,50.94,0.0
77059140-e829-5d12-90bd-2d2ebd9c436c,2026-09-13T12:46:00,4.56,5.83,3778,2496,8.92,58.0,53.91,0.0
3a6c166d-37fa-5cda-adad-777eb4567f37,2026-09-13T12:48:00,4.48,5.35,3890,2361,9.71,83.46,48.76,0.0
f1a6081a-48e3-56db-936e-f49af9832cb1,2026-09-13T12:48:00,4.29,6.18,4195,2548,13.24,58.0,52.26,0.0
18b90679-ba14-5785-bca6-c3cc1e3ad587,2026-09-13T12:48:00,4.31,6.78,4135,2503,8.55,58.0,52.19,0.0
77059140-e829-5d12-90bd-2d2ebd9c436c,2026-09-13T12:48:00,4.62,5.79,4217,2398,11.63,58.0,52.62,0.0
3a6c166d-37fa-5cda-adad-777eb4567f37,2026-09-13T12:50:00,4.32,5.7,4338,2448,12.25,83.26,54.94,0.0
f1a6081a-48e3-56db-936e-f49af9832cb1,2026-09-13T12:50:00,4.3,6.38,4044,2512,7.36,58.0,53.55,0.0
18b90679-ba14-5785-bca6-c3cc1e3ad587,2026-09-13T12:50:00,4.88,6.37,4058,2629,10.03,58.0,55.45,0.0
77059140-e829-5d12-90bd-2d2ebd9c436c,2026-09-13T12:50:00,3.84,6.01,3902,2465,13.08,58.0,53.67,0.0
3a6c166d-37fa-5cda-adad-777eb4567f37,2026-09-13T12:52:00,4.82,6.71,3820,2547,13.72,83.53,56.82,0.0
f1a6081a-48e3-56db-936e-f49af9832cb1,2026-09-13T12:52:00,3.9,6.74,4085,2504,14.26,58.0,53.54,0.0
18b90679-ba14-5785-bca6-c3cc1e3ad587,2026-09-13T12:52:00,4.4,6.15,4077,2599,14.92,58.0,54.24,0.0
77059140-e829-5d12-90bd-2d2ebd9c436c,2026-09-13T12:52:00,3.93,6.56,3925,2572,10.97,58.0,54.66,0.0
3a6c166d-37fa-5cda-adad-777eb4567f37,2026-09-13T12:54:00,4.87,5.79,3986,2506,12.35,83.16,50.42,0.0
f1a6081a-48e3-56db-936e-f49af9832cb1,2026-09-13T12:54:00,4.41,6.83,4228,2467,14.87,58.0,52.32,0.0
18b90679-ba14-5785-bca6-c3cc1e3ad587,2026-09-13T12:54:00,4.41,6.08,3846,2651,10.58,58.0,54.89,0.0
77059140-e829-5d12-90bd-2d2ebd9c436c,2026-09-13T12:54:00,4.21,6.24,4079,2331,10.13,58.0,55.46,0.0
3a6c166d-37fa-5cda-adad-777eb4567f37,2026-09-13T12:56:00,4.34,6.18,4111,2365,11.0,83.71,51.4,0.0
f1a6081a-48e3-56db-936e-f49af9832cb1,2026-09-13T12:56:00,4.72,6.57,4061,2507,9.77,58.0,53.6,0.0
18b90679-ba14-5785-bca6-c3cc1e3ad587,2026-09-13T12:56:00,4.3,6.72,4104,2406,15.5,58.0,58.47,0.0
77059140-e829-5d12-90bd-2d2ebd9c436c,2026-09-13T12:56:00,4.83,6.3,3997,2539,10.5,58.0,48.85,0.0
3a6c166d-37fa-5cda-adad-777eb4567f37,2026-09-13T12:58:00,4.76,6.24,4042,2429,11.53,83.7,54.2,0.0
f1a6081a-48e3-56db-936e-f49af9832cb1,2026-09-13T12:58:00,4.35,6.21,4246,2535,9.02,58.0,55.75,0.0
18b90679-ba14-5785-bca6-c3cc1e3ad587,2026-09-13T12:58:00,4.85,5.76,3943,2507,11.1,58.0,50.32,0.0
77059140-e829-5d12-90bd-2d2ebd9c436c,2026-09-13T12:58:00,4.44,5.6,4209,2472,8.98,58.0,54.25,0.0
3a6c166d-37fa-5cda-adad-777eb4567f37,2026-09-13T13:00:00,4.84,6.35,4110,2537,11.66,83.95,58.42,0.0
f1a6081a-48e3-56db-936e-f49af9832cb1,2026-09-13T13:00:00,4.35,5.44,3859,2391,11.53,58.0,58.14,0.0
18b90679-ba14-5785-bca6-c3cc1e3ad587,2026-09-13T13:00:00,4.06,7.01,4037,2514,13.92,58.0,48.83,0.0
77059140-e829-5d12-90bd-2d2ebd9c436c,2026-09-13T13:00:00,4.82,6.09,3777,2619,9.18,58.0,56.92,0.0
3a6c166d-37fa-5cda-adad-777eb4567f37,2026-09-13T13:02:00,4.25,7.1,4010,2485,9.5,83.36,56.49,0.0
f1a6081a-48e3-56db-936e-f49af9832cb1,2026-09-13T13:02:00,4.95,6.12,4195,2581,12.5,58.0,54.68,0.0
18b90679-ba14-5785-bca6-c3cc1e3ad587,2026-09-13T13:02:00,4.17,6.47,4068,2527,14.88,58.0,53.93,0.0
77059140-e829-5d12-90bd-2d2ebd9c436c,2026-09-13T13:02:00,4.34,6.64,4090,2711,14.76,58.0,55.67,0.0
3a6c166d-37fa-5cda-adad-777eb4567f37,2026-09-13T13:04:00,4.32,6.2,3952,2484,10.41,83.4,56.22,0.0
f1a6081a-48e3-56db-936e-f49af9832cb1,2026-09-13T13:04:00,4.13,6.55,3974,2440,8.21,58.0,51.06,0.0
18b90679-ba14-5785-bca6-c3cc1e3ad587,2026-09-13T13:04:00,4.82,6.41,4241,2480,11.18,58.0,57.37,0.0
77059140-e829-5d12-90bd-2d2ebd9c436c,2026-09-13T13:04:00,4.31,6.94,4187,2619,11.41,58.0,58.85,0.0
3a6c166d-37fa-5cda-adad-777eb4567f37,2026-09-13T13:06:00,4.79,6.59,4257,2501,10.95,83.67,53.77,0.0
f1a6081a-48e3-56db-936e-f49af9832cb1,2026-09-13T13:06:00,4.65,6.46,3857,2500,9.06,58.0,54.0,0.0
18b90679-ba14-5785-bca6-c3cc1e3ad587,2026-09-13T13:06:00,4.02,5.99,3871,2455,13.35,58.0,54.41,0.0
77059140-e829-5d12-90bd-2d2ebd9c436c,2026-09-13T13:06:00,4.72,6.44,4010,2673,12.78,58.0,58.33,0.0
3a6c166d-37fa-5cda-adad-777eb4567f37,2026-09-13T13:08:00,4.61,6.39,4144,2486,14.17,83.54,54.77,0.0
f1a6081a-48e3-56db-936e-f49af9832cb1,2026-09-13T13:08:00,4.27,5.97,3852,2585,7.03,58.0,54.47,0.0
18b90679-ba14-5785-bca6-c3cc1e3ad587,2026-09-13T13:08:00,3.69,6.3,4101,2468,12.33,58.0,48.25,0.0
77059140-e829-5d12-90bd-2d2ebd9c436c,2026-09-13T13:08:00,4.5,6.27,3862,2421,6.33,58.0,54.2,0.0
3a6c166d-37fa-5cda-adad-777eb4567f37,2026-09-13T13:10:00,4.69,5.76,4123,2425,9.09,83.51,55.07,0.0
f1a6081a-48e3-56db-936e-f49af9832cb1,2026-09-13T13:10:00,4.31,4.91,3872,2499,10.07,58.0,50.38,0.0
18b90679-ba14-5785-bca6-c3cc1e3ad587,2026-09-13T13:10:00,4.4,6.48,4192,2568,10.49,58.0,49.71,0.0
77059140-e829-5d12-90bd-2d2ebd9c436c,2026-09-13T13:10:00,3.87,5.96,4074,2457,8.1,58.0,52.94,0.0
3a6c166d-37fa-5cda-adad-777eb4567f37,2026-09-13T13:12:00,4.63,6.15,3930,2404,11.53,83.61,55.6,0.0
f1a6081a-48e3-56db-936e-f49af9832cb1,2026-09-13T13:12:00,4.24,6.72,3869,2486,10.41,58.0,55.09,0.0
18b90679-ba14-5785-bca6-c3cc1e3ad587,2026-09-13T13:12:00,3.95,6.12,4279,2539,10.51,58.0,52.06,0.0
77059140-e829-5d12-90bd-2d2ebd9c436c,2026-09-13T13:12:00,4.61,6.57,3774,2636,8.4,58.0,56.69,0.0
3a6c166d-37fa-5cda-adad-777eb4567f37,2026-09-13T13:14:00,4.16,6.66,4015,2466,12.09,84.17,54.07,0.0
f1a6081a-48e3-56db-936e-f49af9832cb1,2026-09-13T13:14:00,4.58,6.7,4138,2420,11.92,58.0,53.55,0.0
18b90679-ba14-5785-bca6-c3cc1e3ad587,2026-09-13T13:14:00,4.1,6.21,4085,2427,11.19,58.0,54.43,0.0
77059140-e829-5d12-90bd-2d2ebd9c436c,2026-09-13T13:14:00,3.78,6.0,4069,2463,12.07,58.0,54.38,0.0
3a6c166d-37fa-5cda-adad-777eb4567f37,2026-09-13T13:16:00,4.65,6.14,3998,2588,11.34,84.27,51.5,0.0
f1a6081a-48e3-56db-936e-f49af9832cb1,2026-09-13T13:16:00,4.56,6.36,3903,2416,10.24,58.0,51.25,0.0
18b90679-ba14-5785-bca6-c3cc1e3ad587,2026-09-13T13:16:00,4.95,6.49,4012,2449,9.75,58.0,52.44,0.0
77059140-e829-5d12-90bd-2d2ebd9c436c,2026-09-13T13:16:00,4.53,5.87,4009,2409,9.51,58.0,58.8,0.0
3a6c166d-37fa-5cda-adad-777eb4567f37,2026-09-13T13:18:00,4.09,6.08,4246,2418,9.79,83.39,61.48,0.0
f1a6081a-48e3-56db-936e-f49af9832cb1,2026-09-13T13:18:00,5.03,6.84,4151,2534,11.06,58.0,52.58,0.0
18b90679-ba14-5785-bca6-c3cc1e3ad587,2026-09-13T13:18:00,3.66,5.32,4017,2355,14.29,58.0,53.7,0.0
77059140-e829-5d12-90bd-2d2ebd9c436c,2026-09-13T13:18:00,4.31,6.94,4247,2467,11.26,58.0,56.06,0.0
3a6c166d-37fa-5cda-adad-777eb4567f37,2026-09-13T13:20:00,4.43,5.3,3806,2484,12.08,83.82,52.07,0.0
f1a6081a-48e3-56db-936e-f49af9832cb1,2026-09-13T13:20:00,4.33,6.89,4072,2426,9.11,58.0,55.6,0.0
18b90679-ba14-5785-bca6-c3cc1e3ad587,2026-09-13T13:20:00,4.85,6.7,4020,2414,11.04,58.0,53.57,0.0
77059140-e829-5d12-90bd-2d2ebd9c436c,2026-09-13T13:20:00,4.77,6.5,4046,2484,15.34,58.0,51.51,0.0
3a6c166d-37fa-5cda-adad-777eb4567f37,2026-09-13T13:22:00,3.92,6.0,4099,2524,10.19,84.03,54.56,0.0
f1a6081a-48e3-56db-936e-f49af9832cb1,2026-09-13T13:22:00,4.28,6.58,4009,2541,10.48,58.0,57.97,0.0
18b90679-ba14-5785-bca6-c3cc1e3ad587,2026-09-13T13:22:00,4.62,5.58,3981,2552,11.9,58.0,49.21,0.0
77059140-e829-5d12-90bd-2d2ebd9c436c,2026-09-13T13:22:00,3.7,5.99,4045,2556,9.43,58.0,52.11,0.0
3a6c166d-37fa-5cda-adad-777eb4567f37,2026-09-13T13:24:00,4.62,6.93,3987,2441,10.15,83.84,53.24,0.0
f1a6081a-48e3-56db-936e-f49af9832cb1,2026-09-13T13:24:00,4.52,6.44,4120,2463,10.28,58.0,53.3,0.0
18b90679-ba14-5785-bca6-c3cc1e3ad587,2026-09-13T13:24:00,4.08,5.82,3914,2404,8.25,58.0,57.13,0.0
77059140-e829-5d12-90bd-2d2ebd9c436c,2026-09-13T13:24:00,4.73,6.46,3846,2267,13.43,58.0,50.82,0.0
3a6c166d-37fa-5cda-adad-777eb4567f37,2026-09-13T13:26:00,4.34,6.68,3970,2595,11.72,83.72,50.76,0.0
f1a6081a-48e3-56db-936e-f49af9832cb1,2026-09-13T13:26:00,4.03,6.56,3971,2366,13.51,58.0,49.53,0.0
18b90679-ba14-5785-bca6-c3cc1e3ad587,2026-09-13T13:26:00,4.04,5.98,3815,2421,12.65,58.0,55.81,0.0
77059140-e829-5d12-90bd-2d2ebd9c436c,2026-09-13T13:26:00,4.11,5.98,4168,2545,12.69,58.0,55.07,0.0
3a6c166d-37fa-5cda-adad-777eb4567f37,2026-09-13T13:28:00,4.41,6.43,3795,2438,10.3,84.25,54.56,0.0
f1a6081a-48e3-56db-936e-f49af9832cb1,2026-09-13T13:28:00,5.0,5.9,3927,2591,10.41,58.0,50.5,0.0
18b90679-ba14-5785-bca6-c3cc1e3ad587,2026-09-13T13:28:00,4.15,6.28,3890,2528,8.56,58.0,53.59,0.0
77059140-e829-5d12-90bd-2d2ebd9c436c,2026-09-13T13:28:00,3.97,6.41,4180,2449,10.05,58.0,51.44,0.0
3a6c166d-37fa-5cda-adad-777eb4567f37,2026-09-13T13:30:00,4.82,5.79,3736,2502,10.96,83.51,53.11,0.0
f1a6081a-48e3-56db-936e-f49af9832cb1,2026-09-13T13:30:00,4.55,6.59,4246,2594,6.88,58.0,53.83,0.0
18b90679-ba14-5785-bca6-c3cc1e3ad587,2026-09-13T13:30:00,4.05,5.3,4352,2523,10.71,58.0,57.71,0.0
77059140-e829-5d12-90bd-2d2ebd9c436c,2026-09-13T13:30:00,4.39,6.43,4112,2344,12.12,58.0,49.54,0.0
3a6c166d-37fa-5cda-adad-777eb4567f37,2026-09-13T13:32:00,4.02,6.4,3999,2577,11.01,83.5,53.03,0.0
f1a6081a-48e3-56db-936e-f49af9832cb1,2026-09-13T13:32:00,4.37,6.9,3983,2463,9.48,58.0,56.14,0.0
18b90679-ba14-5785-bca6-c3cc1e3ad587,2026-09-13T13:32:00,4.6,6.37,3783,2596,12.48,58.0,53.67,0.0
77059140-e829-5d12-90bd-2d2ebd9c436c,2026-09-13T13:32:00,4.02,6.53,4306,2588,9.45,58.0,57.62,0.0
3a6c166d-37fa-5cda-adad-777eb4567f37,2026-09-13T13:34:00,3.92,6.17,4006,2559,10.63,84.17,50.65,0.0
f1a6081a-48e3-56db-936e-f49af9832cb1,2026-09-13T13:34:00,4.21,6.44,4123,2495,12.26,58.0,55.44,0.0
18b90679-ba14-5785-bca6-c3cc1e3ad587,2026-09-13T13:34:00,3.93,6.59,4032,2454,11.0,58.0,51.02,0.0
77059140-e829-5d12-90bd-2d2ebd9c436c,2026-09-13T13:34:00,4.59,6.9,4278,2488,9.2,58.0,49.15,0.0
3a6c166d-37fa-5cda-adad-777eb4567f37,2026-09-13T13:36:00,4.67,5.72,4004,2535,9.48,83.79,45.61,0.0
f1a6081a-48e3-56db-936e-f49af9832cb1,2026-09-13T13:36:00,4.98,6.37,4065,2491,9.86,58.0,55.48,0.0
18b90679-ba14-5785-bca6-c3cc1e3ad587,2026-09-13T13:36:00,4.51,6.84,4036,2521,9.55,58.0,55.12,0.0
77059140-e829-5d12-90bd-2d2ebd9c436c,2026-09-13T13:36:00,4.44,6.99,3975,2387,12.5,58.0,57.52,0.0
3a6c166d-37fa-5cda-adad-777eb4567f37,2026-09-13T13:38:00,4.25,5.77,4001,2657,10.97,83.64,57.13,0.0
f1a6081a-48e3-56db-936e-f49af9832cb1,2026-09-13T13:38:00,4.05,6.2,3821,2504,12.05,58.0,53.32,0.0
18b90679-ba14-5785-bca6-c3cc1e3ad587,2026-09-13T13:38:00,3.56,6.62,3922,2576,10.56,58.0,54.54,0.0
77059140-e829-5d12-90bd-2d2ebd9c436c,2026-09-13T13:38:00,4.22,5.97,3855,2551,11.17,58.0,53.33,0.0
3a6c166d-37fa-5cda-adad-777eb4567f37,2026-09-13T13:40:00,3.97,6.56,3972,2397,13.4,84.1,57.22,0.0
f1a6081a-48e3-56db-936e-f49af9832cb1,2026-09-13T13:40:00,3.51,5.49,4197,2516,7.63,58.0,58.9,0.0
18b90679-ba14-5785-bca6-c3cc1e3ad587,2026-09-13T13:40:00,4.52,6.76,3882,2305,12.95,58.0,54.96,0.0
77059140-e829-5d12-90bd-2d2ebd9c436c,2026-09-13T13:40:00,3.86,6.59,3854,2569,9.77,58.0,52.15,0.0
3a6c166d-37fa-5cda-adad-777eb4567f37,2026-09-13T13:42:00,4.4,6.59,3967,2562,13.49,84.39,53.87,0.0
f1a6081a-48e3-56db-936e-f49af9832cb1,2026-09-13T13:42:00,3.47,7.17,3886,2528,12.87,58.0,53.95,0.0
18b90679-ba14-5785-bca6-c3cc1e3ad587,2026-09-13T13:42:00,4.58,6.64,3939,2466,7.54,58.0,55.1,0.0
77059140-e829-5d12-90bd-2d2ebd9c436c,2026-09-13T13:42:00,4.56,5.51,3861,2473,8.56,58.0,57.59,0.0
3a6c166d-37fa-5cda-adad-777eb4567f37,2026-09-13T13:44:00,4.68,5.77,4083,2533,9.52,84.48,53.49,0.0
f1a6081a-48e3-56db-936e-f49af9832cb1,2026-09-13T13:44:00,3.67,6.07,4014,2510,13.79,58.0,57.27,0.0
18b90679-ba14-5785-bca6-c3cc1e3ad587,2026-09-13T13:44:00,3.67,5.68,3926,2460,13.94,58.0,57.52,0.0
77059140-e829-5d12-90bd-2d2ebd9c436c,2026-09-13T13:44:00,3.97,5.78,3751,2477,11.05,58.0,51.71,0.0
3a6c166d-37fa-5cda-adad-777eb4567f37,2026-09-13T13:46:00,4.42,6.52,3793,2702,15.64,83.76,54.12,0.0
f1a6081a-48e3-56db-936e-f49af9832cb1,2026-09-13T13:46:00,4.27,5.91,3779,2550,11.48,58.0,51.32,0.0
18b90679-ba14-5785-bca6-c3cc1e3ad587,2026-09-13T13:46:00,4.05,6.11,4061,2583,10.84,58.0,52.35,0.0
77059140-e829-5d12-90bd-2d2ebd9c436c,2026-09-13T13:46:00,4.19,6.09,4058,2640,11.95,58.0,55.57,0.0
3a6c166d-37fa-5cda-adad-777eb4567f37,2026-09-13T13:48:00,4.27,6.53,3702,2416,12.07,83.71,52.76,0.0
f1a6081a-48e3-56db-936e-f49af9832cb1,2026-09-13T13:48:00,4.23,6.42,3982,2353,12.72,58.0,52.04,0.0
18b90679-ba14-5785-bca6-c3cc1e3ad587,2026-09-13T13:48:00,4.23,5.85,3983,2648,9.9,58.0,53.48,0.0
77059140-e829-5d12-90bd-2d2ebd9c436c,2026-09-13T13:48:00,3.74,6.08,4288,2546,10.19,58.0,54.52,0.0
3a6c166d-37fa-5cda-adad-777eb4567f37,2026-09-13T13:50:00,3.78,6.54,4013,2476,7.72,84.34,56.83,0.0
f1a6081a-48e3-56db-936e-f49af9832cb1,2026-09-13T13:50:00,4.66,6.17,3949,2376,7.63,58.0,53.6,0.0
18b90679-ba14-5785-bca6-c3cc1e3ad587,2026-09-13T13:50:00,4.29,6.06,4078,2490,12.06,58.0,56.13,0.0
77059140-e829-5d12-90bd-2d2ebd9c436c,2026-09-13T13:50:00,3.71,6.63,3926,2538,8.44,58.0,55.78,0.0
3a6c166d-37fa-5cda-adad-777eb4567f37,2026-09-13T13:52:00,4.34,5.77,4037,2573,12.05,84.55,55.01,0.0
f1a6081a-48e3-56db-936e-f49af9832cb1,2026-09-13T13:52:00,4.47,6.11,4025,2421,11.1,58.0,51.31,0.0
18b90679-ba14-5785-bca6-c3cc1e3ad587,2026-09-13T13:52:00,4.4,6.02,3805,2488,12.99,58.0,59.31,0.0
77059140-e829-5d12-90bd-2d2ebd9c436c,2026-09-13T13:52:00,3.95,5.72,4173,2617,9.59,58.0,53.46,0.0
3a6c166d-37fa-5cda-adad-777eb4567f37,2026-09-13T13:54:00,4.43,6.05,4102,2605,12.25,84.14,57.23,0.0
f1a6081a-48e3-56db-936e-f49af9832cb1,2026-09-13T13:54:00,4.29,5.88,4118,2507,11.55,58.0,52.12,0.0
18b90679-ba14-5785-bca6-c3cc1e3ad587,2026-09-13T13:54:00,4.63,5.97,3932,2480,9.39,58.0,54.94,0.0
77059140-e829-5d12-90bd-2d2ebd9c436c,2026-09-13T13:54:00,4.05,6.67,3978,2396,11.32,58.0,55.75,0.0
3a6c166d-37fa-5cda-adad-777eb4567f37,2026-09-13T13:56:00,4.39,6.18,4235,2583,13.54,83.98,52.36,0.0
f1a6081a-48e3-56db-936e-f49af9832cb1,2026-09-13T13:56:00,4.21,6.26,3940,2517,11.0,58.0,50.83,0.0
18b90679-ba14-5785-bca6-c3cc1e3ad587,2026-09-13T13:56:00,4.42,5.94,4082,2290,10.65,58.0,52.05,0.0
77059140-e829-5d12-90bd-2d2ebd9c436c,2026-09-13T13:56:00,4.28,6.89,3935,2352,8.13,58.0,52.98,0.0
3a6c166d-37fa-5cda-adad-777eb4567f37,2026-09-13T13:58:00,4.77,5.88,3938,2569,9.46,84.55,55.81,0.0
f1a6081a-48e3-56db-936e-f49af9832cb1,2026-09-13T13:58:00,5.02,6.3,4152,2414,8.71,58.0,56.52,0.0
18b90679-ba14-5785-bca6-c3cc1e3ad587,2026-09-13T13:58:00,4.31,7.61,3952,2500,9.04,58.0,54.6,0.0
77059140-e829-5d12-90bd-2d2ebd9c436c,2026-09-13T13:58:00,4.24,5.82,4035,2405,12.19,58.0,55.99,0.0
3a6c166d-37fa-5cda-adad-777eb4567f37,2026-09-13T14:00:00,3.82,6.45,3919,2574,10.89,84.12,50.46,0.0
f1a6081a-48e3-56db-936e-f49af9832cb1,2026-09-13T14:00:00,4.16,6.03,3887,2457,9.02,58.0,53.5,0.0
18b90679-ba14-5785-bca6-c3cc1e3ad587,2026-09-13T14:00:00,4.06,5.4,4109,2518,7.54,58.0,55.16,0.0
77059140-e829-5d12-90bd-2d2ebd9c436c,2026-09-13T14:00:00,3.85,5.89,4053,2531,8.08,58.0,53.77,0.0
3a6c166d-37fa-5cda-adad-777eb4567f37,2026-09-13T14:02:00,4.66,6.21,4033,2511,12.16,83.87,55.08,0.0
f1a6081a-48e3-56db-936e-f49af9832cb1,2026-09-13T14:02:00,4.54,6.85,4014,2600,9.11,58.0,56.97,0.0
18b90679-ba14-5785-bca6-c3cc1e3ad587,2026-09-13T14:02:00,4.73,5.84,3991,2532,8.15,58.0,54.59,0.0
77059140-e829-5d12-90bd-2d2ebd9c436c,2026-09-13T14:02:00,4.55,5.62,4085,2401,10.24,58.0,53.99,0.0
3a6c166d-37fa-5cda-adad-777eb4567f37,2026-09-13T14:04:00,4.35,5.69,3885,2531,12.17,84.71,56.6,0.0
f1a6081a-48e3-56db-936e-f49af9832cb1,2026-09-13T14:04:00,4.83,6.13,3925,2562,10.21,58.0,54.98,0.0
18b90679-ba14-5785-bca6-c3cc1e3ad587,2026-09-13T14:04:00,4.5,6.52,4044,2623,8.68,58.0,54.84,0.0
77059140-e829-5d12-90bd-2d2ebd9c436c,2026-09-13T14:04:00,4.29,6.4,3963,2417,12.42,58.0,53.88,0.0
3a6c166d-37fa-5cda-adad-777eb4567f37,2026-09-13T14:06:00,4.48,6.64,3966,2324,11.72,84.84,54.0,0.0
f1a6081a-48e3-56db-936e-f49af9832cb1,2026-09-13T14:06:00,3.94,5.67,3779,2339,11.59,58.0,54.54,0.0
18b90679-ba14-5785-bca6-c3cc1e3ad587,2026-09-13T14:06:00,3.96,6.16,3932,2436,8.57,58.0,55.22,0.0
77059140-e829-5d12-90bd-2d2ebd9c436c,2026-09-13T14:06:00,4.77,6.5,3734,2373,10.63,58.0,52.25,0.0
3a6c166d-37fa-5cda-adad-777eb4567f37,2026-09-13T14:08:00,3.5,6.61,4053,2468,9.48,84.64,56.27,0.0
f1a6081a-48e3-56db-936e-f49af9832cb1,2026-09-13T14:08:00,4.38,6.18,3960,2569,12.92,58.0,53.57,0.0
18b90679-ba14-5785-bca6-c3cc1e3ad587,2026-09-13T14:08:00,4.37,5.61,4032,2489,9.53,58.0,50.31,0.0
77059140-e829-5d12-90bd-2d2ebd9c436c,2026-09-13T14:08:00,3.74,6.58,3986,2561,11.02,58.0,53.04,0.0
3a6c166d-37fa-5cda-adad-777eb4567f37,2026-09-13T14:10:00,4.1,5.73,4155,2563,11.76,84.5,52.54,0.0
f1a6081a-48e3-56db-936e-f49af9832cb1,2026-09-13T14:10:00,4.93,5.93,4061,2600,11.8,58.0,53.47,0.0
18b90679-ba14-5785-bca6-c3cc1e3ad587,2026-09-13T14:10:00,4.4,5.73,4063,2449,10.98,58.0,56.29,0.0
77059140-e829-5d12-90bd-2d2ebd9c436c,2026-09-13T14:10:00,3.83,6.19,3877,2503,7.65,58.0,54.27,0.0
3a6c166d-37fa-5cda-adad-777eb4567f37,2026-09-13T14:12:00,4.17,5.81,3944,2611,11.38,84.23,56.2,0.0
f1a6081a-48e3-56db-936e-f49af9832cb1,2026-09-13T14:12:00,4.97,5.82,4215,2519,9.02,58.0,53.75,0.0
18b90679-ba14-5785-bca6-c3cc1e3ad587,2026-09-13T14:12:00,4.08,5.99,3929,2298,10.82,58.0,54.49,0.0
77059140-e829-5d12-90bd-2d2ebd9c436c,2026-09-13T14:12:00,4.36,6.29,3810,2454,10.8,58.0,54.59,0.0
3a6c166d-37fa-5cda-adad-777eb4567f37,2026-09-13T14:14:00,5.08,5.96,4030,2623,9.62,84.03,50.44,0.0
f1a6081a-48e3-56db-936e-f49af9832cb1,2026-09-13T14:14:00,4.54,6.55,3934,2378,11.26,58.0,52.65,0.0
18b90679-ba14-5785-bca6-c3cc1e3ad587,2026-09-13T14:14:00,3.62,6.33,3992,2504,13.07,58.0,57.38,0.0
77059140-e829-5d12-90bd-2d2ebd9c436c,2026-09-13T14:14:00,4.23,6.81,3903,2383,10.63,58.0,54.91,0.0
3a6c166d-37fa-5cda-adad-777eb4567f37,2026-09-13T14:16:00,4.03,6.45,3819,2615,13.73,84.57,55.99,0.0
f1a6081a-48e3-56db-936e-f49af9832cb1,2026-09-13T14:16:00,4.08,6.17,3952,2466,8.46,58.0,51.42,0.0
18b90679-ba14-5785-bca6-c3cc1e3ad587,2026-09-13T14:16:00,3.6,5.62,3931,2441,10.33,58.0,54.25,0.0
77059140-e829-5d12-90bd-2d2ebd9c436c,2026-09-13T14:16:00,4.54,6.54,3900,2569,11.52,58.0,51.85,0.0
3a6c166d-37fa-5cda-adad-777eb4567f37,2026-09-13T14:18:00,4.08,6.7,3844,2581,12.53,83.93,50.23,0.0
f1a6081a-48e3-56db-936e-f49af9832cb1,2026-09-13T14:18:00,3.84,6.12,3866,2441,11.33,58.0,53.52,0.0
18b90679-ba14-5785-bca6-c3cc1e3ad587,2026-09-13T14:18:00,3.75,6.67,3837,2544,10.11,58.0,51.49,0.0
77059140-e829-5d12-90bd-2d2ebd9c436c,2026-09-13T14:18:00,4.57,6.25,4015,2442,11.17,58.0,50.75,0.0
3a6c166d-37fa-5cda-adad-777eb4567f37,2026-09-13T14:20:00,4.0,5.84,3964,2507,10.18,84.77,57.05,0.0
f1a6081a-48e3-56db-936e-f49af9832cb1,2026-09-13T14:20:00,4.46,6.2,3952,2417,12.2,58.0,50.84,0.0
18b90679-ba14-5785-bca6-c3cc1e3ad587,2026-09-13T14:20:00,4.45,4.99,3949,2451,7.49,58.0,55.38,0.0
77059140-e829-5d12-90bd-2d2ebd9c436c,2026-09-13T14:20:00,4.55,5.82,4012,2446,9.93,58.0,58.02,0.0
3a6c166d-37fa-5cda-adad-777eb4567f37,2026-09-13T14:22:00,4.12,5.82,3905,2485,11.03,85.25,53.4,0.0
f1a6081a-48e3-56db-936e-f49af9832cb1,2026-09-13T14:22:00,4.38,5.56,3997,2505,12.3,58.0,53.28,0.0
18b90679-ba14-5785-bca6-c3cc1e3ad587,2026-09-13T14:22:00,4.79,6.73,4058,2398,13.21,58.0,54.54,0.0
77059140-e829-5d12-90bd-2d2ebd9c436c,2026-09-13T14:22:00,4.18,7.2,3946,2596,11.16,58.0,57.28,0.0
3a6c166d-37fa-5cda-adad-777eb4567f37,2026-09-13T14:24:00,4.22,5.8,3834,2517,11.63,84.56,50.65,0.0
f1a6081a-48e3-56db-936e-f49af9832cb1,2026-09-13T14:24:00,4.63,7.25,3687,2332,12.27,58.0,49.89,0.0
18b90679-ba14-5785-bca6-c3cc1e3ad587,2026-09-13T14:24:00,4.44,6.13,3830,2564,7.65,58.0,51.14,0.0
77059140-e829-5d12-90bd-2d2ebd9c436c,2026-09-13T14:24:00,3.84,5.57,4002,2422,10.31,58.0,57.79,0.0
3a6c166d-37fa-5cda-adad-777eb4567f37,2026-09-13T14:26:00,4.29,6.1,3819,2219,11.37,85.13,53.91,0.0
f1a6081a-48e3-56db-936e-f49af9832cb1,2026-09-13T14:26:00,3.98,5.49,3948,2551,12.06,58.0,56.48,0.0
18b90679-ba14-5785-bca6-c3cc1e3ad587,2026-09-13T14:26:00,4.35,6.03,3973,2506,10.82,58.0,53.82,0.0
77059140-e829-5d12-90bd-2d2ebd9c436c,2026-09-13T14:26:00,4.13,5.86,4013,2600,11.96,58.0,52.45,0.0
3a6c166d-37fa-5cda-adad-777eb4567f37,2026-09-13T14:28:00,4.46,6.17,3833,2317,13.29,84.97,53.13,0.0
f1a6081a-48e3-56db-936e-f49af9832cb1,2026-09-13T14:28:00,4.12,5.86,3981,2432,10.85,58.0,53.91,0.0
18b90679-ba14-5785-bca6-c3cc1e3ad587,2026-09-13T14:28:00,4.26,6.86,3792,2464,9.54,58.0,51.92,0.0
77059140-e829-5d12-90bd-2d2ebd9c436c,2026-09-13T14:28:00,4.88,5.9,3710,2441,13.6,58.0,49.18,0.0
3a6c166d-37fa-5cda-adad-777eb4567f37,2026-09-13T14:30:00,4.71,5.4,3955,2319,11.76,85.11,56.6,0.0
f1a6081a-48e3-56db-936e-f49af9832cb1,2026-09-13T14:30:00,3.79,6.33,3680,2510,12.97,58.0,52.28,0.0
18b90679-ba14-5785-bca6-c3cc1e3ad587,2026-09-13T14:30:00,4.23,6.73,3908,2511,9.54,58.0,54.79,0.0
77059140-e829-5d12-90bd-2d2ebd9c436c,2026-09-13T14:30:00,3.95,6.78,3792,2450,10.62,58.0,53.39,0.0
3a6c166d-37fa-5cda-adad-777eb4567f37,2026-09-13T14:32:00,4.43,6.02,3615,2325,11.6,84.32,54.39,0.0
f1a6081a-48e3-56db-936e-f49af9832cb1,2026-09-13T14:32:00,3.74,6.35,3898,2503,6.58,58.0,52.21,0.0
18b90679-ba14-5785-bca6-c3cc1e3ad587,2026-09-13T14:32:00,3.91,6.05,3921,2422,12.66,58.0,57.08,0.0
77059140-e829-5d12-90bd-2d2ebd9c436c,2026-09-13T14:32:00,4.0,6.18,3913,2287,14.08,58.0,52.34,0.0
3a6c166d-37fa-5cda-adad-777eb4567f37,2026-09-13T14:34:00,4.31,6.26,3793,2554,8.77,85.06,54.85,0.0
f1a6081a-48e3-56db-936e-f49af9832cb1,2026-09-13T14:34:00,4.79,5.42,3887,2553,10.87,58.0,57.67,0.0
18b90679-ba14-5785-bca6-c3cc1e3ad587,2026-09-13T14:34:00,3.9,5.79,3649,2381,10.11,58.0,50.19,0.0
77059140-e829-5d12-90bd-2d2ebd9c436c,2026-09-13T14:34:00,3.69,5.48,3981,2560,12.84,58.0,53.88,0.0
3a6c166d-37fa-5cda-adad-777eb4567f37,2026-09-13T14:36:00,4.13,4.97,3789,2439,7.71,85.39,54.0,0.0
f1a6081a-48e3-56db-936e-f49af9832cb1,2026-09-13T14:36:00,3.85,6.06,4073,2565,8.9,58.0,51.25,0.0
18b90679-ba14-5785-bca6-c3cc1e3ad587,2026-09-13T14:36:00,4.36,5.7,3963,2341,10.9,58.0,54.9,0.0
77059140-e829-5d12-90bd-2d2ebd9c436c,2026-09-13T14:36:00,4.52,6.11,3914,2590,8.55,58.0,48.26,0.0
3a6c166d-37fa-5cda-adad-777eb4567f37,2026-09-13T14:38:00,4.08,5.8,3917,2271,11.31,84.3,52.04,0.0
f1a6081a-48e3-56db-936e-f49af9832cb1,2026-09-13T14:38:00,4.17,6.3,3728,2485,7.55,58.0,57.46,0.0
18b90679-ba14-5785-bca6-c3cc1e3ad587,2026-09-13T14:38:00,4.69,5.64,4034,2491,8.51,58.0,53.94,0.0
77059140-e829-5d12-90bd-2d2ebd9c436c,2026-09-13T14:38:00,4.5,5.41,4071,2534,10.29,58.0,52.97,0.0
3a6c166d-37fa-5cda-adad-777eb4567f37,2026-09-13T14:40:00,4.13,5.84,3823,2458,11.36,84.45,53.97,0.0
f1a6081a-48e3-56db-936e-f49af9832cb1,2026-09-13T14:40:00,4.1,6.54,4057,2487,9.73,58.0,60.28,0.0
18b90679-ba14-5785-bca6-c3cc1e3ad587,2026-09-13T14:40:00,4.0,6.63,3815,2607,11.71,58.0,52.39,0.0
77059140-e829-5d12-90bd-2d2ebd9c436c,2026-09-13T14:40:00,4.12,6.68,3686,2525,13.7,58.0,58.4,0.0
3a6c166d-37fa-5cda-adad-777eb4567f37,2026-09-13T14:42:00,4.15,5.84,3793,2539,9.18,85.01,54.9,0.0
f1a6081a-48e3-56db-936e-f49af9832cb1,2026-09-13T14:42:00,4.34,6.16,4087,2403,10.8,58.0,49.36,0.0
18b90679-ba14-5785-bca6-c3cc1e3ad587,2026-09-13T14:42:00,4.34,5.6,3728,2480,8.73,58.0,57.12,0.0
77059140-e829-5d12-90bd-2d2ebd9c436c,2026-09-13T14:42:00,4.53,5.79,4081,2406,10.27,58.0,51.79,0.0
3a6c166d-37fa-5cda-adad-777eb4567f37,2026-09-13T14:44:00,4.52,6.04,3858,2361,9.02,84.46,48.64,0.0
f1a6081a-48e3-56db-936e-f49af9832cb1,2026-09-13T14:44:00,3.76,6.69,3728,2532,11.63,58.0,51.81,0.0
18b90679-ba14-5785-bca6-c3cc1e3ad587,2026-09-13T14:44:00,4.38,5.92,3923,2407,11.41,58.0,50.57,0.0
77059140-e829-5d12-90bd-2d2ebd9c436c,2026-09-13T14:44:00,4.46,6.57,3693,2497,12.4,58.0,53.84,0.0
3a6c166d-37fa-5cda-adad-777eb4567f37,2026-09-13T14:46:00,4.47,6.63,3708,2494,11.46,84.93,49.48,0.0
f1a6081a-48e3-56db-936e-f49af9832cb1,2026-09-13T14:46:00,3.88,6.63,4000,2549,8.71,58.0,53.49,0.0
18b90679-ba14-5785-bca6-c3cc1e3ad587,2026-09-13T14:46:00,4.43,5.44,3786,2344,9.86,58.0,54.34,0.0
77059140-e829-5d12-90bd-2d2ebd9c436c,2026-09-13T14:46:00,3.78,6.06,3699,2400,12.28,58.0,56.32,0.0
3a6c166d-37fa-5cda-adad-777eb4567f37,2026-09-13T14:48:00,4.59,6.36,3769,2598,12.51,84.71,55.19,0.0
f1a6081a-48e3-56db-936e-f49af9832cb1,2026-09-13T14:48:00,4.46,5.85,3897,2345,5.92,58.0,55.24,0.0
18b90679-ba14-5785-bca6-c3cc1e3ad587,2026-09-13T14:48:00,4.11,5.62,3977,2316,11.85,58.0,60.75,0.0
77059140-e829-5d12-90bd-2d2ebd9c436c,2026-09-13T14:48:00,5.03,5.99,3800,2407,12.51,58.0,57.19,0.0
3a6c166d-37fa-5cda-adad-777eb4567f37,2026-09-13T14:50:00,4.18,5.49,3963,2488,8.57,84.67,56.6,0.0
f1a6081a-48e3-56db-936e-f49af9832cb1,2026-09-13T14:50:00,4.64,6.09,3992,2479,11.63,58.0,50.13,0.0
18b90679-ba14-5785-bca6-c3cc1e3ad587,2026-09-13T14:50:00,4.24,5.59,3820,2429,7.99,58.0,52.93,0.0
77059140-e829-5d12-90bd-2d2ebd9c436c,2026-09-13T14:50:00,3.69,6.41,3588,2290,10.64,58.0,52.34,0.0
3a6c166d-37fa-5cda-adad-777eb4567f37,2026-09-13T14:52:00,4.59,6.06,3905,2353,13.55,84.54,50.13,0.0
f1a6081a-48e3-56db-936e-f49af9832cb1,2026-09-13T14:52:00,4.51,6.23,3999,2364,9.19,58.0,55.27,0.0
18b90679-ba14-5785-bca6-c3cc1e3ad587,2026-09-13T14:52:00,3.96,6.18,3878,2236,10.69,58.0,55.62,0.0
77059140-e829-5d12-90bd-2d2ebd9c436c,2026-09-13T14:52:00,4.78,6.0,3495,2490,11.79,58.0,55.01,0.0
3a6c166d-37fa-5cda-adad-777eb4567f37,2026-09-13T14:54:00,5.17,5.71,3934,2330,11.52,84.77,53.69,0.0
f1a6081a-48e3-56db-936e-f49af9832cb1,2026-09-13T14:54:00,4.1,6.69,3813,2516,10.89,58.0,57.78,0.0
18b90679-ba14-5785-bca6-c3cc1e3ad587,2026-09-13T14:54:00,3.95,7.36,3703,2271,9.9,58.0,50.13,0.0
77059140-e829-5d12-90bd-2d2ebd9c436c,2026-09-13T14:54:00,4.24,6.37,3891,2371,13.3,58.0,57.39,0.0
3a6c166d-37fa-5cda-adad-777eb4567f37,2026-09-13T14:56:00,3.96,5.5,3851,2400,13.5,84.71,57.01,0.0
f1a6081a-48e3-56db-936e-f49af9832cb1,2026-09-13T14:56:00,4.77,5.61,3833,2513,10.47,58.0,54.26,0.0
18b90679-ba14-5785-bca6-c3cc1e3ad587,2026-09-13T14:56:00,4.14,4.81,3900,2425,11.47,58.0,52.96,0.0
77059140-e829-5d12-90bd-2d2ebd9c436c,2026-09-13T14:56:00,4.54,5.74,3782,2474,6.21,58.0,52.82,0.0
3a6c166d-37fa-5cda-adad-777eb4567f37,2026-09-13T14:58:00,4.11,5.61,3860,2429,8.92,85.39,55.12,0.0
f1a6081a-48e3-56db-936e-f49af9832cb1,2026-09-13T14:58:00,3.98,5.98,3985,2416,8.7,58.0,54.84,0.0
18b90679-ba14-5785-bca6-c3cc1e3ad587,2026-09-13T14:58:00,4.3,5.96,3808,2448,10.64,58.0,50.84,0.0
77059140-e829-5d12-90bd-2d2ebd9c436c,2026-09-13T14:58:00,4.32,6.21,3812,2480,9.23,58.0,51.68,0.0
3a6c166d-37fa-5cda-adad-777eb4567f37,2026-09-13T15:00:00,4.38,6.52,3998,2196,11.87,84.95,55.14,0.0
f1a6081a-48e3-56db-936e-f49af9832cb1,2026-09-13T15:00:00,4.35,6.35,3998,2472,9.63,58.0,59.43,0.0
18b90679-ba14-5785-bca6-c3cc1e3ad587,2026-09-13T15:00:00,4.29,6.56,3922,2286,11.4,58.0,53.69,0.0
77059140-e829-5d12-90bd-2d2ebd9c436c,2026-09-13T15:00:00,3.72,6.07,3826,2421,7.99,58.0,52.58,0.0
3a6c166d-37fa-5cda-adad-777eb4567f37,2026-09-13T15:02:00,3.96,5.94,3968,2448,11.15,85.22,53.9,0.0
f1a6081a-48e3-56db-936e-f49af9832cb1,2026-09-13T15:02:00,4.51,5.9,3957,2375,11.08,58.0,51.6,0.0
18b90679-ba14-5785-bca6-c3cc1e3ad587,2026-09-13T15:02:00,4.24,5.23,3767,2267,11.61,58.0,52.71,0.0
77059140-e829-5d12-90bd-2d2ebd9c436c,2026-09-13T15:02:00,4.22,5.78,3719,2257,12.62,58.0,48.4,0.0
3a6c166d-37fa-5cda-adad-777eb4567f37,2026-09-13T15:04:00,4.35,6.51,3667,2530,9.62,85.35,56.66,0.0
f1a6081a-48e3-56db-936e-f49af9832cb1,2026-09-13T15:04:00,3.76,5.41,3701,2499,10.68,58.0,49.18,0.0
18b90679-ba14-5785-bca6-c3cc1e3ad587,2026-09-13T15:04:00,5.07,6.42,3635,2521,8.86,58.0,49.51,0.0
77059140-e829-5d12-90bd-2d2ebd9c436c,2026-09-13T15:04:00,4.17,6.38,3909,2180,10.43,58.0,58.95,0.0
3a6c166d-37fa-5cda-adad-777eb4567f37,2026-09-13T15:06:00,4.37,5.9,3996,2498,9.73,84.97,50.86,0.0
f1a6081a-48e3-56db-936e-f49af9832cb1,2026-09-13T15:06:00,3.83,5.94,3915,2381,9.71,58.0,53.04,0.0
18b90679-ba14-5785-bca6-c3cc1e3ad587,2026-09-13T15:06:00,3.6,6.23,3564,2509,9.69,58.0,53.68,0.0
77059140-e829-5d12-90bd-2d2ebd9c436c,2026-09-13T15:06:00,4.41,6.51,3742,2412,10.26,58.0,53.4,0.0
3a6c166d-37fa-5cda-adad-777eb4567f37,2026-09-13T15:08:00,3.9,6.76,3737,2225,10.88,85.52,52.76,0.0
f1a6081a-48e3-56db-936e-f49af9832cb1,2026-09-13T15:08:00,4.37,5.54,3936,2328,10.72,58.0,56.26,0.0
18b90679-ba14-5785-bca6-c3cc1e3ad587,2026-09-13T15:08:00,4.25,5.27,3865,2386,12.63,58.0,56.16,0.0
77059140-e829-5d12-90bd-2d2ebd9c436c,2026-09-13T15:08:00,3.99,6.33,3590,2519,8.93,58.0,52.16,0.0
3a6c166d-37fa-5cda-adad-777eb4567f37,2026-09-13T15:10:00,4.33,6.43,3783,2421,14.53,85.19,52.91,0.0
f1a6081a-48e3-56db-936e-f49af9832cb1,2026-09-13T15:10:00,4.4,6.15,3775,2425,13.63,58.0,52.85,0.0
18b90679-ba14-5785-bca6-c3cc1e3ad587,2026-09-13T15:10:00,4.6,6.07,3810,2412,10.78,58.0,60.09,0.0
77059140-e829-5d12-90bd-2d2ebd9c436c,2026-09-13T15:10:00,4.12,6.6,3816,2519,9.07,58.0,60.14,0.0
3a6c166d-37fa-5cda-adad-777eb4567f37,2026-09-13T15:12:00,3.88,5.73,4210,2489,10.33,85.6,57.19,0.0
f1a6081a-48e3-56db-936e-f49af9832cb1,2026-09-13T15:12:00,4.55,6.07,3901,2463,10.16,58.0,54.39,0.0
18b90679-ba14-5785-bca6-c3cc1e3ad587,2026-09-13T15:12:00,4.25,5.78,3672,2372,12.14,58.0,50.13,0.0
77059140-e829-5d12-90bd-2d2ebd9c436c,2026-09-13T15:12:00,4.08,5.63,3745,2346,9.4,58.0,53.57,0.0
3a6c166d-37fa-5cda-adad-777eb4567f37,2026-09-13T15:14:00,4.25,5.83,3776,2349,11.53,85.31,48.43,0.0
f1a6081a-48e3-56db-936e-f49af9832cb1,2026-09-13T15:14:00,4.29,5.55,3758,2465,9.93,58.0,53.21,0.0
18b90679-ba14-5785-bca6-c3cc1e3ad587,2026-09-13T15:14:00,4.13,6.53,3661,2261,11.52,58.0,53.94,0.0
77059140-e829-5d12-90bd-2d2ebd9c436c,2026-09-13T15:14:00,4.22,6.45,3767,2259,12.37,58.0,50.51,0.0
3a6c166d-37fa-5cda-adad-777eb4567f37,2026-09-13T15:16:00,4.37,5.52,3622,2227,11.97,85.77,53.5,0.0
f1a6081a-48e3-56db-936e-f49af9832cb1,2026-09-13T15:16:00,4.04,6.56,3612,2376,9.06,58.0,52.22,0.0
18b90679-ba14-5785-bca6-c3cc1e3ad587,2026-09-13T15:16:00,4.19,6.6,3801,2285,11.08,58.0,51.63,0.0
77059140-e829-5d12-90bd-2d2ebd9c436c,2026-09-13T15:16:00,4.47,5.61,3724,2378,7.58,58.0,52.98,0.0
3a6c166d-37fa-5cda-adad-777eb4567f37,2026-09-13T15:18:00,3.71,6.37,4016,2395,12.69,84.89,52.98,0.0
f1a6081a-48e3-56db-936e-f49af9832cb1,2026-09-13T15:18:00,4.15,5.72,3916,2136,9.15,58.0,54.53,0.0
18b90679-ba14-5785-bca6-c3cc1e3ad587,2026-09-13T15:18:00,4.27,7.34,3807,2456,9.76,58.0,49.79,0.0
77059140-e829-5d12-90bd-2d2ebd9c436c,2026-09-13T15:18:00,4.18,6.08,3809,2274,12.9,58.0,51.73,0.0
3a6c166d-37fa-5cda-adad-777eb4567f37,2026-09-13T15:20:00,4.65,5.66,3805,2358,8.56,85.57,52.9,0.0
f1a6081a-48e3-56db-936e-f49af9832cb1,2026-09-13T15:20:00,4.13,6.31,3843,2400,14.48,58.0,50.04,0.0
18b90679-ba14-5785-bca6-c3cc1e3ad587,2026-09-13T15:20:00,3.83,6.29,3913,2399,7.72,58.0,51.97,0.0
77059140-e829-5d12-90bd-2d2ebd9c436c,2026-09-13T15:20:00,4.31,5.67,3780,2321,8.62,58.0,48.85,0.0
3a6c166d-37fa-5cda-adad-777eb4567f37,2026-09-13T15:22:00,4.67,7.3,3606,2245,10.18,85.53,56.03,0.0
f1a6081a-48e3-56db-936e-f49af9832cb1,2026-09-13T15:22:00,3.51,5.91,3811,2325,10.85,58.0,49.01,0.0
18b90679-ba14-5785-bca6-c3cc1e3ad587,2026-09-13T15:22:00,4.13,6.53,3778,2380,11.28,58.0,52.15,0.0
77059140-e829-5d12-90bd-2d2ebd9c436c,2026-09-13T15:22:00,4.22,5.96,3758,2235,11.98,58.0,48.96,0.0
3a6c166d-37fa-5cda-adad-777eb4567f37,2026-09-13T15:24:00,4.27,6.13,3683,2326,9.3,85.17,53.09,0.0
f1a6081a-48e3-56db-936e-f49af9832cb1,2026-09-13T15:24:00,4.38,6.52,3567,2499,12.31,58.0,56.29,0.0
18b90679-ba14-5785-bca6-c3cc1e3ad587,2026-09-13T15:24:00,4.09,6.45,3709,2425,10.46,58.0,55.89,0.0
77059140-e829-5d12-90bd-2d2ebd9c436c,2026-09-13T15:24:00,4.39,5.64,3674,2506,9.21,58.0,54.61,0.0
3a6c166d-37fa-5cda-adad-777eb4567f37,2026-09-13T15:26:00,4.05,5.75,3540,2240,6.93,85.18,49.58,0.0
f1a6081a-48e3-56db-936e-f49af9832cb1,2026-09-13T15:26:00,3.78,6.02,3772,2553,11.03,58.0,53.52,0.0
18b90679-ba14-5785-bca6-c3cc1e3ad587,2026-09-13T15:26:00,4.42,5.77,3692,2328,10.72,58.0,54.1,0.0
77059140-e829-5d12-90bd-2d2ebd9c436c,2026-09-13T15:26:00,3.68,5.72,3525,2249,10.24,58.0,49.23,0.0
3a6c166d-37fa-5cda-adad-777eb4567f37,2026-09-13T15:28:00,4.41,5.91,3752,2477,8.45,85.71,53.36,0.0
f1a6081a-48e3-56db-936e-f49af9832cb1,2026-09-13T15:28:00,3.99,5.14,3646,2288,7.82,58.0,50.62,0.0
18b90679-ba14-5785-bca6-c3cc1e3ad587,2026-09-13T15:28:00,4.61,5.54,3829,2438,8.77,58.0,48.95,0.0
77059140-e829-5d12-90bd-2d2ebd9c436c,2026-09-13T15:28:00,4.73,5.71,3824,2239,10.41,58.0,56.72,0.0
3a6c166d-37fa-5cda-adad-777eb4567f37,2026-09-13T15:30:00,3.99,6.53,3856,2284,8.97,85.56,53.34,0.0
f1a6081a-48e3-56db-936e-f49af9832cb1,2026-09-13T15:30:00,4.13,5.58,3771,2328,11.24,58.0,52.22,0.0
18b90679-ba14-5785-bca6-c3cc1e3ad587,2026-09-13T15:30:00,4.09,6.02,3545,2319,12.01,58.0,56.01,0.0
77059140-e829-5d12-90bd-2d2ebd9c436c,2026-09-13T15:30:00,3.26,5.87,4021,2299,12.81,58.0,55.68,0.0
3a6c166d-37fa-5cda-adad-777eb4567f37,2026-09-13T15:32:00,4.03,6.01,3822,2266,11.34,85.42,52.99,0.0
f1a6081a-48e3-56db-936e-f49af9832cb1,2026-09-13T15:32:00,3.99,5.42,3773,2219,7.57,58.0,57.02,0.0
18b90679-ba14-5785-bca6-c3cc1e3ad587,2026-09-13T15:32:00,4.39,6.44,3904,2346,8.51,58.0,51.57,0.0
77059140-e829-5d12-90bd-2d2ebd9c436c,2026-09-13T15:32:00,4.14,6.01,3724,2263,10.93,58.0,52.44,0.0
3a6c166d-37fa-5cda-adad-777eb4567f37,2026-09-13T15:34:00,4.16,6.11,3888,2099,9.64,84.99,51.01,0.0
f1a6081a-48e3-56db-936e-f49af9832cb1,2026-09-13T15:34:00,4.19,5.9,3722,2255,10.35,58.0,51.0,0.0
18b90679-ba14-5785-bca6-c3cc1e3ad587,2026-09-13T15:34:00,4.43,6.09,3621,2370,9.67,58.0,55.28,0.0
77059140-e829-5d12-90bd-2d2ebd9c436c,2026-09-13T15:34:00,4.4,5.83,3658,2336,13.13,58.0,50.4,0.0
3a6c166d-37fa-5cda-adad-777eb4567f37,2026-09-13T15:36:00,3.8,5.77,3799,2321,10.4,85.76,52.66,0.0
f1a6081a-48e3-56db-936e-f49af9832cb1,2026-09-13T15:36:00,3.37,6.48,3561,2380,9.17,58.0,52.1,0.0
18b90679-ba14-5785-bca6-c3cc1e3ad587,2026-09-13T15:36:00,3.62,5.66,3655,2156,10.68,58.0,51.66,0.0
77059140-e829-5d12-90bd-2d2ebd9c436c,2026-09-13T15:36:00,4.8,5.69,3736,2250,12.14,58.0,48.61,0.0
3a6c166d-37fa-5cda-adad-777eb4567f37,2026-09-13T15:38:00,4.08,6.28,3742,2342,12.76,85.62,52.57,0.0
f1a6081a-48e3-56db-936e-f49af9832cb1,2026-09-13T15:38:00,3.82,6.33,3739,2518,11.26,58.0,52.13,0.0
18b90679-ba14-5785-bca6-c3cc1e3ad587,2026-09-13T15:38:00,3.98,5.89,3776,2361,9.62,58.0,51.81,0.0
77059140-e829-5d12-90bd-2d2ebd9c436c,2026-09-13T15:38:00,3.28,5.72,3563,2443,10.9,58.0,54.22,0.0
3a6c166d-37fa-5cda-adad-777eb4567f37,2026-09-13T15:40:00,4.08,6.48,3694,2240,6.29,85.26,52.98,0.0
f1a6081a-48e3-56db-936e-f49af9832cb1,2026-09-13T15:40:00,4.28,5.88,3713,2418,12.31,58.0,53.8,0.0
18b90679-ba14-5785-bca6-c3cc1e3ad587,2026-09-13T15:40:00,4.41,5.71,3577,2329,11.26,58.0,54.03,0.0
77059140-e829-5d12-90bd-2d2ebd9c436c,2026-09-13T15:40:00,4.26,5.9,3555,2147,8.54,58.0,50.7,0.0
3a6c166d-37fa-5cda-adad-777eb4567f37,2026-09-13T15:42:00,4.0,5.47,3823,2417,9.8,85.42,53.13,0.0
f1a6081a-48e3-56db-936e-f49af9832cb1,2026-09-13T15:42:00,4.04,5.51,3697,2284,6.69,58.0,52.53,0.0
18b90679-ba14-5785-bca6-c3cc1e3ad587,2026-09-13T15:42:00,4.8,5.12,3615,2304,9.41,58.0,52.49,0.0
77059140-e829-5d12-90bd-2d2ebd9c436c,2026-09-13T15:42:00,4.15,5.35,3709,2182,9.71,58.0,50.89,0.0
3a6c166d-37fa-5cda-adad-777eb4567f37,2026-09-13T15:44:00,4.05,4.99,3806,2431,11.05,85.42,55.9,0.0
f1a6081a-48e3-56db-936e-f49af9832cb1,2026-09-13T15:44:00,4.27,5.94,3771,2365,9.52,58.0,53.49,0.0
18b90679-ba14-5785-bca6-c3cc1e3ad587,2026-09-13T15:44:00,4.26,5.91,3840,2287,9.66,58.0,53.72,0.0
77059140-e829-5d12-90bd-2d2ebd9c436c,2026-09-13T15:44:00,3.72,5.17,3746,2210,8.93,58.0,49.97,0.0
3a6c166d-37fa-5cda-adad-777eb4567f37,2026-09-13T15:46:00,3.74,6.03,3478,2322,12.41,85.53,48.75,0.0
f1a6081a-48e3-56db-936e-f49af9832cb1,2026-09-13T15:46:00,4.61,5.56,3630,2276,11.3,58.0,55.06,0.0
18b90679-ba14-5785-bca6-c3cc1e3ad587,2026-09-13T15:46:00,3.73,5.68,3550,2216,10.9,58.0,50.69,0.0
77059140-e829-5d12-90bd-2d2ebd9c436c,2026-09-13T15:46:00,4.3,4.48,3680,2404,7.64,58.0,50.85,0.0
3a6c166d-37fa-5cda-adad-777eb4567f37,2026-09-13T15:48:00,3.27,5.72,3489,2318,6.7,85.36,55.24,0.0
f1a6081a-48e3-56db-936e-f49af9832cb1,2026-09-13T15:48:00,3.76,5.15,3807,2159,9.31,58.0,55.28,0.0
18b90679-ba14-5785-bca6-c3cc1e3ad587,2026-09-13T15:48:00,3.52,5.99,3467,2240,5.73,58.0,51.47,0.0
77059140-e829-5d12-90bd-2d2ebd9c436c,2026-09-13T15:48:00,4.27,5.33,3770,2289,8.53,58.0,53.01,0.0
3a6c166d-37fa-5cda-adad-777eb4567f37,2026-09-13T15:50:00,4.06,5.44,3666,2348,7.48,85.37,45.5,0.0
f1a6081a-48e3-56db-936e-f49af9832cb1,2026-09-13T15:50:00,4.13,6.54,3674,2147,8.57,58.0,56.27,0.0
18b90679-ba14-5785-bca6-c3cc1e3ad587,2026-09-13T15:50:00,4.05,5.92,3756,2155,8.86,58.0,52.23,0.0
77059140-e829-5d12-90bd-2d2ebd9c436c,2026-09-13T15:50:00,4.0,5.43,3384,2156,7.82,58.0,52.6,0.0
3a6c166d-37fa-5cda-adad-777eb4567f37,2026-09-13T15:52:00,4.29,6.28,4023,2373,14.16,85.64,52.11,0.0
f1a6081a-48e3-56db-936e-f49af9832cb1,2026-09-13T15:52:00,3.98,5.31,3630,2277,10.4,58.0,55.19,0.0
18b90679-ba14-5785-bca6-c3cc1e3ad587,2026-09-13T15:52:00,3.98,5.85,3834,2319,8.43,58.0,52.82,0.0
77059140-e829-5d12-90bd-2d2ebd9c436c,2026-09-13T15:52:00,3.85,5.76,3620,2381,10.21,58.0,54.45,0.0
3a6c166d-37fa-5cda-adad-777eb4567f37,2026-09-13T15:54:00,4.3,5.79,3679,2230,10.07,85.85,54.05,0.0
f1a6081a-48e3-56db-936e-f49af9832cb1,2026-09-13T15:54:00,4.29,5.67,3677,2310,8.47,58.0,50.47,0.0
18b90679-ba14-5785-bca6-c3cc1e3ad587,2026-09-13T15:54:00,3.79,5.43,3505,2174,7.5,58.0,50.07,0.0
77059140-e829-5d12-90bd-2d2ebd9c436c,2026-09-13T15:54:00,3.95,5.68,3445,2062,10.48,58.0,50.44,0.0
3a6c166d-37fa-5cda-adad-777eb4567f37,2026-09-13T15:56:00,3.7,5.89,3714,2426,9.53,85.77,53.8,0.0
f1a6081a-48e3-56db-936e-f49af9832cb1,2026-09-13T15:56:00,4.55,5.56,3548,2242,12.06,58.0,49.42,0.0
18b90679-ba14-5785-bca6-c3cc1e3ad587,2026-09-13T15:56:00,4.03,6.11,3499,2373,10.25,58.0,53.9,0.0
77059140-e829-5d12-90bd-2d2ebd9c436c,2026-09-13T15:56:00,3.71,6.08,3853,2150,9.78,58.0,54.41,0.0
3a6c166d-37fa-5cda-adad-777eb4567f37,2026-09-13T15:58:00,3.73,5.57,3562,2204,12.02,85.75,51.39,0.0
f1a6081a-48e3-56db-936e-f49af9832cb1,2026-09-13T15:58:00,3.69,6.36,3709,2293,10.0,58.0,46.18,0.0
18b90679-ba14-5785-bca6-c3cc1e3ad587,2026-09-13T15:58:00,4.29,5.8,3522,2218,8.76,58.0,51.07,0.0
77059140-e829-5d12-90bd-2d2ebd9c436c,2026-09-13T15:58:00,4.25,6.25,3367,2328,7.83,58.0,53.77,0.0
3a6c166d-37fa-5cda-adad-777eb4567f37,2026-09-13T16:00:00,4.02,6.39,3417,2112,7.45,86.04,56.62,0.0
f1a6081a-48e3-56db-936e-f49af9832cb1,2026-09-13T16:00:00,4.23,5.94,3611,2289,8.51,58.0,46.21,0.0
18b90679-ba14-5785-bca6-c3cc1e3ad587,2026-09-13T16:00:00,4.11,6.21,3578,2291,12.61,58.0,52.74,0.0
77059140-e829-5d12-90bd-2d2ebd9c436c,2026-09-13T16:00:00,4.1,5.95,3272,2301,10.48,58.0,53.4,0.0
3a6c166d-37fa-5cda-adad-777eb4567f37,2026-09-13T16:02:00,4.01,6.13,3429,2222,13.64,85.28,52.63,0.0
f1a6081a-48e3-56db-936e-f49af9832cb1,2026-09-13T16:02:00,4.69,6.32,3445,2258,8.21,58.0,50.82,0.0
18b90679-ba14-5785-bca6-c3cc1e3ad587,2026-09-13T16:02:00,4.42,5.77,3571,2216,9.37,58.0,53.61,0.0
77059140-e829-5d12-90bd-2d2ebd9c436c,2026-09-13T16:02:00,3.79,5.3,3381,2175,8.96,58.0,48.14,0.0
3a6c166d-37fa-5cda-adad-777eb4567f37,2026-09-13T16:04:00,3.81,6.07,3592,2116,9.36,85.95,52.16,0.0
f1a6081a-48e3-56db-936e-f49af9832cb1,2026-09-13T16:04:00,3.35,5.11,3537,2328,11.23,58.0,54.06,0.0
18b90679-ba14-5785-bca6-c3cc1e3ad587,2026-09-13T16:04:00,4.12,6.15,3810,2180,7.79,58.0,50.59,0.0
77059140-e829-5d12-90bd-2d2ebd9c436c,2026-09-13T16:04:00,3.91,5.95,3444,2210,8.0,58.0,53.9,0.0
3a6c166d-37fa-5cda-adad-777eb4567f37,2026-09-13T16:06:00,4.07,4.93,3524,2227,7.47,85.76,52.55,0.0
f1a6081a-48e3-56db-936e-f49af9832cb1,2026-09-13T16:06:00,4.1,6.35,3766,2289,10.75,58.0,50.84,0.0
18b90679-ba14-5785-bca6-c3cc1e3ad587,2026-09-13T16:06:00,3.45,5.14,3467,2326,13.85,58.0,48.74,0.0
77059140-e829-5d12-90bd-2d2ebd9c436c,2026-09-13T16:06:00,3.95,5.54,3765,2422,6.49,58.0,48.55,0.0
3a6c166d-37fa-5cda-adad-777eb4567f37,2026-09-13T16:08:00,3.46,6.09,3520,2184,8.17,85.81,50.36,0.0
f1a6081a-48e3-56db-936e-f49af9832cb1,2026-09-13T16:08:00,4.3,5.43,3665,2234,7.37,58.0,47.95,0.0
18b90679-ba14-5785-bca6-c3cc1e3ad587,2026-09-13T16:08:00,3.44,5.59,3491,2225,9.51,58.0,56.05,0.0
77059140-e829-5d12-90bd-2d2ebd9c436c,2026-09-13T16:08:00,4.1,5.35,3715,2265,9.68,58.0,51.03,0.0
3a6c166d-37fa-5cda-adad-777eb4567f37,2026-09-13T16:10:00,4.01,6.22,3655,2159,7.43,86.12,54.49,0.0
f1a6081a-48e3-56db-936e-f49af9832cb1,2026-09-13T16:10:00,3.39,5.12,3432,2056,10.81,58.0,56.85,0.0
18b90679-ba14-5785-bca6-c3cc1e3ad587,2026-09-13T16:10:00,3.9,5.83,3538,2212,12.91,58.0,52.39,0.0
77059140-e829-5d12-90bd-2d2ebd9c436c,2026-09-13T16:10:00,3.91,6.74,3522,2119,9.07,58.0,52.11,0.0
3a6c166d-37fa-5cda-adad-777eb4567f37,2026-09-13T16:12:00,4.22,6.52,3675,2118,7.45,86.2,53.95,0.0
f1a6081a-48e3-56db-936e-f49af9832cb1,2026-09-13T16:12:00,4.09,5.89,3388,2239,7.74,58.0,54.78,0.0
18b90679-ba14-5785-bca6-c3cc1e3ad587,2026-09-13T16:12:00,3.98,6.41,3443,2193,11.27,58.0,51.54,0.0
77059140-e829-5d12-90bd-2d2ebd9c436c,2026-09-13T16:12:00,3.94,5.96,3260,2302,12.11,58.0,51.38,0.0
3a6c166d-37fa-5cda-adad-777eb4567f37,2026-09-13T16:14:00,3.77,6.1,3350,2218,9.54,86.1,54.54,0.0
f1a6081a-48e3-56db-936e-f49af9832cb1,2026-09-13T16:14:00,4.15,5.25,3532,2146,9.85,58.0,54.29,0.0
18b90679-ba14-5785-bca6-c3cc1e3ad587,2026-09-13T16:14:00,4.28,6.05,3364,2365,11.95,58.0,53.64,0.0
77059140-e829-5d12-90bd-2d2ebd9c436c,2026-09-13T16:14:00,3.93,5.87,3329,2157,7.4,58.0,52.19,0.0
3a6c166d-37fa-5cda-adad-777eb4567f37,2026-09-13T16:16:00,4.45,5.04,3499,2162,10.42,86.2,55.99,0.0
f1a6081a-48e3-56db-936e-f49af9832cb1,2026-09-13T16:16:00,4.07,5.35,3690,2344,9.99,58.0,47.7,0.0
18b90679-ba14-5785-bca6-c3cc1e3ad587,2026-09-13T16:16:00,3.92,5.8,3133,2141,10.12,58.0,52.31,0.0
77059140-e829-5d12-90bd-2d2ebd9c436c,2026-09-13T16:16:00,4.09,6.29,3408,2296,11.44,58.0,51.16,0.0
3a6c166d-37fa-5cda-adad-777eb4567f37,2026-09-13T16:18:00,3.56,5.03,3509,2311,9.86,86.26,52.57,0.0
f1a6081a-48e3-56db-936e-f49af9832cb1,2026-09-13T16:18:00,2.81,4.75,3315,2302,6.12,58.0,49.87,0.0
18b90679-ba14-5785-bca6-c3cc1e3ad587,2026-09-13T16:18:00,4.18,5.64,3490,2177,8.27,58.0,50.48,0.0
77059140-e829-5d12-90bd-2d2ebd9c436c,2026-09-13T16:18:00,3.78,5.88,3577,2183,7.72,58.0,54.22,0.0
3a6c166d-37fa-5cda-adad-777eb4567f37,2026-09-13T16:20:00,4.08,5.42,3397,2117,10.53,86.14,49.35,0.0
f1a6081a-48e3-56db-936e-f49af9832cb1,2026-09-13T16:20:00,4.39,5.12,3493,2014,10.78,58.0,48.18,0.0
18b90679-ba14-5785-bca6-c3cc1e3ad587,2026-09-13T16:20:00,3.72,5.15,3592,2255,6.55,58.0,50.32,0.0
77059140-e829-5d12-90bd-2d2ebd9c436c,2026-09-13T16:20:00,3.36,5.42,3379,2300,8.18,58.0,51.25,0.0
3a6c166d-37fa-5cda-adad-777eb4567f37,2026-09-13T16:22:00,4.13,5.96,3562,2222,7.81,86.26,48.23,0.0
f1a6081a-48e3-56db-936e-f49af9832cb1,2026-09-13T16:22:00,3.58,6.03,3656,2151,10.12,58.0,49.76,0.0
18b90679-ba14-5785-bca6-c3cc1e3ad587,2026-09-13T16:22:00,3.77,5.75,3434,2181,7.98,58.0,51.73,0.0
77059140-e829-5d12-90bd-2d2ebd9c436c,2026-09-13T16:22:00,4.12,5.78,3492,2238,10.24,58.0,54.87,0.0
3a6c166d-37fa-5cda-adad-777eb4567f37,2026-09-13T16:24:00,4.55,6.36,3567,2114,11.78,86.62,50.39,0.0
f1a6081a-48e3-56db-936e-f49af9832cb1,2026-09-13T16:24:00,3.88,5.86,3443,2107,9.35,58.0,55.02,0.0
18b90679-ba14-5785-bca6-c3cc1e3ad587,2026-09-13T16:24:00,3.98,5.6,3451,2150,6.0,58.0,50.27,0.0
77059140-e829-5d12-90bd-2d2ebd9c436c,2026-09-13T16:24:00,3.22,5.15,3257,2215,8.39,58.0,49.6,0.0
3a6c166d-37fa-5cda-adad-777eb4567f37,2026-09-13T16:26:00,3.77,5.53,3311,2186,7.22,85.82,49.34,0.0
f1a6081a-48e3-56db-936e-f49af9832cb1,2026-09-13T16:26:00,4.29,5.59,3547,2117,9.55,58.0,55.16,0.0
18b90679-ba14-5785-bca6-c3cc1e3ad587,2026-09-13T16:26:00,3.82,5.99,3547,2302,11.77,58.0,54.57,0.0
77059140-e829-5d12-90bd-2d2ebd9c436c,2026-09-13T16:26:00,3.64,5.26,3501,2352,9.44,58.0,54.19,0.0
3a6c166d-37fa-5cda-adad-777eb4567f37,2026-09-13T16:28:00,4.14,5.77,3546,2071,6.26,86.1,52.9,0.0
f1a6081a-48e3-56db-936e-f49af9832cb1,2026-09-13T16:28:00,3.96,6.27,3477,2150,7.05,58.0,53.38,0.0
18b90679-ba14-5785-bca6-c3cc1e3ad587,2026-09-13T16:28:00,4.0,5.64,3500,2102,8.24,58.0,53.96,0.0
77059140-e829-5d12-90bd-2d2ebd9c436c,2026-09-13T16:28:00,3.6,6.04,3514,2050,10.0,58.0,54.15,0.0
3a6c166d-37fa-5cda-adad-777eb4567f37,2026-09-13T16:30:00,4.04,5.61,3456,2239,10.2,86.35,48.91,0.0
f1a6081a-48e3-56db-936e-f49af9832cb1,2026-09-13T16:30:00,4.04,5.37,3348,2069,10.96,58.0,52.15,0.0
18b90679-ba14-5785-bca6-c3cc1e3ad587,2026-09-13T16:30:00,3.82,5.67,3505,2024,7.88,58.0,54.44,0.0
77059140-e829-5d12-90bd-2d2ebd9c436c,2026-09-13T16:30:00,3.7,5.89,3560,2215,9.17,58.0,52.29,0.0
3a6c166d-37fa-5cda-adad-777eb4567f37,2026-09-13T16:32:00,3.81,4.71,3378,2154,10.76,86.07,52.97,0.0
f1a6081a-48e3-56db-936e-f49af9832cb1,2026-09-13T16:32:00,3.89,5.48,3559,2113,10.33,58.0,46.22,0.0
18b90679-ba14-5785-bca6-c3cc1e3ad587,2026-09-13T16:32:00,4.26,5.94,3360,2080,8.76,58.0,49.25,0.0
77059140-e829-5d12-90bd-2d2ebd9c436c,2026-09-13T16:32:00,3.96,6.36,3236,2195,9.65,58.0,49.15,0.0
3a6c166d-37fa-5cda-adad-777eb4567f37,2026-09-13T16:34:00,3.98,6.21,3317,2113,7.92,86.24,50.28,0.0
f1a6081a-48e3-56db-936e-f49af9832cb1,2026-09-13T16:34:00,4.16,5.93,3393,2179,6.94,58.0,48.74,0.0
18b90679-ba14-5785-bca6-c3cc1e3ad587,2026-09-13T16:34:00,4.46,6.41,3659,2141,9.01,58.0,48.8,0.0
77059140-e829-5d12-90bd-2d2ebd9c436c,2026-09-13T16:34:00,3.73,4.96,3424,2162,6.66,58.0,53.41,0.0
3a6c166d-37fa-5cda-adad-777eb4567f37,2026-09-13T16:36:00,3.27,5.5,3397,2200,12.91,86.2,43.59,0.0
f1a6081a-48e3-56db-936e-f49af9832cb1,2026-09-13T16:36:00,4.23,6.14,3399,2087,9.47,58.0,48.31,0.0
18b90679-ba14-5785-bca6-c3cc1e3ad587,2026-09-13T16:36:00,4.5,6.72,3689,2214,5.98,58.0,50.12,0.0
77059140-e829-5d12-90bd-2d2ebd9c436c,2026-09-13T16:36:00,3.92,5.46,3271,2124,9.22,58.0,49.69,0.0
3a6c166d-37fa-5cda-adad-777eb4567f37,2026-09-13T16:38:00,3.85,6.04,3458,2239,11.19,86.34,49.18,0.0
f1a6081a-48e3-56db-936e-f49af9832cb1,2026-09-13T16:38:00,3.85,5.27,3428,2167,8.82,58.0,48.44,0.0
18b90679-ba14-5785-bca6-c3cc1e3ad587,2026-09-13T16:38:00,3.97,5.79,3349,1996,9.05,58.0,50.23,0.0
77059140-e829-5d12-90bd-2d2ebd9c436c,2026-09-13T16:38:00,3.49,5.76,3304,2148,8.5,58.0,53.27,0.0
3a6c166d-37fa-5cda-adad-777eb4567f37,2026-09-13T16:40:00,4.02,6.0,3362,2101,9.77,86.37,49.14,0.0
f1a6081a-48e3-56db-936e-f49af9832cb1,2026-09-13T16:40:00,3.93,5.78,3462,2043,8.2,58.0,51.77,0.0
18b90679-ba14-5785-bca6-c3cc1e3ad587,2026-09-13T16:40:00,3.55,6.31,3580,2156,9.57,58.0,51.09,0.0
77059140-e829-5d12-90bd-2d2ebd9c436c,2026-09-13T16:40:00,4.41,5.46,3458,2146,10.01,58.0,50.23,0.0
3a6c166d-37fa-5cda-adad-777eb4567f37,2026-09-13T16:42:00,3.46,5.73,3439,2124,10.51,86.58,53.38,0.0
f1a6081a-48e3-56db-936e-f49af9832cb1,2026-09-13T16:42:00,3.97,5.81,3419,2291,6.77,58.0,48.79,0.0
18b90679-ba14-5785-bca6-c3cc1e3ad587,2026-09-13T16:42:00,3.86,5.67,3478,1935,7.28,58.0,55.95,0.0
77059140-e829-5d12-90bd-2d2ebd9c436c,2026-09-13T16:42:00,4.55,5.81,3567,2130,5.83,58.0,55.23,0.0
3a6c166d-37fa-5cda-adad-777eb4567f37,2026-09-13T16:44:00,3.45,5.1,3514,1988,9.31,86.62,49.92,0.0
f1a6081a-48e3-56db-936e-f49af9832cb1,2026-09-13T16:44:00,3.38,5.27,3601,1979,8.45,58.0,52.64,0.0
18b90679-ba14-5785-bca6-c3cc1e3ad587,2026-09-13T16:44:00,3.37,6.08,3073,2340,9.51,58.0,54.35,0.0
77059140-e829-5d12-90bd-2d2ebd9c436c,2026-09-13T16:44:00,4.47,5.41,3377,2187,11.65,58.0,49.5,0.0
3a6c166d-37fa-5cda-adad-777eb4567f37,2026-09-13T16:46:00,4.12,4.78,3325,2140,6.46,86.27,51.93,0.0
f1a6081a-48e3-56db-936e-f49af9832cb1,2026-09-13T16:46:00,3.82,5.39,3163,2174,8.98,58.0,48.73,0.0
18b90679-ba14-5785-bca6-c3cc1e3ad587,2026-09-13T16:46:00,4.26,4.52,3283,1972,8.71,58.0,48.03,0.0
77059140-e829-5d12-90bd-2d2ebd9c436c,2026-09-13T16:46:00,3.45,5.8,3297,2041,8.45,58.0,50.15,0.0
3a6c166d-37fa-5cda-adad-777eb4567f37,2026-09-13T16:48:00,3.66,5.48,3189,2063,7.52,87.01,53.25,0.0
f1a6081a-48e3-56db-936e-f49af9832cb1,2026-09-13T16:48:00,3.6,6.14,3194,2173,11.23,58.0,55.42,0.0
18b90679-ba14-5785-bca6-c3cc1e3ad587,2026-09-13T16:48:00,4.05,5.16,3429,2173,9.2,58.0,48.59,0.0
77059140-e829-5d12-90bd-2d2ebd9c436c,2026-09-13T16:48:00,3.83,4.89,3294,1997,7.7,58.0,54.97,0.0
3a6c166d-37fa-5cda-adad-777eb4567f37,2026-09-13T16:50:00,3.67,5.41,3377,1942,9.9,86.74,52.63,0.0
f1a6081a-48e3-56db-936e-f49af9832cb1,2026-09-13T16:50:00,3.76,5.59,3534,2088,10.2,58.0,50.44,0.0
18b90679-ba14-5785-bca6-c3cc1e3ad587,2026-09-13T16:50:00,4.27,5.83,3468,2091,9.46,58.0,57.84,0.0
77059140-e829-5d12-90bd-2d2ebd9c436c,2026-09-13T16:50:00,3.48,5.87,3319,2190,9.28,58.0,52.83,0.0
3a6c166d-37fa-5cda-adad-777eb4567f37,2026-09-13T16:52:00,3.15,5.52,3520,2135,9.54,86.48,50.79,0.0
f1a6081a-48e3-56db-936e-f49af9832cb1,2026-09-13T16:52:00,3.52,6.11,3393,2058,10.11,58.0,57.45,0.0
18b90679-ba14-5785-bca6-c3cc1e3ad587,2026-09-13T16:52:00,4.23,5.32,3383,2132,11.84,58.0,48.52,0.0
77059140-e829-5d12-90bd-2d2ebd9c436c,2026-09-13T16:52:00,4.62,5.12,3146,2070,9.7,58.0,51.69,0.0
3a6c166d-37fa-5cda-adad-777eb4567f37,2026-09-13T16:54:00,3.37,6.04,3064,2056,8.03,86.03,47.35,0.0
f1a6081a-48e3-56db-936e-f49af9832cb1,2026-09-13T16:54:00,3.54,5.97,3299,2012,7.04,58.0,54.07,0.0
18b90679-ba14-5785-bca6-c3cc1e3ad587,2026-09-13T16:54:00,3.51,6.29,3108,2062,6.1,58.0,46.54,0.0
77059140-e829-5d12-90bd-2d2ebd9c436c,2026-09-13T16:54:00,3.62,6.11,3509,2068,6.54,58.0,53.03,0.0
3a6c166d-37fa-5cda-adad-777eb4567f37,2026-09-13T16:56:00,3.95,5.58,3490,2058,5.13,86.16,50.65,0.0
f1a6081a-48e3-56db-936e-f49af9832cb1,2026-09-13T16:56:00,3.41,5.2,3179,1911,5.7,58.0,48.66,0.0
18b90679-ba14-5785-bca6-c3cc1e3ad587,2026-09-13T16:56:00,3.36,5.05,3292,2088,11.04,58.0,49.61,0.0
77059140-e829-5d12-90bd-2d2ebd9c436c,2026-09-13T16:56:00,3.79,5.0,3330,1858,7.32,58.0,49.74,0.0
3a6c166d-37fa-5cda-adad-777eb4567f37,2026-09-13T16:58:00,4.26,4.83,3414,2218,10.24,86.4,52.0,0.0
f1a6081a-48e3-56db-936e-f49af9832cb1,2026-09-13T16:58:00,2.99,5.48,3116,2028,8.45,58.0,52.66,0.0
18b90679-ba14-5785-bca6-c3cc1e3ad587,2026-09-13T16:58:00,3.35,5.12,3150,1925,12.27,58.0,51.03,0.0
77059140-e829-5d12-90bd-2d2ebd9c436c,2026-09-13T16:58:00,4.14,6.4,3119,1902,7.31,58.0,53.85,0.0
3a6c166d-37fa-5cda-adad-777eb4567f37,2026-09-13T17:00:00,3.17,5.91,3134,1985,11.58,86.56,53.67,0.0
f1a6081a-48e3-56db-936e-f49af9832cb1,2026-09-13T17:00:00,4.07,5.72,3188,2025,9.48,58.0,50.5,0.0
18b90679-ba14-5785-bca6-c3cc1e3ad587,2026-09-13T17:00:00,4.1,5.22,3050,2012,7.63,58.0,46.01,0.0
77059140-e829-5d12-90bd-2d2ebd9c436c,2026-09-13T17:00:00,3.6,5.48,3273,2119,8.86,58.0,51.21,0.0
3a6c166d-37fa-5cda-adad-777eb4567f37,2026-09-13T17:02:00,4.18,5.77,3317,1931,7.31,86.59,51.37,0.0
f1a6081a-48e3-56db-936e-f49af9832cb1,2026-09-13T17:02:00,4.36,5.82,3132,2016,5.73,58.0,52.45,0.0
18b90679-ba14-5785-bca6-c3cc1e3ad587,2026-09-13T17:02:00,4.0,4.93,3242,2102,5.52,58.0,49.64,0.0
77059140-e829-5d12-90bd-2d2ebd9c436c,2026-09-13T17:02:00,3.73,5.06,3054,2000,7.71,58.0,48.21,0.0
3a6c166d-37fa-5cda-adad-777eb4567f37,2026-09-13T17:04:00,3.46,5.82,3403,1911,10.99,86.77,50.38,0.0
f1a6081a-48e3-56db-936e-f49af9832cb1,2026-09-13T17:04:00,4.03,4.64,3176,2140,4.16,58.0,47.59,0.0
18b90679-ba14-5785-bca6-c3cc1e3ad587,2026-09-13T17:04:00,3.85,4.92,3374,2057,7.6,58.0,51.01,0.0
77059140-e829-5d12-90bd-2d2ebd9c436c,2026-09-13T17:04:00,4.21,6.1,3300,2028,11.74,58.0,51.06,0.0
3a6c166d-37fa-5cda-adad-777eb4567f37,2026-09-13T17:06:00,3.87,5.52,3255,2048,11.29,86.8,50.55,0.0
f1a6081a-48e3-56db-936e-f49af9832cb1,2026-09-13T17:06:00,3.74,6.04,3271,1983,8.2,58.0,51.14,0.0
18b90679-ba14-5785-bca6-c3cc1e3ad587,2026-09-13T17:06:00,3.96,6.41,3248,2190,5.95,58.0,53.02,0.0
77059140-e829-5d12-90bd-2d2ebd9c436c,2026-09-13T17:06:00,3.8,5.62,3171,2092,5.83,58.0,51.19,0.0
3a6c166d-37fa-5cda-adad-777eb4567f37,2026-09-13T17:08:00,3.87,4.66,3113,2167,8.63,86.01,50.67,0.0
f1a6081a-48e3-56db-936e-f49af9832cb1,2026-09-13T17:08:00,4.02,5.97,3122,1956,11.24,58.0,51.41,0.0
18b90679-ba14-5785-bca6-c3cc1e3ad587,2026-09-13T17:08:00,3.35,5.95,3370,1962,9.4,58.0,50.17,0.0
77059140-e829-5d12-90bd-2d2ebd9c436c,2026-09-13T17:08:00,3.75,5.7,3481,2019,10.09,58.0,47.56,0.0
3a6c166d-37fa-5cda-adad-777eb4567f37,2026-09-13T17:10:00,3.5,5.78,3301,2195,7.94,87.4,51.15,0.0
f1a6081a-48e3-56db-936e-f49af9832cb1,2026-09-13T17:10:00,4.1,5.42,3283,2227,8.95,58.0,50.44,0.0
18b90679-ba14-5785-bca6-c3cc1e3ad587,2026-09-13T17:10:00,3.31,5.52,3458,2091,7.51,58.0,54.57,0.0
77059140-e829-5d12-90bd-2d2ebd9c436c,2026-09-13T17:10:00,3.79,5.5,3337,1930,6.32,58.0,54.07,0.0
3a6c166d-37fa-5cda-adad-777eb4567f37,2026-09-13T17:12:00,3.45,5.4,3121,1957,8.8,87.06,49.47,0.0
f1a6081a-48e3-56db-936e-f49af9832cb1,2026-09-13T17:12:00,4.55,5.37,3145,1814,8.79,58.0,52.54,0.0
18b90679-ba14-5785-bca6-c3cc1e3ad587,2026-09-13T17:12:00,4.04,4.8,3107,2029,6.82,58.0,55.1,0.0
77059140-e829-5d12-90bd-2d2ebd9c436c,2026-09-13T17:12:00,3.89,5.8,2919,2191,8.81,58.0,53.19,0.0
3a6c166d-37fa-5cda-adad-777eb4567f37,2026-09-13T17:14:00,3.89,5.73,3122,2210,6.72,86.92,51.42,0.0
f1a6081a-48e3-56db-936e-f49af9832cb1,2026-09-13T17:14:00,3.64,4.83,3009,1922,7.52,58.0,51.62,0.0
18b90679-ba14-5785-bca6-c3cc1e3ad587,2026-09-13T17:14:00,3.48,5.87,2914,2066,11.19,58.0,53.04,0.0
77059140-e829-5d12-90bd-2d2ebd9c436c,2026-09-13T17:14:00,3.72,5.92,3200,2038,11.14,58.0,48.98,0.0
3a6c166d-37fa-5cda-adad-777eb4567f37,2026-09-13T17:16:00,3.87,5.59,3100,2029,8.18,86.8,50.8,0.0
f1a6081a-48e3-56db-936e-f49af9832cb1,2026-09-13T17:16:00,3.69,5.23,3302,1953,9.78,58.0,48.6,0.0
18b90679-ba14-5785-bca6-c3cc1e3ad587,2026-09-13T17:16:00,3.47,4.63,3255,1968,10.53,58.0,47.61,0.0
77059140-e829-5d12-90bd-2d2ebd9c436c,2026-09-13T17:16:00,3.49,5.31,3234,1922,4.05,58.0,47.75,0.0
3a6c166d-37fa-5cda-adad-777eb4567f37,2026-09-13T17:18:00,3.7,6.14,3230,1921,7.23,87.14,54.12,0.0
f1a6081a-48e3-56db-936e-f49af9832cb1,2026-09-13T17:18:00,3.56,4.88,3200,2085,11.04,58.0,49.1,0.0
18b90679-ba14-5785-bca6-c3cc1e3ad587,2026-09-13T17:18:00,3.92,5.09,3202,2122,8.21,58.0,46.69,0.0
77059140-e829-5d12-90bd-2d2ebd9c436c,2026-09-13T17:18:00,3.85,5.66,3128,1999,7.45,58.0,49.65,0.0
3a6c166d-37fa-5cda-adad-777eb4567f37,2026-09-13T17:20:00,3.03,4.81,3131,1860,8.58,86.63,50.61,0.0
f1a6081a-48e3-56db-936e-f49af9832cb1,2026-09-13T17:20:00,3.86,4.98,3311,2082,10.76,58.0,50.29,0.0
18b90679-ba14-5785-bca6-c3cc1e3ad587,2026-09-13T17:20:00,3.76,5.29,3176,1968,8.93,58.0,53.53,0.0
77059140-e829-5d12-90bd-2d2ebd9c436c,2026-09-13T17:20:00,3.99,5.28,3230,1965,10.05,58.0,47.94,0.0
3a6c166d-37fa-5cda-adad-777eb4567f37,2026-09-13T17:22:00,3.64,5.48,2965,1864,7.05,86.63,50.88,0.0
f1a6081a-48e3-56db-936e-f49af9832cb1,2026-09-13T17:22:00,3.68,4.94,3004,2105,5.69,58.0,52.05,0.0
18b90679-ba14-5785-bca6-c3cc1e3ad587,2026-09-13T17:22:00,3.09,4.34,3047,2090,8.3,58.0,52.25,0.0
77059140-e829-5d12-90bd-2d2ebd9c436c,2026-09-13T17:22:00,4.39,5.53,3175,1935,5.35,58.0,55.08,0.0
3a6c166d-37fa-5cda-adad-777eb4567f37,2026-09-13T17:24:00,3.36,5.56,3162,1915,6.95,86.87,53.41,0.0
f1a6081a-48e3-56db-936e-f49af9832cb1,2026-09-13T17:24:00,3.34,5.07,3200,1902,6.16,58.0,51.58,0.0
18b90679-ba14-5785-bca6-c3cc1e3ad587,2026-09-13T17:24:00,4.15,5.03,3062,1834,7.54,58.0,50.4,0.0
77059140-e829-5d12-90bd-2d2ebd9c436c,2026-09-13T17:24:00,3.51,5.46,3260,1885,7.01,58.0,51.51,0.0
3a6c166d-37fa-5cda-adad-777eb4567f37,2026-09-13T17:26:00,3.96,5.39,3011,2052,7.46,86.79,53.32,0.0
f1a6081a-48e3-56db-936e-f49af9832cb1,2026-09-13T17:26:00,3.51,5.28,3149,2002,5.32,58.0,56.64,0.0
18b90679-ba14-5785-bca6-c3cc1e3ad587,2026-09-13T17:26:00,3.81,4.98,3185,1863,4.93,58.0,46.38,0.0
77059140-e829-5d12-90bd-2d2ebd9c436c,2026-09-13T17:26:00,3.14,5.22,3260,1866,6.11,58.0,51.89,0.0
3a6c166d-37fa-5cda-adad-777eb4567f37,2026-09-13T17:28:00,3.66,5.23,3050,1952,7.11,86.69,52.18,0.0
f1a6081a-48e3-56db-936e-f49af9832cb1,2026-09-13T17:28:00,3.26,5.4,3304,1883,10.25,58.0,51.76,0.0
18b90679-ba14-5785-bca6-c3cc1e3ad587,2026-09-13T17:28:00,3.62,6.27,3212,2080,6.84,58.0,50.7,0.0
77059140-e829-5d12-90bd-2d2ebd9c436c,2026-09-13T17:28:00,3.43,5.41,3185,2024,11.2,58.0,51.24,0.0
3a6c166d-37fa-5cda-adad-777eb4567f37,2026-09-13T17:30:00,3.4,4.88,3128,1951,8.68,86.57,46.74,0.0
f1a6081a-48e3-56db-936e-f49af9832cb1,2026-09-13T17:30:00,3.88,5.0,3337,1965,10.86,58.0,50.23,0.0
18b90679-ba14-5785-bca6-c3cc1e3ad587,2026-09-13T17:30:00,2.88,5.76,3382,1834,5.64,58.0,51.87,0.0
77059140-e829-5d12-90bd-2d2ebd9c436c,2026-09-13T17:30:00,3.52,5.08,3095,1924,5.8,58.0,45.61,0.0
3a6c166d-37fa-5cda-adad-777eb4567f37,2026-09-13T17:32:00,3.18,5.89,3067,1987,6.65,87.27,48.04,0.0
f1a6081a-48e3-56db-936e-f49af9832cb1,2026-09-13T17:32:00,3.68,5.49,2960,2052,9.28,58.0,50.38,0.0
18b90679-ba14-5785-bca6-c3cc1e3ad587,2026-09-13T17:32:00,3.68,5.02,2967,2147,7.54,58.0,45.44,0.0
77059140-e829-5d12-90bd-2d2ebd9c436c,2026-09-13T17:32:00,3.62,4.77,3194,2075,7.11,58.0,47.72,0.0
3a6c166d-37fa-5cda-adad-777eb4567f37,2026-09-13T17:34:00,3.63,4.95,2977,1982,8.96,86.78,55.89,0.0
f1a6081a-48e3-56db-936e-f49af9832cb1,2026-09-13T17:34:00,3.48,5.91,3074,1942,9.38,58.0,52.74,0.0
18b90679-ba14-5785-bca6-c3cc1e3ad587,2026-09-13T17:34:00,3.55,5.16,2932,2000,8.4,58.0,46.61,0.0
77059140-e829-5d12-90bd-2d2ebd9c436c,2026-09-13T17:34:00,4.13,5.72,2986,1931,8.46,58.0,46.87,0.0
3a6c166d-37fa-5cda-adad-777eb4567f37,2026-09-13T17:36:00,4.17,5.22,3001,1961,9.23,87.32,54.43,0.0
f1a6081a-48e3-56db-936e-f49af9832cb1,2026-09-13T17:36:00,3.76,5.42,3223,2096,8.46,58.0,51.39,0.0
18b90679-ba14-5785-bca6-c3cc1e3ad587,2026-09-13T17:36:00,3.17,4.7,3222,1816,7.78,58.0,51.32,0.0
77059140-e829-5d12-90bd-2d2ebd9c436c,2026-09-13T17:36:00,3.0,5.51,2953,1958,10.41,58.0,47.72,0.0
3a6c166d-37fa-5cda-adad-777eb4567f37,2026-09-13T17:38:00,4.17,5.37,3278,1750,6.56,86.85,50.7,0.0
f1a6081a-48e3-56db-936e-f49af9832cb1,2026-09-13T17:38:00,3.26,5.7,3269,1805,8.49,58.0,51.14,0.0
18b90679-ba14-5785-bca6-c3cc1e3ad587,2026-09-13T17:38:00,4.02,5.14,3130,1830,6.96,58.0,49.32,0.0
77059140-e829-5d12-90bd-2d2ebd9c436c,2026-09-13T17:38:00,3.9,4.36,2884,1853,8.46,58.0,44.22,0.0
3a6c166d-37fa-5cda-adad-777eb4567f37,2026-09-13T17:40:00,3.4,6.0,3003,1901,8.99,87.71,47.53,0.0
f1a6081a-48e3-56db-936e-f49af9832cb1,2026-09-13T17:40:00,4.22,5.42,3322,1975,4.93,58.0,51.27,0.0
18b90679-ba14-5785-bca6-c3cc1e3ad587,2026-09-13T17:40:00,2.82,4.83,3148,2007,9.59,58.0,50.32,0.0
77059140-e829-5d12-90bd-2d2ebd9c436c,2026-09-13T17:40:00,4.1,4.09,3121,1907,7.67,58.0,52.39,0.0
3a6c166d-37fa-5cda-adad-777eb4567f37,2026-09-13T17:42:00,3.5,5.09,3100,2003,5.3,87.29,45.6,0.0
f1a6081a-48e3-56db-936e-f49af9832cb1,2026-09-13T17:42:00,4.09,4.99,2959,1940,6.12,58.0,46.96,0.0
18b90679-ba14-5785-bca6-c3cc1e3ad587,2026-09-13T17:42:00,4.07,6.07,2966,1976,11.78,58.0,46.42,0.0
77059140-e829-5d12-90bd-2d2ebd9c436c,2026-09-13T17:42:00,3.51,5.31,2990,1906,10.4,58.0,50.72,0.0
3a6c166d-37fa-5cda-adad-777eb4567f37,2026-09-13T17:44:00,3.09,5.44,2956,1846,4.88,87.24,54.05,0.0
f1a6081a-48e3-56db-936e-f49af9832cb1,2026-09-13T17:44:00,3.42,4.29,2828,2042,6.89,58.0,54.42,0.0
18b90679-ba14-5785-bca6-c3cc1e3ad587,2026-09-13T17:44:00,4.38,5.63,2985,1923,7.65,58.0,47.13,0.0
77059140-e829-5d12-90bd-2d2ebd9c436c,2026-09-13T17:44:00,3.45,6.23,2999,1891,5.32,58.0,50.98,0.0
3a6c166d-37fa-5cda-adad-777eb4567f37,2026-09-13T17:46:00,3.48,5.56,2900,1941,9.23,87.57,50.94,0.0
f1a6081a-48e3-56db-936e-f49af9832cb1,2026-09-13T17:46:00,3.49,5.21,2878,1961,9.09,58.0,51.41,0.0
18b90679-ba14-5785-bca6-c3cc1e3ad587,2026-09-13T17:46:00,3.47,5.89,2958,1912,9.9,58.0,48.57,0.0
77059140-e829-5d12-90bd-2d2ebd9c436c,2026-09-13T17:46:00,3.42,5.13,2849,1961,3.91,58.0,44.05,0.0
3a6c166d-37fa-5cda-adad-777eb4567f37,2026-09-13T17:48:00,2.84,5.24,3004,1895,8.65,87.51,52.74,0.0
f1a6081a-48e3-56db-936e-f49af9832cb1,2026-09-13T17:48:00,3.55,5.34,3034,1990,5.71,58.0,50.41,0.0
18b90679-ba14-5785-bca6-c3cc1e3ad587,2026-09-13T17:48:00,3.29,5.6,2898,1833,6.39,58.0,49.89,0.0
77059140-e829-5d12-90bd-2d2ebd9c436c,2026-09-13T17:48:00,3.38,5.26,2926,1792,7.27,58.0,48.35,0.0
3a6c166d-37fa-5cda-adad-777eb4567f37,2026-09-13T17:50:00,4.05,5.09,2986,1988,9.64,87.64,48.66,0.0
f1a6081a-48e3-56db-936e-f49af9832cb1,2026-09-13T17:50:00,3.72,4.07,2924,1843,7.8,58.0,49.76,0.0
18b90679-ba14-5785-bca6-c3cc1e3ad587,2026-09-13T17:50:00,3.73,5.69,2902,1878,9.23,58.0,47.51,0.0
77059140-e829-5d12-90bd-2d2ebd9c436c,2026-09-13T17:50:00,2.99,5.43,3066,1722,7.55,58.0,48.31,0.0
3a6c166d-37fa-5cda-adad-777eb4567f37,2026-09-13T17:52:00,3.0,5.47,2933,1817,9.12,87.56,49.24,0.0
f1a6081a-48e3-56db-936e-f49af9832cb1,2026-09-13T17:52:00,3.48,4.64,3156,2013,9.3,58.0,52.47,0.0
18b90679-ba14-5785-bca6-c3cc1e3ad587,2026-09-13T17:52:00,3.59,5.74,3019,1560,6.55,58.0,51.49,0.0
77059140-e829-5d12-90bd-2d2ebd9c436c,2026-09-13T17:52:00,4.48,5.98,3106,1971,7.51,58.0,46.05,0.0
3a6c166d-37fa-5cda-adad-777eb4567f37,2026-09-13T17:54:00,3.7,4.96,2879,1954,6.78,86.74,45.58,0.0
f1a6081a-48e3-56db-936e-f49af9832cb1,2026-09-13T17:54:00,4.11,4.93,2927,1777,4.93,58.0,47.23,0.0
18b90679-ba14-5785-bca6-c3cc1e3ad587,2026-09-13T17:54:00,3.09,5.24,3024,1935,9.32,58.0,52.14,0.0
77059140-e829-5d12-90bd-2d2ebd9c436c,2026-09-13T17:54:00,3.7,5.84,3204,1764,5.23,58.0,51.95,0.0
3a6c166d-37fa-5cda-adad-777eb4567f37,2026-09-13T17:56:00,3.87,4.8,2738,2084,4.53,86.8,56.08,0.0
f1a6081a-48e3-56db-936e-f49af9832cb1,2026-09-13T17:56:00,4.29,5.44,3085,1790,6.83,58.0,49.84,0.0
18b90679-ba14-5785-bca6-c3cc1e3ad587,2026-09-13T17:56:00,3.69,5.19,2858,1717,6.83,58.0,50.49,0.0
77059140-e829-5d12-90bd-2d2ebd9c436c,2026-09-13T17:56:00,3.64,4.85,2787,1851,7.3,58.0,48.07,0.0
3a6c166d-37fa-5cda-adad-777eb4567f37,2026-09-13T17:58:00,2.95,4.86,2912,1862,5.88,87.68,50.33,0.0
f1a6081a-48e3-56db-936e-f49af9832cb1,2026-09-13T17:58:00,3.96,4.93,3139,1978,9.46,58.0,48.09,0.0
18b90679-ba14-5785-bca6-c3cc1e3ad587,2026-09-13T17:58:00,3.41,5.83,3160,1954,7.51,58.0,47.38,0.0
77059140-e829-5d12-90bd-2d2ebd9c436c,2026-09-13T17:58:00,3.7,5.48,2789,1934,9.44,58.0,47.24,0.0
3a6c166d-37fa-5cda-adad-777eb4567f37,2026-09-13T18:00:00,3.83,4.83,3008,1682,7.25,87.45,47.94,0.0
f1a6081a-48e3-56db-936e-f49af9832cb1,2026-09-13T18:00:00,3.78,4.9,2969,1859,8.01,58.0,49.59,0.0
18b90679-ba14-5785-bca6-c3cc1e3ad587,2026-09-13T18:00:00,3.39,5.37,2868,1828,8.63,58.0,44.94,0.0
77059140-e829-5d12-90bd-2d2ebd9c436c,2026-09-13T18:00:00,3.58,5.66,2906,1695,9.41,58.0,50.19,0.0
3a6c166d-37fa-5cda-adad-777eb4567f37,2026-09-13T18:02:00,3.62,5.11,2683,1973,6.82,87.62,47.55,0.0
f1a6081a-48e3-56db-936e-f49af9832cb1,2026-09-13T18:02:00,3.54,5.32,3030,1757,6.32,58.0,50.61,0.0
18b90679-ba14-5785-bca6-c3cc1e3ad587,2026-09-13T18:02:00,3.5,5.65,3027,1638,9.93,58.0,48.03,0.0
77059140-e829-5d12-90bd-2d2ebd9c436c,2026-09-13T18:02:00,3.15,4.31,2833,1897,8.77,58.0,45.64,0.0
3a6c166d-37fa-5cda-adad-777eb4567f37,2026-09-13T18:04:00,3.48,5.64,3092,1809,6.77,87.6,48.57,0.0
f1a6081a-48e3-56db-936e-f49af9832cb1,2026-09-13T18:04:00,3.6,4.96,2678,1773,7.73,58.0,50.58,0.0
18b90679-ba14-5785-bca6-c3cc1e3ad587,2026-09-13T18:04:00,3.36,5.85,3115,1860,9.15,58.0,46.9,0.0
77059140-e829-5d12-90bd-2d2ebd9c436c,2026-09-13T18:04:00,3.5,5.4,3124,1699,5.07,58.0,46.28,0.0
3a6c166d-37fa-5cda-adad-777eb4567f37,2026-09-13T18:06:00,3.38,4.54,3031,1893,5.64,87.7,46.57,0.0
f1a6081a-48e3-56db-936e-f49af9832cb1,2026-09-13T18:06:00,3.95,5.3,2799,1625,5.33,58.0,46.46,0.0
18b90679-ba14-5785-bca6-c3cc1e3ad587,2026-09-13T18:06:00,3.49,5.08,3015,1752,3.58,58.0,45.82,0.0
77059140-e829-5d12-90bd-2d2ebd9c436c,2026-09-13T18:06:00,3.96,4.48,2936,1759,9.06,58.0,51.93,0.0
3a6c166d-37fa-5cda-adad-777eb4567f37,2026-09-13T18:08:00,3.71,4.73,2910,1959,6.43,87.31,49.55,0.0
f1a6081a-48e3-56db-936e-f49af9832cb1,2026-09-13T18:08:00,3.21,4.74,2918,1684,7.66,58.0,49.97,0.0
18b90679-ba14-5785-bca6-c3cc1e3ad587,2026-09-13T18:08:00,3.23,5.28,2866,1663,5.95,58.0,48.52,0.0
77059140-e829-5d12-90bd-2d2ebd9c436c,2026-09-13T18:08:00,2.86,5.41,2970,1815,6.26,58.0,52.51,0.0
3a6c166d-37fa-5cda-adad-777eb4567f37,2026-09-13T18:10:00,3.6,4.6,3169,1718,7.48,88.04,46.04,0.0
f1a6081a-48e3-56db-936e-f49af9832cb1,2026-09-13T18:10:00,3.58,5.2,2934,1805,4.08,58.0,46.12,0.0
18b90679-ba14-5785-bca6-c3cc1e3ad587,2026-09-13T18:10:00,3.18,5.84,2880,1702,7.45,58.0,48.67,0.0
77059140-e829-5d12-90bd-2d2ebd9c436c,2026-09-13T18:10:00,3.39,5.19,2820,1907,11.53,58.0,45.95,0.0
3a6c166d-37fa-5cda-adad-777eb4567f37,2026-09-13T18:12:00,3.5,4.78,2941,1748,10.68,87.01,50.37,0.0
f1a6081a-48e3-56db-936e-f49af9832cb1,2026-09-13T18:12:00,3.42,4.73,2997,1706,7.61,58.0,48.8,0.0
18b90679-ba14-5785-bca6-c3cc1e3ad587,2026-09-13T18:12:00,3.91,4.79,2879,1766,6.04,58.0,49.04,0.0
77059140-e829-5d12-90bd-2d2ebd9c436c,2026-09-13T18:12:00,3.65,5.02,2729,1723,3.55,58.0,53.44,0.0
3a6c166d-37fa-5cda-adad-777eb4567f37,2026-09-13T18:14:00,4.12,5.12,2875,1658,6.88,87.91,51.7,0.0
f1a6081a-48e3-56db-936e-f49af9832cb1,2026-09-13T18:14:00,3.24,5.37,2960,1830,5.38,58.0,52.32,0.0
18b90679-ba14-5785-bca6-c3cc1e3ad587,2026-09-13T18:14:00,3.6,4.79,2750,1825,6.1,58.0,46.47,0.0
77059140-e829-5d12-90bd-2d2ebd9c436c,2026-09-13T18:14:00,3.58,3.96,2891,1735,9.52,58.0,46.44,0.0
3a6c166d-37fa-5cda-adad-777eb4567f37,2026-09-13T18:16:00,3.36,4.89,3032,1590,7.69,87.24,47.82,0.0
f1a6081a-48e3-56db-936e-f49af9832cb1,2026-09-13T18:16:00,2.97,5.26,2915,1769,7.71,58.0,47.71,0.0
18b90679-ba14-5785-bca6-c3cc1e3ad587,2026-09-13T18:16:00,3.51,4.77,2668,1694,8.8,58.0,45.97,0.0
77059140-e829-5d12-90bd-2d2ebd9c436c,2026-09-13T18:16:00,3.54,4.95,3055,1775,5.06,58.0,48.2,0.0
3a6c166d-37fa-5cda-adad-777eb4567f37,2026-09-13T18:18:00,2.79,5.11,2734,1724,6.34,87.54,50.53,0.0
f1a6081a-48e3-56db-936e-f49af9832cb1,2026-09-13T18:18:00,3.23,4.69,2932,1690,6.31,58.0,50.14,0.0
18b90679-ba14-5785-bca6-c3cc1e3ad587,2026-09-13T18:18:00,3.39,5.79,2736,1610,8.34,58.0,50.43,0.0
77059140-e829-5d12-90bd-2d2ebd9c436c,2026-09-13T18:18:00,3.84,4.81,2987,1736,4.7,58.0,49.49,0.0
3a6c166d-37fa-5cda-adad-777eb4567f37,2026-09-13T18:20:00,3.45,5.0,2766,1869,7.33,87.32,44.69,0.0
f1a6081a-48e3-56db-936e-f49af9832cb1,2026-09-13T18:20:00,3.23,5.54,2815,1795,4.7,58.0,51.8,0.0
18b90679-ba14-5785-bca6-c3cc1e3ad587,2026-09-13T18:20:00,3.1,4.6,2889,1722,7.41,58.0,43.41,0.0
77059140-e829-5d12-90bd-2d2ebd9c436c,2026-09-13T18:20:00,4.1,4.69,2868,1660,8.97,58.0,48.32,0.0
3a6c166d-37fa-5cda-adad-777eb4567f37,2026-09-13T18:22:00,3.15,5.71,2796,1802,8.35,87.7,48.28,0.0
f1a6081a-48e3-56db-936e-f49af9832cb1,2026-09-13T18:22:00,3.56,4.89,2675,1843,9.29,58.0,46.99,0.0
18b90679-ba14-5785-bca6-c3cc1e3ad587,2026-09-13T18:22:00,3.2,4.79,2639,1903,5.64,58.0,47.02,0.0
77059140-e829-5d12-90bd-2d2ebd9c436c,2026-09-13T18:22:00,3.89,4.8,2842,1754,5.39,58.0,47.13,0.0
3a6c166d-37fa-5cda-adad-777eb4567f37,2026-09-13T18:24:00,3.23,5.3,2709,1796,8.89,87.6,48.31,0.0
f1a6081a-48e3-56db-936e-f49af9832cb1,2026-09-13T18:24:00,3.31,4.69,2961,1745,3.47,58.0,49.86,0.0
18b90679-ba14-5785-bca6-c3cc1e3ad587,2026-09-13T18:24:00,3.22,5.31,2862,1621,6.32,58.0,48.26,0.0
77059140-e829-5d12-90bd-2d2ebd9c436c,2026-09-13T18:24:00,3.58,5.16,2808,1835,5.32,58.0,44.95,0.0
3a6c166d-37fa-5cda-adad-777eb4567f37,2026-09-13T18:26:00,3.09,4.88,2867,1856,6.88,88.27,50.61,0.0
f1a6081a-48e3-56db-936e-f49af9832cb1,2026-09-13T18:26:00,3.69,4.57,3024,1837,4.37,58.0,46.17,0.0
18b90679-ba14-5785-bca6-c3cc1e3ad587,2026-09-13T18:26:00,3.17,4.82,3003,1783,8.11,58.0,44.54,0.0
77059140-e829-5d12-90bd-2d2ebd9c436c,2026-09-13T18:26:00,2.91,5.53,2825,1620,6.78,58.0,49.95,0.0
3a6c166d-37fa-5cda-adad-777eb4567f37,2026-09-13T18:28:00,3.05,5.22,3134,1795,7.09,87.64,45.76,0.0
f1a6081a-48e3-56db-936e-f49af9832cb1,2026-09-13T18:28:00,3.85,5.05,2840,1719,9.02,58.0,50.77,0.0
18b90679-ba14-5785-bca6-c3cc1e3ad587,2026-09-13T18:28:00,3.16,4.65,2729,1662,4.44,58.0,52.87,0.0
77059140-e829-5d12-90bd-2d2ebd9c436c,2026-09-13T18:28:00,3.43,5.91,2665,1753,4.25,58.0,46.75,0.0
3a6c166d-37fa-5cda-adad-777eb4567f37,2026-09-13T18:30:00,3.87,4.81,2529,1634,6.34,88.05,44.84,0.0
f1a6081a-48e3-56db-936e-f49af9832cb1,2026-09-13T18:30:00,4.03,5.02,2569,1627,6.48,58.0,48.33,0.0
18b90679-ba14-5785-bca6-c3cc1e3ad587,2026-09-13T18:30:00,3.39,5.02,2611,1601,1.56,58.0,43.92,0.0
77059140-e829-5d12-90bd-2d2ebd9c436c,2026-09-13T18:30:00,3.23,5.11,2634,1822,4.96,58.0,51.45,0.0
3a6c166d-37fa-5cda-adad-777eb4567f37,2026-09-13T18:32:00,3.57,4.46,2743,1692,8.83,87.36,49.71,0.0
f1a6081a-48e3-56db-936e-f49af9832cb1,2026-09-13T18:32:00,3.55,4.72,2761,1747,10.66,58.0,47.77,0.0
18b90679-ba14-5785-bca6-c3cc1e3ad587,2026-09-13T18:32:00,4.31,4.83,2986,1893,7.12,58.0,44.91,0.0
77059140-e829-5d12-90bd-2d2ebd9c436c,2026-09-13T18:32:00,3.29,5.04,2668,1698,2.4,58.0,49.82,0.0
3a6c166d-37fa-5cda-adad-777eb4567f37,2026-09-13T18:34:00,3.2,4.9,2581,1751,9.92,88.06,49.41,0.0
f1a6081a-48e3-56db-936e-f49af9832cb1,2026-09-13T18:34:00,3.56,5.28,2827,1679,4.58,58.0,48.13,0.0
18b90679-ba14-5785-bca6-c3cc1e3ad587,2026-09-13T18:34:00,3.44,4.4,2592,1999,5.32,58.0,48.07,0.0
77059140-e829-5d12-90bd-2d2ebd9c436c,2026-09-13T18:34:00,3.32,4.99,2642,1658,9.44,58.0,47.84,0.0
3a6c166d-37fa-5cda-adad-777eb4567f37,2026-09-13T18:36:00,2.97,5.11,2731,1730,7.89,88.29,48.75,0.0
f1a6081a-48e3-56db-936e-f49af9832cb1,2026-09-13T18:36:00,3.11,5.13,2641,1679,2.57,58.0,49.6,0.0
18b90679-ba14-5785-bca6-c3cc1e3ad587,2026-09-13T18:36:00,3.71,4.76,2702,1638,3.95,58.0,47.46,0.0
77059140-e829-5d12-90bd-2d2ebd9c436c,2026-09-13T18:36:00,3.08,4.98,2962,1698,8.4,58.0,45.19,0.0
3a6c166d-37fa-5cda-adad-777eb4567f37,2026-09-13T18:38:00,3.57,4.81,2735,1695,7.02,87.9,50.26,0.0
f1a6081a-48e3-56db-936e-f49af9832cb1,2026-09-13T18:38:00,4.14,5.83,2666,1552,4.4,58.0,48.9,0.0
18b90679-ba14-5785-bca6-c3cc1e3ad587,2026-09-13T18:38:00,3.14,4.83,2598,1731,5.25,58.0,44.57,0.0
77059140-e829-5d12-90bd-2d2ebd9c436c,2026-09-13T18:38:00,3.77,4.62,2843,1574,7.24,58.0,47.9,0.0
3a6c166d-37fa-5cda-adad-777eb4567f37,2026-09-13T18:40:00,3.3,4.18,2589,1909,6.02,87.9,48.9,0.0
f1a6081a-48e3-56db-936e-f49af9832cb1,2026-09-13T18:40:00,3.47,3.98,2522,1689,7.09,58.0,48.21,0.0
18b90679-ba14-5785-bca6-c3cc1e3ad587,2026-09-13T18:40:00,3.53,4.88,2665,1620,4.66,58.0,49.56,0.0
77059140-e829-5d12-90bd-2d2ebd9c436c,2026-09-13T18:40:00,3.31,5.26,2592,1544,3.45,58.0,50.32,0.0
3a6c166d-37fa-5cda-adad-777eb4567f37,2026-09-13T18:42:00,3.13,4.61,2626,1841,8.6,87.93,51.78,0.0
f1a6081a-48e3-56db-936e-f49af9832cb1,2026-09-13T18:42:00,3.12,4.62,2731,1740,4.57,58.0,44.69,0.0
18b90679-ba14-5785-bca6-c3cc1e3ad587,2026-09-13T18:42:00,2.83,5.49,2679,1599,5.79,58.0,45.1,0.0
77059140-e829-5d12-90bd-2d2ebd9c436c,2026-09-13T18:42:00,2.78,5.04,2931,1687,4.77,58.0,49.36,0.0
3a6c166d-37fa-5cda-adad-777eb4567f37,2026-09-13T18:44:00,3.48,5.24,2788,1638,6.08,87.77,46.66,0.0
f1a6081a-48e3-56db-936e-f49af9832cb1,2026-09-13T18:44:00,3.62,5.16,2889,1655,6.03,58.0,47.37,0.0
18b90679-ba14-5785-bca6-c3cc1e3ad587,2026-09-13T18:44:00,3.09,4.86,2848,1669,6.0,58.0,48.15,0.0
77059140-e829-5d12-90bd-2d2ebd9c436c,2026-09-13T18:44:00,3.91,4.5,2664,1701,5.98,58.0,47.08,0.0
3a6c166d-37fa-5cda-adad-777eb4567f37,2026-09-13T18:46:00,2.81,5.5,2723,1731,6.44,88.08,49.86,0.0
f1a6081a-48e3-56db-936e-f49af9832cb1,2026-09-13T18:46:00,2.99,5.17,2750,1696,5.83,58.0,48.27,0.0
18b90679-ba14-5785-bca6-c3cc1e3ad587,2026-09-13T18:46:00,3.26,4.88,2340,1741,7.36,58.0,49.6,0.0
77059140-e829-5d12-90bd-2d2ebd9c436c,2026-09-13T18:46:00,3.02,4.74,2589,1514,9.25,58.0,46.94,0.0
3a6c166d-37fa-5cda-adad-777eb4567f37,2026-09-13T18:48:00,2.79,5.05,2648,1437,8.6,87.98,48.19,0.0
f1a6081a-48e3-56db-936e-f49af9832cb1,2026-09-13T18:48:00,3.23,4.52,2529,1554,5.52,58.0,46.24,0.0
18b90679-ba14-5785-bca6-c3cc1e3ad587,2026-09-13T18:48:00,3.12,4.75,2600,1674,6.99,58.0,42.47,0.0
77059140-e829-5d12-90bd-2d2ebd9c436c,2026-09-13T18:48:00,3.69,5.19,2823,1709,6.95,58.0,46.26,0.0
3a6c166d-37fa-5cda-adad-777eb4567f37,2026-09-13T18:50:00,2.95,4.89,2696,1707,9.35,88.32,43.5,0.0
f1a6081a-48e3-56db-936e-f49af9832cb1,2026-09-13T18:50:00,2.4,4.54,2595,1738,6.83,58.0,44.19,0.0
18b90679-ba14-5785-bca6-c3cc1e3ad587,2026-09-13T18:50:00,3.65,4.61,2589,1599,8.84,58.0,47.71,0.0
77059140-e829-5d12-90bd-2d2ebd9c436c,2026-09-13T18:50:00,3.61,4.96,2908,1678,2.79,58.0,51.06,0.0
3a6c166d-37fa-5cda-adad-777eb4567f37,2026-09-13T18:52:00,3.34,4.5,2240,1647,6.2,88.5,51.72,0.0
f1a6081a-48e3-56db-936e-f49af9832cb1,2026-09-13T18:52:00,3.57,4.64,2707,1734,7.57,58.0,48.2,0.0
18b90679-ba14-5785-bca6-c3cc1e3ad587,2026-09-13T18:52:00,3.59,4.81,2645,1757,4.22,58.0,43.7,0.0
77059140-e829-5d12-90bd-2d2ebd9c436c,2026-09-13T18:52:00,3.55,5.04,2555,1593,6.48,58.0,45.18,0.0
3a6c166d-37fa-5cda-adad-777eb4567f37,2026-09-13T18:54:00,3.43,4.35,2505,1590,3.56,88.45,49.23,0.0
f1a6081a-48e3-56db-936e-f49af9832cb1,2026-09-13T18:54:00,3.21,5.23,2541,1634,7.15,58.0,46.4,0.0
18b90679-ba14-5785-bca6-c3cc1e3ad587,2026-09-13T18:54:00,3.35,4.44,2584,1560,8.88,58.0,47.31,0.0
77059140-e829-5d12-90bd-2d2ebd9c436c,2026-09-13T18:54:00,3.21,4.62,2417,1649,4.64,58.0,45.17,0.0
3a6c166d-37fa-5cda-adad-777eb4567f37,2026-09-13T18:56:00,3.29,4.53,2500,1660,4.74,88.21,47.02,0.0
f1a6081a-48e3-56db-936e-f49af9832cb1,2026-09-13T18:56:00,4.04,4.81,2557,1524,3.47,58.0,45.13,0.0
18b90679-ba14-5785-bca6-c3cc1e3ad587,2026-09-13T18:56:00,2.91,4.79,2573,1404,3.94,58.0,50.72,0.0
77059140-e829-5d12-90bd-2d2ebd9c436c,2026-09-13T18:56:00,3.19,5.36,2662,1648,3.15,58.0,48.91,0.0
3a6c166d-37fa-5cda-adad-777eb4567f37,2026-09-13T18:58:00,2.76,4.74,2409,1457,9.31,88.57,47.16,0.0
f1a6081a-48e3-56db-936e-f49af9832cb1,2026-09-13T18:58:00,3.54,4.3,2547,1761,8.91,58.0,48.3,0.0
18b90679-ba14-5785-bca6-c3cc1e3ad587,2026-09-13T18:58:00,3.44,5.19,2513,1559,4.91,58.0,48.49,0.0
77059140-e829-5d12-90bd-2d2ebd9c436c,2026-09-13T18:58:00,3.65,5.42,2556,1622,4.14,58.0,44.66,0.0
3a6c166d-37fa-5cda-adad-777eb4567f37,2026-09-13T19:00:00,3.37,3.91,2531,1553,4.89,88.34,45.7,0.0
f1a6081a-48e3-56db-936e-f49af9832cb1,2026-09-13T19:00:00,3.24,5.55,2826,1539,6.75,58.0,46.33,0.0
18b90679-ba14-5785-bca6-c3cc1e3ad587,2026-09-13T19:00:00,3.41,4.48,2543,1615,7.19,58.0,43.04,0.0
77059140-e829-5d12-90bd-2d2ebd9c436c,2026-09-13T19:00:00,2.54,5.0,2323,1631,6.35,58.0,48.9,0.0
3a6c166d-37fa-5cda-adad-777eb4567f37,2026-09-13T19:02:00,2.98,5.01,2418,1566,4.54,87.97,46.41,0.0
f1a6081a-48e3-56db-936e-f49af9832cb1,2026-09-13T19:02:00,3.7,4.09,2640,1585,4.92,58.0,48.16,0.0
18b90679-ba14-5785-bca6-c3cc1e3ad587,2026-09-13T19:02:00,3.58,4.81,2740,1586,5.22,58.0,46.28,0.0
77059140-e829-5d12-90bd-2d2ebd9c436c,2026-09-13T19:02:00,3.84,4.87,2771,1636,6.77,58.0,46.08,0.0
3a6c166d-37fa-5cda-adad-777eb4567f37,2026-09-13T19:04:00,3.19,4.23,2373,1614,6.13,87.83,46.53,0.0
f1a6081a-48e3-56db-936e-f49af9832cb1,2026-09-13T19:04:00,2.78,4.58,2456,1411,6.06,58.0,49.79,0.0
18b90679-ba14-5785-bca6-c3cc1e3ad587,2026-09-13T19:04:00,3.09,4.19,2407,1519,8.67,58.0,46.36,0.0
77059140-e829-5d12-90bd-2d2ebd9c436c,2026-09-13T19:04:00,3.48,5.25,2453,1567,6.96,58.0,42.77,0.0
3a6c166d-37fa-5cda-adad-777eb4567f37,2026-09-13T19:06:00,2.97,4.08,2768,1584,1.87,87.98,51.89,0.0
f1a6081a-48e3-56db-936e-f49af9832cb1,2026-09-13T19:06:00,2.44,4.45,2429,1533,6.28,58.0,43.76,0.0
18b90679-ba14-5785-bca6-c3cc1e3ad587,2026-09-13T19:06:00,3.32,4.63,2540,1550,6.63,58.0,50.23,0.0
77059140-e829-5d12-90bd-2d2ebd9c436c,2026-09-13T19:06:00,3.3,4.52,2621,1619,5.5,58.0,46.86,0.0
3a6c166d-37fa-5cda-adad-777eb4567f37,2026-09-13T19:08:00,3.37,4.99,2525,1518,6.79,88.2,46.06,0.0
f1a6081a-48e3-56db-936e-f49af9832cb1,2026-09-13T19:08:00,4.02,4.29,2419,1637,5.06,58.0,44.93,0.0
18b90679-ba14-5785-bca6-c3cc1e3ad587,2026-09-13T19:08:00,3.11,4.84,2393,1562,5.53,58.0,49.21,0.0
77059140-e829-5d12-90bd-2d2ebd9c436c,2026-09-13T19:08:00,2.99,5.1,2755,1611,3.97,58.0,49.25,0.0
3a6c166d-37fa-5cda-adad-777eb4567f37,2026-09-13T19:10:00,3.25,4.53,2403,1520,2.23,88.23,45.99,0.0
f1a6081a-48e3-56db-936e-f49af9832cb1,2026-09-13T19:10:00,2.56,4.62,2552,1566,4.72,58.0,47.36,0.0
18b90679-ba14-5785-bca6-c3cc1e3ad587,2026-09-13T19:10:00,3.33,5.25,2441,1525,4.42,58.0,48.0,0.0
77059140-e829-5d12-90bd-2d2ebd9c436c,2026-09-13T19:10:00,2.92,5.78,2546,1470,3.33,58.0,46.34,0.0
3a6c166d-37fa-5cda-adad-777eb4567f37,2026-09-13T19:12:00,3.21,4.27,2442,1654,6.64,88.87,44.08,0.0
f1a6081a-48e3-56db-936e-f49af9832cb1,2026-09-13T19:12:00,3.94,3.97,2487,1601,6.35,58.0,44.8,0.0
18b90679-ba14-5785-bca6-c3cc1e3ad587,2026-09-13T19:12:00,3.6,5.47,2083,1493,6.4,58.0,48.35,0.0
77059140-e829-5d12-90bd-2d2ebd9c436c,2026-09-13T19:12:00,3.81,4.93,2303,1579,8.63,58.0,45.14,0.0
3a6c166d-37fa-5cda-adad-777eb4567f37,2026-09-13T19:14:00,2.84,4.39,2270,1492,4.2,88.26,47.87,0.0
f1a6081a-48e3-56db-936e-f49af9832cb1,2026-09-13T19:14:00,3.54,4.6,2552,1464,3.72,58.0,43.34,0.0
18b90679-ba14-5785-bca6-c3cc1e3ad587,2026-09-13T19:14:00,3.09,5.19,2440,1509,7.39,58.0,48.26,0.0
77059140-e829-5d12-90bd-2d2ebd9c436c,2026-09-13T19:14:00,3.75,4.44,2699,1523,4.75,58.0,46.41,0.0
3a6c166d-37fa-5cda-adad-777eb4567f37,2026-09-13T19:16:00,2.78,5.08,2342,1747,6.49,88.21,50.97,0.0
f1a6081a-48e3-56db-936e-f49af9832cb1,2026-09-13T19:16:00,3.19,5.26,2407,1608,6.27,58.0,50.44,0.0
18b90679-ba14-5785-bca6-c3cc1e3ad587,2026-09-13T19:16:00,3.2,5.04,2405,1542,5.5,58.0,46.17,0.0
77059140-e829-5d12-90bd-2d2ebd9c436c,2026-09-13T19:16:00,3.39,4.46,2382,1573,4.96,58.0,44.32,0.0
3a6c166d-37fa-5cda-adad-777eb4567f37,2026-09-13T19:18:00,3.32,5.04,2561,1581,5.74,88.06,45.28,0.0
f1a6081a-48e3-56db-936e-f49af9832cb1,2026-09-13T19:18:00,2.92,4.05,2243,1682,3.76,58.0,41.23,0.0
18b90679-ba14-5785-bca6-c3cc1e3ad587,2026-09-13T19:18:00,2.56,4.11,2648,1519,7.37,58.0,47.79,0.0
77059140-e829-5d12-90bd-2d2ebd9c436c,2026-09-13T19:18:00,3.11,4.94,2216,1731,4.36,58.0,47.14,0.0
3a6c166d-37fa-5cda-adad-777eb4567f37,2026-09-13T19:20:00,3.42,5.15,2461,1516,3.98,88.08,48.24,0.0
f1a6081a-48e3-56db-936e-f49af9832cb1,2026-09-13T19:20:00,2.83,4.54,2015,1481,4.6,58.0,47.08,0.0
18b90679-ba14-5785-bca6-c3cc1e3ad587,2026-09-13T19:20:00,2.55,4.69,2444,1450,4.5,58.0,46.23,0.0
77059140-e829-5d12-90bd-2d2ebd9c436c,2026-09-13T19:20:00,3.13,4.71,2473,1530,8.76,58.0,46.95,0.0
3a6c166d-37fa-5cda-adad-777eb4567f37,2026-09-13T19:22:00,3.41,3.85,2194,1444,4.12,88.57,48.26,0.0
f1a6081a-48e3-56db-936e-f49af9832cb1,2026-09-13T19:22:00,2.76,4.46,2292,1504,8.01,58.0,45.17,0.0
18b90679-ba14-5785-bca6-c3cc1e3ad587,2026-09-13T19:22:00,2.86,5.04,2477,1465,4.88,58.0,46.02,0.0
77059140-e829-5d12-90bd-2d2ebd9c436c,2026-09-13T19:22:00,3.16,3.7,2177,1437,5.86,58.0,42.96,0.0
3a6c166d-37fa-5cda-adad-777eb4567f37,2026-09-13T19:24:00,3.03,5.25,2304,1347,4.15,88.68,39.54,0.0
f1a6081a-48e3-56db-936e-f49af9832cb1,2026-09-13T19:24:00,3.29,4.83,2466,1419,3.07,58.0,47.22,0.0
18b90679-ba14-5785-bca6-c3cc1e3ad587,2026-09-13T19:24:00,3.14,5.01,2409,1385,3.06,58.0,41.05,0.0
77059140-e829-5d12-90bd-2d2ebd9c436c,2026-09-13T19:24:00,3.14,4.8,2425,1465,3.86,58.0,44.78,0.0
3a6c166d-37fa-5cda-adad-777eb4567f37,2026-09-13T19:26:00,3.18,3.82,2412,1527,2.96,87.94,42.66,0.0
f1a6081a-48e3-56db-936e-f49af9832cb1,2026-09-13T19:26:00,2.9,4.58,2229,1381,4.75,58.0,41.57,0.0
18b90679-ba14-5785-bca6-c3cc1e3ad587,2026-09-13T19:26:00,2.72,4.59,2474,1426,4.93,58.0,49.58,0.0
77059140-e829-5d12-90bd-2d2ebd9c436c,2026-09-13T19:26:00,3.06,4.91,2394,1506,6.29,58.0,48.12,0.0
3a6c166d-37fa-5cda-adad-777eb4567f37,2026-09-13T19:28:00,3.13,5.11,2197,1504,5.06,88.69,44.88,0.0
f1a6081a-48e3-56db-936e-f49af9832cb1,2026-09-13T19:28:00,3.72,4.36,2508,1559,3.82,58.0,48.9,0.0
18b90679-ba14-5785-bca6-c3cc1e3ad587,2026-09-13T19:28:00,3.04,4.58,2613,1390,2.59,58.0,45.92,0.0
77059140-e829-5d12-90bd-2d2ebd9c436c,2026-09-13T19:28:00,3.44,4.88,2426,1588,4.11,58.0,43.79,0.0
3a6c166d-37fa-5cda-adad-777eb4567f37,2026-09-13T19:30:00,2.97,4.68,2418,1450,8.28,88.75,52.69,0.0
f1a6081a-48e3-56db-936e-f49af9832cb1,2026-09-13T19:30:00,2.82,4.0,2326,1602,8.45,58.0,44.55,0.0
18b90679-ba14-5785-bca6-c3cc1e3ad587,2026-09-13T19:30:00,2.97,4.0,2316,1664,7.94,58.0,42.91,0.0
77059140-e829-5d12-90bd-2d2ebd9c436c,2026-09-13T19:30:00,3.23,4.75,2503,1503,4.77,58.0,48.04,0.0
3a6c166d-37fa-5cda-adad-777eb4567f37,2026-09-13T19:32:00,3.19,4.18,2429,1558,8.65,88.61,45.54,0.0
f1a6081a-48e3-56db-936e-f49af9832cb1,2026-09-13T19:32:00,3.07,4.85,2240,1441,7.1,58.0,42.29,0.0
18b90679-ba14-5785-bca6-c3cc1e3ad587,2026-09-13T19:32:00,2.32,5.09,2323,1480,4.43,58.0,49.58,0.0
77059140-e829-5d12-90bd-2d2ebd9c436c,2026-09-13T19:32:00,3.59,3.83,2357,1580,8.59,58.0,45.79,0.0
3a6c166d-37fa-5cda-adad-777eb4567f37,2026-09-13T19:34:00,2.75,4.69,2449,1270,6.25,88.6,41.44,0.0
f1a6081a-48e3-56db-936e-f49af9832cb1,2026-09-13T19:34:00,3.14,4.38,2274,1417,1.82,58.0,47.45,0.0
18b90679-ba14-5785-bca6-c3cc1e3ad587,2026-09-13T19:34:00,3.35,4.0,1960,1407,6.12,58.0,47.66,0.0
77059140-e829-5d12-90bd-2d2ebd9c436c,2026-09-13T19:34:00,2.52,5.37,2355,1261,8.12,58.0,48.38,0.0
3a6c166d-37fa-5cda-adad-777eb4567f37,2026-09-13T19:36:00,3.23,5.43,2451,1462,9.35,88.3,43.35,0.0
f1a6081a-48e3-56db-936e-f49af9832cb1,2026-09-13T19:36:00,3.04,4.97,2252,1369,3.84,58.0,45.01,0.0
18b90679-ba14-5785-bca6-c3cc1e3ad587,2026-09-13T19:36:00,2.79,4.6,2388,1580,8.21,58.0,43.37,0.0
77059140-e829-5d12-90bd-2d2ebd9c436c,2026-09-13T19:36:00,2.65,5.04,2291,1495,5.09,58.0,45.45,0.0
3a6c166d-37fa-5cda-adad-777eb4567f37,2026-09-13T19:38:00,3.35,4.21,2489,1497,5.83,88.83,44.68,0.0
f1a6081a-48e3-56db-936e-f49af9832cb1,2026-09-13T19:38:00,2.9,4.66,2355,1420,2.54,58.0,47.74,0.0
18b90679-ba14-5785-bca6-c3cc1e3ad587,2026-09-13T19:38:00,2.82,4.84,2348,1484,5.21,58.0,44.6,0.0
77059140-e829-5d12-90bd-2d2ebd9c436c,2026-09-13T19:38:00,3.06,4.63,2160,1500,2.39,58.0,39.63,0.0
3a6c166d-37fa-5cda-adad-777eb4567f37,2026-09-13T19:40:00,3.02,5.25,2179,1612,6.02,88.54,46.09,0.0
f1a6081a-48e3-56db-936e-f49af9832cb1,2026-09-13T19:40:00,2.95,4.87,2326,1451,4.68,58.0,49.83,0.0
18b90679-ba14-5785-bca6-c3cc1e3ad587,2026-09-13T19:40:00,2.53,4.79,2200,1450,5.35,58.0,44.26,0.0
77059140-e829-5d12-90bd-2d2ebd9c436c,2026-09-13T19:40:00,2.82,4.23,2305,1498,6.19,58.0,47.07,0.0
3a6c166d-37fa-5cda-adad-777eb4567f37,2026-09-13T19:42:00,2.86,4.11,2321,1422,2.13,88.21,48.32,0.0
f1a6081a-48e3-56db-936e-f49af9832cb1,2026-09-13T19:42:00,3.73,4.11,2442,1552,4.73,58.0,49.08,0.0
18b90679-ba14-5785-bca6-c3cc1e3ad587,2026-09-13T19:42:00,2.78,4.07,2272,1370,3.69,58.0,43.85,0.0
77059140-e829-5d12-90bd-2d2ebd9c436c,2026-09-13T19:42:00,3.19,4.62,2457,1336,6.06,58.0,46.08,0.0
3a6c166d-37fa-5cda-adad-777eb4567f37,2026-09-13T19:44:00,3.43,4.41,2217,1536,8.2,88.72,43.86,0.0
f1a6081a-48e3-56db-936e-f49af9832cb1,2026-09-13T19:44:00,3.18,5.38,2168,1428,1.56,58.0,45.22,0.0
18b90679-ba14-5785-bca6-c3cc1e3ad587,2026-09-13T19:44:00,2.35,3.92,2282,1408,6.04,58.0,49.43,0.0
77059140-e829-5d12-90bd-2d2ebd9c436c,2026-09-13T19:44:00,3.36,4.98,2406,1199,6.11,58.0,48.19,0.0
3a6c166d-37fa-5cda-adad-777eb4567f37,2026-09-13T19:46:00,2.68,4.68,2164,1363,2.74,88.72,42.85,0.0
f1a6081a-48e3-56db-936e-f49af9832cb1,2026-09-13T19:46:00,3.02,3.97,2402,1406,7.61,58.0,43.16,0.0
18b90679-ba14-5785-bca6-c3cc1e3ad587,2026-09-13T19:46:00,3.21,3.41,2130,1431,4.8,58.0,49.64,0.0
77059140-e829-5d12-90bd-2d2ebd9c436c,2026-09-13T19:46:00,2.73,4.53,2006,1433,3.47,58.0,43.98,0.0
3a6c166d-37fa-5cda-adad-777eb4567f37,2026-09-13T19:48:00,2.81,4.36,2181,1496,8.2,89.17,44.63,0.0
f1a6081a-48e3-56db-936e-f49af9832cb1,2026-09-13T19:48:00,2.78,3.69,2326,1391,0.84,58.0,48.02,0.0
18b90679-ba14-5785-bca6-c3cc1e3ad587,2026-09-13T19:48:00,2.97,4.6,2160,1432,2.83,58.0,43.3,0.0
77059140-e829-5d12-90bd-2d2ebd9c436c,2026-09-13T19:48:00,3.75,3.96,2225,1303,5.84,58.0,46.01,0.0
3a6c166d-37fa-5cda-adad-777eb4567f37,2026-09-13T19:50:00,2.79,4.25,2338,1390,6.5,88.98,46.42,0.0
f1a6081a-48e3-56db-936e-f49af9832cb1,2026-09-13T19:50:00,2.96,4.37,2225,1506,4.69,58.0,44.27,0.0
18b90679-ba14-5785-bca6-c3cc1e3ad587,2026-09-13T19:50:00,3.04,4.32,2185,1625,3.65,58.0,44.66,0.0
77059140-e829-5d12-90bd-2d2ebd9c436c,2026-09-13T19:50:00,2.82,4.63,2387,1357,2.46,58.0,48.44,0.0
3a6c166d-37fa-5cda-adad-777eb4567f37,2026-09-13T19:52:00,2.94,4.62,2024,1345,3.96,88.46,45.94,0.0
f1a6081a-48e3-56db-936e-f49af9832cb1,2026-09-13T19:52:00,2.38,4.31,2125,1346,4.84,58.0,45.27,0.0
18b90679-ba14-5785-bca6-c3cc1e3ad587,2026-09-13T19:52:00,2.75,4.2,2280,1310,3.44,58.0,44.3,0.0
77059140-e829-5d12-90bd-2d2ebd9c436c,2026-09-13T19:52:00,3.2,4.33,2267,1385,5.34,58.0,41.38,0.0
3a6c166d-37fa-5cda-adad-777eb4567f37,2026-09-13T19:54:00,3.34,4.02,2268,1404,7.15,89.2,44.04,0.0
f1a6081a-48e3-56db-936e-f49af9832cb1,2026-09-13T19:54:00,2.14,4.01,1986,1258,6.22,58.0,45.95,0.0
18b90679-ba14-5785-bca6-c3cc1e3ad587,2026-09-13T19:54:00,3.15,4.88,1980,1544,5.94,58.0,45.55,0.0
77059140-e829-5d12-90bd-2d2ebd9c436c,2026-09-13T19:54:00,3.02,3.84,2181,1558,2.39,58.0,44.92,0.0
3a6c166d-37fa-5cda-adad-777eb4567f37,2026-09-13T19:56:00,3.49,4.71,2467,1353,4.33,88.98,45.21,0.0
f1a6081a-48e3-56db-936e-f49af9832cb1,2026-09-13T19:56:00,3.31,4.38,2127,1489,5.39,58.0,44.58,0.0
18b90679-ba14-5785-bca6-c3cc1e3ad587,2026-09-13T19:56:00,2.84,4.87,2156,1176,5.22,58.0,48.37,0.0
77059140-e829-5d12-90bd-2d2ebd9c436c,2026-09-13T19:56:00,2.39,4.22,2182,1337,6.27,58.0,45.43,0.0
3a6c166d-37fa-5cda-adad-777eb4567f37,2026-09-13T19:58:00,2.97,4.01,2076,1357,3.06,88.81,47.55,0.0
f1a6081a-48e3-56db-936e-f49af9832cb1,2026-09-13T19:58:00,3.52,3.48,2116,1378,7.05,58.0,45.31,0.0
18b90679-ba14-5785-bca6-c3cc1e3ad587,2026-09-13T19:58:00,2.55,4.18,2248,1372,4.71,58.0,38.56,0.0
77059140-e829-5d12-90bd-2d2ebd9c436c,2026-09-13T19:58:00,4.44,4.15,2311,1341,5.37,58.0,48.72,0.0
3a6c166d-37fa-5cda-adad-777eb4567f37,2026-09-13T20:00:00,2.97,4.44,2095,1328,4.93,88.93,46.34,0.0
f1a6081a-48e3-56db-936e-f49af9832cb1,2026-09-13T20:00:00,3.04,3.56,2171,1497,2.15,58.0,44.7,0.0
18b90679-ba14-5785-bca6-c3cc1e3ad587,2026-09-13T20:00:00,2.47,4.89,2105,1258,2.05,58.0,41.17,0.0
77059140-e829-5d12-90bd-2d2ebd9c436c,2026-09-13T20:00:00,2.72,5.36,2037,1281,4.32,58.0,47.0,0.0
3a6c166d-37fa-5cda-adad-777eb4567f37,2026-09-13T20:02:00,3.06,3.53,2154,1257,9.37,88.95,49.39,0.0
f1a6081a-48e3-56db-936e-f49af9832cb1,2026-09-13T20:02:00,3.25,5.06,2116,1458,5.19,58.0,48.37,0.0
18b90679-ba14-5785-bca6-c3cc1e3ad587,2026-09-13T20:02:00,2.99,4.56,1994,1312,2.79,58.0,44.09,0.0
77059140-e829-5d12-90bd-2d2ebd9c436c,2026-09-13T20:02:00,3.53,4.04,1918,1278,1.44,58.0,41.71,0.0
3a6c166d-37fa-5cda-adad-777eb4567f37,2026-09-13T20:04:00,2.67,3.75,2170,1349,4.62,89.31,40.44,0.0
f1a6081a-48e3-56db-936e-f49af9832cb1,2026-09-13T20:04:00,3.13,4.17,2215,1361,4.96,58.0,39.02,0.0
18b90679-ba14-5785-bca6-c3cc1e3ad587,2026-09-13T20:04:00,2.51,4.52,2187,1474,4.19,58.0,44.84,0.0
77059140-e829-5d12-90bd-2d2ebd9c436c,2026-09-13T20:04:00,2.13,4.76,2160,1153,3.62,58.0,44.72,0.0
3a6c166d-37fa-5cda-adad-777eb4567f37,2026-09-13T20:06:00,2.88,4.82,2078,1288,2.26,89.0,42.9,0.0
f1a6081a-48e3-56db-936e-f49af9832cb1,2026-09-13T20:06:00,3.48,4.0,2203,1214,5.76,58.0,45.88,0.0
18b90679-ba14-5785-bca6-c3cc1e3ad587,2026-09-13T20:06:00,2.75,4.24,1985,1550,4.56,58.0,45.46,0.0
77059140-e829-5d12-90bd-2d2ebd9c436c,2026-09-13T20:06:00,3.31,3.96,2199,1406,5.14,58.0,46.25,0.0
3a6c166d-37fa-5cda-adad-777eb4567f37,2026-09-13T20:08:00,2.99,4.05,2346,1419,4.55,88.98,45.78,0.0
f1a6081a-48e3-56db-936e-f49af9832cb1,2026-09-13T20:08:00,3.23,3.78,2088,1387,5.48,58.0,46.92,0.0
18b90679-ba14-5785-bca6-c3cc1e3ad587,2026-09-13T20:08:00,2.4,3.92,1928,1399,3.2,58.0,49.55,0.0
77059140-e829-5d12-90bd-2d2ebd9c436c,2026-09-13T20:08:00,1.91,3.73,2011,1385,4.73,58.0,42.8,0.0
3a6c166d-37fa-5cda-adad-777eb4567f37,2026-09-13T20:10:00,3.27,4.56,2301,1394,5.63,89.23,51.37,0.0
f1a6081a-48e3-56db-936e-f49af9832cb1,2026-09-13T20:10:00,2.99,4.06,2072,1280,3.4,58.0,44.65,0.0
18b90679-ba14-5785-bca6-c3cc1e3ad587,2026-09-13T20:10:00,2.81,4.15,2101,1359,5.92,58.0,45.08,0.0
77059140-e829-5d12-90bd-2d2ebd9c436c,2026-09-13T20:10:00,3.09,3.93,2048,1501,6.18,58.0,44.36,0.0
3a6c166d-37fa-5cda-adad-777eb4567f37,2026-09-13T20:12:00,2.33,5.09,2058,1200,3.8,89.06,38.82,0.0
f1a6081a-48e3-56db-936e-f49af9832cb1,2026-09-13T20:12:00,3.01,4.25,2191,1235,6.45,58.0,47.63,0.0
18b90679-ba14-5785-bca6-c3cc1e3ad587,2026-09-13T20:12:00,2.54,4.63,2104,1178,6.03,58.0,45.17,0.0
77059140-e829-5d12-90bd-2d2ebd9c436c,2026-09-13T20:12:00,2.66,4.31,1936,1362,2.88,58.0,38.6,0.0
3a6c166d-37fa-5cda-adad-777eb4567f37,2026-09-13T20:14:00,3.2,4.67,2193,1374,0.55,88.85,50.29,0.0
f1a6081a-48e3-56db-936e-f49af9832cb1,2026-09-13T20:14:00,2.25,4.41,1990,1460,4.44,58.0,44.85,0.0
18b90679-ba14-5785-bca6-c3cc1e3ad587,2026-09-13T20:14:00,3.05,3.99,2102,1350,4.54,58.0,41.09,0.0
77059140-e829-5d12-90bd-2d2ebd9c436c,2026-09-13T20:14:00,2.55,3.86,1971,1208,1.57,58.0,47.62,0.0
3a6c166d-37fa-5cda-adad-777eb4567f37,2026-09-13T20:16:00,2.41,3.92,1976,1272,6.2,88.87,42.78,0.0
f1a6081a-48e3-56db-936e-f49af9832cb1,2026-09-13T20:16:00,3.47,4.08,2181,1286,2.43,58.0,44.64,0.0
18b90679-ba14-5785-bca6-c3cc1e3ad587,2026-09-13T20:16:00,2.02,3.89,2137,1272,4.82,58.0,42.48,0.0
77059140-e829-5d12-90bd-2d2ebd9c436c,2026-09-13T20:16:00,3.04,4.5,2118,1227,7.18,58.0,46.3,0.0
3a6c166d-37fa-5cda-adad-777eb4567f37,2026-09-13T20:18:00,3.25,3.92,1997,1220,3.74,88.88,46.28,0.0
f1a6081a-48e3-56db-936e-f49af9832cb1,2026-09-13T20:18:00,3.16,4.66,2066,1147,3.48,58.0,46.79,0.0
18b90679-ba14-5785-bca6-c3cc1e3ad587,2026-09-13T20:18:00,2.96,4.36,2030,1337,5.1,58.0,43.29,0.0
77059140-e829-5d12-90bd-2d2ebd9c436c,2026-09-13T20:18:00,3.26,4.91,1879,1308,9.09,58.0,41.75,0.0
3a6c166d-37fa-5cda-adad-777eb4567f37,2026-09-13T20:20:00,2.71,3.66,2069,1305,1.63,89.28,44.14,0.0
f1a6081a-48e3-56db-936e-f49af9832cb1,2026-09-13T20:20:00,2.19,4.7,2033,1346,8.97,58.0,42.03,0.0
18b90679-ba14-5785-bca6-c3cc1e3ad587,2026-09-13T20:20:00,2.05,3.4,2040,1383,5.95,58.0,43.89,0.0
77059140-e829-5d12-90bd-2d2ebd9c436c,2026-09-13T20:20:00,2.75,3.71,1893,1358,6.42,58.0,45.63,0.0
3a6c166d-37fa-5cda-adad-777eb4567f37,2026-09-13T20:22:00,2.67,4.56,1910,1213,5.22,89.43,40.62,0.0
f1a6081a-48e3-56db-936e-f49af9832cb1,2026-09-13T20:22:00,3.28,3.86,1975,1430,5.18,58.0,41.48,0.0
18b90679-ba14-5785-bca6-c3cc1e3ad587,2026-09-13T20:22:00,2.88,4.85,1809,1359,4.47,58.0,47.78,0.0
77059140-e829-5d12-90bd-2d2ebd9c436c,2026-09-13T20:22:00,2.77,5.17,1976,1369,5.53,58.0,40.35,0.0
3a6c166d-37fa-5cda-adad-777eb4567f37,2026-09-13T20:24:00,2.82,4.4,1982,1305,3.96,89.19,46.79,0.0
f1a6081a-48e3-56db-936e-f49af9832cb1,2026-09-13T20:24:00,2.81,4.37,2012,1332,1.27,58.0,45.85,0.0
18b90679-ba14-5785-bca6-c3cc1e3ad587,2026-09-13T20:24:00,2.55,4.31,1895,1213,5.19,58.0,47.05,0.0
77059140-e829-5d12-90bd-2d2ebd9c436c,2026-09-13T20:24:00,3.41,3.92,2119,1403,2.4,58.0,43.97,0.0
3a6c166d-37fa-5cda-adad-777eb4567f37,2026-09-13T20:26:00,3.3,4.98,2006,1097,6.04,88.97,47.39,0.0
f1a6081a-48e3-56db-936e-f49af9832cb1,2026-09-13T20:26:00,2.82,4.71,1845,1236,2.32,58.0,47.83,0.0
18b90679-ba14-5785-bca6-c3cc1e3ad587,2026-09-13T20:26:00,2.99,3.57,1970,1275,5.89,58.0,39.94,0.0
77059140-e829-5d12-90bd-2d2ebd9c436c,2026-09-13T20:26:00,2.39,4.95,2098,1304,3.1,58.0,48.25,0.0
3a6c166d-37fa-5cda-adad-777eb4567f37,2026-09-13T20:28:00,3.13,4.22,2091,1269,5.08,89.19,35.62,0.0
f1a6081a-48e3-56db-936e-f49af9832cb1,2026-09-13T20:28:00,2.8,4.55,1810,1169,5.17,58.0,41.86,0.0
18b90679-ba14-5785-bca6-c3cc1e3ad587,2026-09-13T20:28:00,2.83,3.87,1969,1308,3.8,58.0,46.25,0.0
77059140-e829-5d12-90bd-2d2ebd9c436c,2026-09-13T20:28:00,2.39,4.03,2113,1252,3.75,58.0,43.61,0.0
3a6c166d-37fa-5cda-adad-777eb4567f37,2026-09-13T20:30:00,3.14,4.23,1822,1202,2.21,89.23,41.5,0.0
f1a6081a-48e3-56db-936e-f49af9832cb1,2026-09-13T20:30:00,3.08,3.82,2089,1350,2.0,58.0,45.06,0.0
18b90679-ba14-5785-bca6-c3cc1e3ad587,2026-09-13T20:30:00,2.32,4.09,1855,1241,3.5,58.0,41.01,0.0
77059140-e829-5d12-90bd-2d2ebd9c436c,2026-09-13T20:30:00,2.93,4.63,2101,1203,4.74,58.0,43.97,0.0
3a6c166d-37fa-5cda-adad-777eb4567f37,2026-09-13T20:32:00,3.11,4.21,1869,1276,2.49,89.64,43.15,0.0
f1a6081a-48e3-56db-936e-f49af9832cb1,2026-09-13T20:32:00,2.43,4.21,1884,1104,2.31,58.0,40.83,0.0
18b90679-ba14-5785-bca6-c3cc1e3ad587,2026-09-13T20:32:00,3.19,3.73,2165,1147,2.98,58.0,48.09,0.0
77059140-e829-5d12-90bd-2d2ebd9c436c,2026-09-13T20:32:00,2.58,4.45,2201,1248,0,58.0,45.76,0.0
3a6c166d-37fa-5cda-adad-777eb4567f37,2026-09-13T20:34:00,2.84,4.05,1691,1179,6.68,89.58,43.23,0.0
f1a6081a-48e3-56db-936e-f49af9832cb1,2026-09-13T20:34:00,2.55,3.6,2014,1131,3.85,58.0,43.07,0.0
18b90679-ba14-5785-bca6-c3cc1e3ad587,2026-09-13T20:34:00,2.98,4.26,2151,1222,2.33,58.0,42.49,0.0
77059140-e829-5d12-90bd-2d2ebd9c436c,2026-09-13T20:34:00,2.9,3.94,1906,1026,3.54,58.0,45.18,0.0
3a6c166d-37fa-5cda-adad-777eb4567f37,2026-09-13T20:36:00,2.48,4.55,1816,1253,3.15,89.09,43.09,0.0
f1a6081a-48e3-56db-936e-f49af9832cb1,2026-09-13T20:36:00,3.05,4.76,2011,1292,2.62,58.0,40.21,0.0
18b90679-ba14-5785-bca6-c3cc1e3ad587,2026-09-13T20:36:00,2.45,3.98,1837,1122,2.78,58.0,43.07,0.0
77059140-e829-5d12-90bd-2d2ebd9c436c,2026-09-13T20:36:00,3.17,4.47,2137,1111,5.35,58.0,44.29,0.0
3a6c166d-37fa-5cda-adad-777eb4567f37,2026-09-13T20:38:00,3.59,3.87,1726,1137,4.35,89.7,45.22,0.0
f1a6081a-48e3-56db-936e-f49af9832cb1,2026-09-13T20:38:00,2.69,3.44,2021,1309,5.38,58.0,42.86,0.0
18b90679-ba14-5785-bca6-c3cc1e3ad587,2026-09-13T20:38:00,3.17,3.89,2102,1106,2.96,58.0,38.69,0.0
77059140-e829-5d12-90bd-2d2ebd9c436c,2026-09-13T20:38:00,2.72,4.41,1942,1212,4.32,58.0,42.2,0.0
3a6c166d-37fa-5cda-adad-777eb4567f37,2026-09-13T20:40:00,2.57,4.39,1734,1290,3.4,89.24,48.04,0.0
f1a6081a-48e3-56db-936e-f49af9832cb1,2026-09-13T20:40:00,3.18,4.21,2011,1336,2.45,58.0,42.43,0.0
18b90679-ba14-5785-bca6-c3cc1e3ad587,2026-09-13T20:40:00,2.92,4.56,2112,1261,0,58.0,45.23,0.0
77059140-e829-5d12-90bd-2d2ebd9c436c,2026-09-13T20:40:00,2.34,3.81,1771,1366,6.8,58.0,41.92,0.0
3a6c166d-37fa-5cda-adad-777eb4567f37,2026-09-13T20:42:00,2.8,4.33,1696,1195,6.17,89.97,45.77,0.0
f1a6081a-48e3-56db-936e-f49af9832cb1,2026-09-13T20:42:00,2.86,3.52,1967,1146,1.92,58.0,42.22,0.0
18b90679-ba14-5785-bca6-c3cc1e3ad587,2026-09-13T20:42:00,2.8,3.21,2049,1161,0,58.0,39.38,0.0
77059140-e829-5d12-90bd-2d2ebd9c436c,2026-09-13T20:42:00,2.9,4.86,1878,1250,4.89,58.0,39.9,0.0
3a6c166d-37fa-5cda-adad-777eb4567f37,2026-09-13T20:44:00,2.56,3.81,1880,1180,3.04,89.3,45.37,0.0
f1a6081a-48e3-56db-936e-f49af9832cb1,2026-09-13T20:44:00,2.84,3.97,1871,1320,4.28,58.0,43.94,0.0
18b90679-ba14-5785-bca6-c3cc1e3ad587,2026-09-13T20:44:00,3.25,4.44,1851,1283,3.58,58.0,43.86,0.0
77059140-e829-5d12-90bd-2d2ebd9c436c,2026-09-13T20:44:00,2.58,4.51,1912,1203,4.42,58.0,43.54,0.0
3a6c166d-37fa-5cda-adad-777eb4567f37,2026-09-13T20:46:00,3.1,4.28,1790,1252,4.45,89.83,42.56,0.0
f1a6081a-48e3-56db-936e-f49af9832cb1,2026-09-13T20:46:00,2.26,3.61,1971,1235,5.84,58.0,42.15,0.0
18b90679-ba14-5785-bca6-c3cc1e3ad587,2026-09-13T20:46:00,2.76,4.01,2043,1075,3.28,58.0,44.68,0.0
77059140-e829-5d12-90bd-2d2ebd9c436c,2026-09-13T20:46:00,2.61,4.0,1990,1111,4.8,58.0,37.68,0.0
3a6c166d-37fa-5cda-adad-777eb4567f37,2026-09-13T20:48:00,2.65,3.73,1909,1054,1.3,89.83,44.28,0.0
f1a6081a-48e3-56db-936e-f49af9832cb1,2026-09-13T20:48:00,2.61,3.56,1954,1137,3.7,58.0,40.75,0.0
18b90679-ba14-5785-bca6-c3cc1e3ad587,2026-09-13T20:48:00,2.98,4.11,1761,1103,6.55,58.0,41.97,0.0
77059140-e829-5d12-90bd-2d2ebd9c436c,2026-09-13T20:48:00,2.36,3.54,1710,1141,2.3,58.0,40.0,0.0
3a6c166d-37fa-5cda-adad-777eb4567f37,2026-09-13T20:50:00,2.98,4.02,1941,1145,6.17,89.43,37.2,0.0
f1a6081a-48e3-56db-936e-f49af9832cb1,2026-09-13T20:50:00,3.42,4.0,2070,1194,6.02,58.0,42.0,0.0
18b90679-ba14-5785-bca6-c3cc1e3ad587,2026-09-13T20:50:00,2.59,4.17,1755,1164,2.25,58.0,43.26,0.0
77059140-e829-5d12-90bd-2d2ebd9c436c,2026-09-13T20:50:00,2.42,3.75,1874,1168,1.03,58.0,47.67,0.0
3a6c166d-37fa-5cda-adad-777eb4567f37,2026-09-13T20:52:00,2.3,3.8,1871,1071,3.53,89.72,41.32,0.0
f1a6081a-48e3-56db-936e-f49af9832cb1,2026-09-13T20:52:00,2.98,3.88,2101,1216,2.98,58.0,46.2,0.0
18b90679-ba14-5785-bca6-c3cc1e3ad587,2026-09-13T20:52:00,2.57,4.99,1659,1072,4.12,58.0,40.87,0.0
77059140-e829-5d12-90bd-2d2ebd9c436c,2026-09-13T20:52:00,3.38,4.42,1770,1076,4.29,58.0,41.54,0.0
3a6c166d-37fa-5cda-adad-777eb4567f37,2026-09-13T20:54:00,2.95,4.24,1826,1163,3.9,90.14,50.07,0.0
f1a6081a-48e3-56db-936e-f49af9832cb1,2026-09-13T20:54:00,2.3,4.13,1727,1039,0.46,58.0,44.24,0.0
18b90679-ba14-5785-bca6-c3cc1e3ad587,2026-09-13T20:54:00,2.92,3.98,1844,1241,5.05,58.0,44.5,0.0
77059140-e829-5d12-90bd-2d2ebd9c436c,2026-09-13T20:54:00,2.74,4.78,1921,1024,2.28,58.0,46.22,0.0
3a6c166d-37fa-5cda-adad-777eb4567f37,2026-09-13T20:56:00,3.16,3.42,1800,1171,4.55,89.56,47.95,0.0
f1a6081a-48e3-56db-936e-f49af9832cb1,2026-09-13T20:56:00,3.15,3.92,1761,1287,2.12,58.0,38.81,0.0
18b90679-ba14-5785-bca6-c3cc1e3ad587,2026-09-13T20:56:00,2.06,3.47,1857,1000,6.29,58.0,40.79,0.0
77059140-e829-5d12-90bd-2d2ebd9c436c,2026-09-13T20:56:00,2.92,4.59,1507,1282,3.65,58.0,45.86,0.0
3a6c166d-37fa-5cda-adad-777eb4567f37,2026-09-13T20:58:00,2.45,4.3,1773,985,2.29,89.24,42.2,0.0
f1a6081a-48e3-56db-936e-f49af9832cb1,2026-09-13T20:58:00,2.32,4.39,1807,1077,0,58.0,35.65,0.0
18b90679-ba14-5785-bca6-c3cc1e3ad587,2026-09-13T20:58:00,2.51,4.26,1715,958,2.62,58.0,42.82,0.0
77059140-e829-5d12-90bd-2d2ebd9c436c,2026-09-13T20:58:00,3.16,3.9,1683,1110,3.38,58.0,48.3,0.0
3a6c166d-37fa-5cda-adad-777eb4567f37,2026-09-13T21:00:00,2.56,3.57,1826,1274,1.62,89.53,45.14,0.0
f1a6081a-48e3-56db-936e-f49af9832cb1,2026-09-13T21:00:00,2.04,4.39,1784,1136,2.18,58.0,38.87,0.0
18b90679-ba14-5785-bca6-c3cc1e3ad587,2026-09-13T21:00:00,2.64,4.42,1763,1182,2.35,58.0,43.31,0.0
77059140-e829-5d12-90bd-2d2ebd9c436c,2026-09-13T21:00:00,2.53,4.06,1909,1289,3.91,58.0,43.03,0.0
3a6c166d-37fa-5cda-adad-777eb4567f37,2026-09-13T21:02:00,2.3,3.54,1917,1130,3.4,89.89,43.01,0.0
f1a6081a-48e3-56db-936e-f49af9832cb1,2026-09-13T21:02:00,2.45,4.28,1739,1086,5.74,58.0,45.72,0.0
18b90679-ba14-5785-bca6-c3cc1e3ad587,2026-09-13T21:02:00,3.17,4.79,1952,1332,2.15,58.0,41.53,0.0
77059140-e829-5d12-90bd-2d2ebd9c436c,2026-09-13T21:02:00,3.15,4.14,1916,1039,2.38,58.0,42.33,0.0
3a6c166d-37fa-5cda-adad-777eb4567f37,2026-09-13T21:04:00,2.78,4.01,2076,1177,2.38,89.68,40.64,0.0
f1a6081a-48e3-56db-936e-f49af9832cb1,2026-09-13T21:04:00,3.01,3.14,1768,1233,1.7,58.0,41.07,0.0
18b90679-ba14-5785-bca6-c3cc1e3ad587,2026-09-13T21:04:00,2.27,4.09,1811,1137,3.55,58.0,45.25,0.0
77059140-e829-5d12-90bd-2d2ebd9c436c,2026-09-13T21:04:00,2.58,3.64,1691,1188,4.64,58.0,44.84,0.0
3a6c166d-37fa-5cda-adad-777eb4567f37,2026-09-13T21:06:00,1.77,3.69,1664,1276,2.58,89.36,41.93,0.0
f1a6081a-48e3-56db-936e-f49af9832cb1,2026-09-13T21:06:00,2.66,3.52,1974,984,5.23,58.0,43.26,0.0
18b90679-ba14-5785-bca6-c3cc1e3ad587,2026-09-13T21:06:00,2.13,4.07,1544,1048,4.33,58.0,42.12,0.0
77059140-e829-5d12-90bd-2d2ebd9c436c,2026-09-13T21:06:00,2.83,4.22,1707,997,0.29,58.0,40.99,0.0
3a6c166d-37fa-5cda-adad-777eb4567f37,2026-09-13T21:08:00,2.85,4.18,1929,1207,5.29,90.0,46.16,0.0
f1a6081a-48e3-56db-936e-f49af9832cb1,2026-09-13T21:08:00,2.18,4.23,1755,1116,4.53,58.0,45.16,0.0
18b90679-ba14-5785-bca6-c3cc1e3ad587,2026-09-13T21:08:00,2.25,4.15,2030,1223,3.43,58.0,42.56,0.0
77059140-e829-5d12-90bd-2d2ebd9c436c,2026-09-13T21:08:00,3.1,3.92,1763,1087,2.46,58.0,42.87,0.0
3a6c166d-37fa-5cda-adad-777eb4567f37,2026-09-13T21:10:00,2.47,3.33,1898,997,4.64,90.24,48.51,0.0
f1a6081a-48e3-56db-936e-f49af9832cb1,2026-09-13T21:10:00,3.26,3.96,1822,1047,6.1,58.0,46.44,0.0
18b90679-ba14-5785-bca6-c3cc1e3ad587,2026-09-13T21:10:00,3.04,3.41,1525,1175,3.3,58.0,41.79,0.0
77059140-e829-5d12-90bd-2d2ebd9c436c,2026-09-13T21:10:00,3.17,3.52,1847,1271,2.03,58.0,40.04,0.0
3a6c166d-37fa-5cda-adad-777eb4567f37,2026-09-13T21:12:00,2.88,3.45,1658,1225,2.81,89.39,41.3,0.0
f1a6081a-48e3-56db-936e-f49af9832cb1,2026-09-13T21:12:00,2.33,3.73,1727,952,1.27,58.0,40.76,0.0
18b90679-ba14-5785-bca6-c3cc1e3ad587,2026-09-13T21:12:00,2.95,3.1,1614,1157,4.42,58.0,41.14,0.0
77059140-e829-5d12-90bd-2d2ebd9c436c,2026-09-13T21:12:00,2.53,4.71,1919,1014,1.74,58.0,41.73,0.0
3a6c166d-37fa-5cda-adad-777eb4567f37,2026-09-13T21:14:00,3.27,3.9,1842,1109,5.24,90.3,41.24,0.0
f1a6081a-48e3-56db-936e-f49af9832cb1,2026-09-13T21:14:00,3.25,4.4,1909,986,3.19,58.0,48.15,0.0
18b90679-ba14-5785-bca6-c3cc1e3ad587,2026-09-13T21:14:00,2.88,4.26,1590,959,1.24,58.0,43.47,0.0
77059140-e829-5d12-90bd-2d2ebd9c436c,2026-09-13T21:14:00,3.11,3.55,1732,1049,4.81,58.0,36.0,0.0
3a6c166d-37fa-5cda-adad-777eb4567f37,2026-09-13T21:16:00,2.49,2.91,1700,1146,1.48,89.96,47.6,0.0
f1a6081a-48e3-56db-936e-f49af9832cb1,2026-09-13T21:16:00,2.85,3.87,1666,1074,1.76,58.0,44.55,0.0
18b90679-ba14-5785-bca6-c3cc1e3ad587,2026-09-13T21:16:00,1.58,4.25,1535,1193,1.59,58.0,40.14,0.0
77059140-e829-5d12-90bd-2d2ebd9c436c,2026-09-13T21:16:00,2.23,3.06,1677,1180,4.98,58.0,44.13,0.0
3a6c166d-37fa-5cda-adad-777eb4567f37,2026-09-13T21:18:00,3.31,3.44,1864,1212,3.1,89.6,44.97,0.0
f1a6081a-48e3-56db-936e-f49af9832cb1,2026-09-13T21:18:00,2.65,4.18,1879,1050,2.9,58.0,44.36,0.0
18b90679-ba14-5785-bca6-c3cc1e3ad587,2026-09-13T21:18:00,2.24,4.14,1697,1006,1.66,58.0,42.66,0.0
77059140-e829-5d12-90bd-2d2ebd9c436c,2026-09-13T21:18:00,2.94,4.13,1657,1162,5.55,58.0,42.55,0.0
3a6c166d-37fa-5cda-adad-777eb4567f37,2026-09-13T21:20:00,2.21,3.81,1665,1009,3.42,89.67,43.48,0.0
f1a6081a-48e3-56db-936e-f49af9832cb1,2026-09-13T21:20:00,2.68,3.95,1784,1096,5.28,58.0,41.84,0.0
18b90679-ba14-5785-bca6-c3cc1e3ad587,2026-09-13T21:20:00,3.28,3.25,1777,1270,3.7,58.0,43.61,0.0
77059140-e829-5d12-90bd-2d2ebd9c436c,2026-09-13T21:20:00,2.74,4.59,1604,1023,3.11,58.0,45.01,0.0
3a6c166d-37fa-5cda-adad-777eb4567f37,2026-09-13T21:22:00,2.71,4.42,1644,1153,2.68,89.65,42.51,0.0
f1a6081a-48e3-56db-936e-f49af9832cb1,2026-09-13T21:22:00,2.79,3.82,1744,913,4.0,58.0,43.35,0.0
18b90679-ba14-5785-bca6-c3cc1e3ad587,2026-09-13T21:22:00,2.57,3.56,1824,1282,1.17,58.0,41.96,0.0
77059140-e829-5d12-90bd-2d2ebd9c436c,2026-09-13T21:22:00,2.64,3.72,1500,1130,5.25,58.0,48.14,0.0
3a6c166d-37fa-5cda-adad-777eb4567f37,2026-09-13T21:24:00,2.6,3.35,1804,1107,2.95,89.52,37.8,0.0
f1a6081a-48e3-56db-936e-f49af9832cb1,2026-09-13T21:24:00,2.36,3.49,1621,897,3.62,58.0,42.83,0.0
18b90679-ba14-5785-bca6-c3cc1e3ad587,2026-09-13T21:24:00,2.91,3.94,1850,957,4.41,58.0,48.11,0.0
77059140-e829-5d12-90bd-2d2ebd9c436c,2026-09-13T21:24:00,3.01,3.51,1589,1031,3.93,58.0,44.6,0.0
3a6c166d-37fa-5cda-adad-777eb4567f37,2026-09-13T21:26:00,2.67,2.97,1966,1059,2.55,89.67,42.66,0.0
f1a6081a-48e3-56db-936e-f49af9832cb1,2026-09-13T21:26:00,2.32,4.03,1673,969,2.3,58.0,40.79,0.0
18b90679-ba14-5785-bca6-c3cc1e3ad587,2026-09-13T21:26:00,2.46,3.56,1477,1145,3.99,58.0,41.77,0.0
77059140-e829-5d12-90bd-2d2ebd9c436c,2026-09-13T21:26:00,2.47,3.37,1631,1209,2.41,58.0,43.96,0.0
3a6c166d-37fa-5cda-adad-777eb4567f37,2026-09-13T21:28:00,3.4,3.26,1451,1060,2.9,90.61,42.93,0.0
f1a6081a-48e3-56db-936e-f49af9832cb1,2026-09-13T21:28:00,2.79,3.29,1666,1070,1.6,58.0,40.0,0.0
18b90679-ba14-5785-bca6-c3cc1e3ad587,2026-09-13T21:28:00,2.32,3.4,1758,1029,2.12,58.0,42.36,0.0
77059140-e829-5d12-90bd-2d2ebd9c436c,2026-09-13T21:28:00,2.01,4.25,1676,977,7.17,58.0,42.03,0.0
3a6c166d-37fa-5cda-adad-777eb4567f37,2026-09-13T21:30:00,3.04,3.73,1546,997,2.8,89.72,37.29,0.0
f1a6081a-48e3-56db-936e-f49af9832cb1,2026-09-13T21:30:00,2.92,3.45,1795,1054,6.17,58.0,45.61,0.0
18b90679-ba14-5785-bca6-c3cc1e3ad587,2026-09-13T21:30:00,2.29,4.57,1679,953,2.34,58.0,44.67,0.0
77059140-e829-5d12-90bd-2d2ebd9c436c,2026-09-13T21:30:00,2.8,2.99,1556,1008,5.26,58.0,43.95,0.0
3a6c166d-37fa-5cda-adad-777eb4567f37,2026-09-13T21:32:00,2.06,4.17,1766,1076,4.24,89.85,44.83,0.0
f1a6081a-48e3-56db-936e-f49af9832cb1,2026-09-13T21:32:00,2.1,4.0,1708,936,4.94,58.0,42.41,0.0
18b90679-ba14-5785-bca6-c3cc1e3ad587,2026-09-13T21:32:00,2.35,3.89,1713,886,3.55,58.0,38.24,0.0
77059140-e829-5d12-90bd-2d2ebd9c436c,2026-09-13T21:32:00,2.68,4.48,1427,1045,4.0,58.0,45.47,0.0
3a6c166d-37fa-5cda-adad-777eb4567f37,2026-09-13T21:34:00,2.75,4.05,1677,1043,4.73,90.06,41.97,0.0
f1a6081a-48e3-56db-936e-f49af9832cb1,2026-09-13T21:34:00,2.43,4.21,1758,1193,0,58.0,39.24,0.0
18b90679-ba14-5785-bca6-c3cc1e3ad587,2026-09-13T21:34:00,2.83,3.54,1775,1035,3.6,58.0,40.07,0.0
77059140-e829-5d12-90bd-2d2ebd9c436c,2026-09-13T21:34:00,2.71,3.02,1635,1011,1.66,58.0,44.33,0.0
3a6c166d-37fa-5cda-adad-777eb4567f37,2026-09-13T21:36:00,3.04,3.39,1602,919,2.31,89.68,45.29,0.0
f1a6081a-48e3-56db-936e-f49af9832cb1,2026-09-13T21:36:00,3.52,4.51,1510,1021,3.39,58.0,38.56,0.0
18b90679-ba14-5785-bca6-c3cc1e3ad587,2026-09-13T21:36:00,2.94,4.11,1411,1052,4.89,58.0,40.05,0.0
77059140-e829-5d12-90bd-2d2ebd9c436c,2026-09-13T21:36:00,2.11,3.98,1411,1094,4.7,58.0,43.96,0.0
3a6c166d-37fa-5cda-adad-777eb4567f37,2026-09-13T21:38:00,2.28,3.31,1645,1048,2.8,90.2,47.48,0.0
f1a6081a-48e3-56db-936e-f49af9832cb1,2026-09-13T21:38:00,2.54,3.65,1672,993,5.92,58.0,40.72,0.0
18b90679-ba14-5785-bca6-c3cc1e3ad587,2026-09-13T21:38:00,2.04,3.99,1422,1142,2.82,58.0,44.57,0.0
77059140-e829-5d12-90bd-2d2ebd9c436c,2026-09-13T21:38:00,2.93,3.4,1567,1063,1.51,58.0,43.49,0.0
3a6c166d-37fa-5cda-adad-777eb4567f37,2026-09-13T21:40:00,2.68,3.22,1516,1086,2.77,90.35,43.32,0.0
f1a6081a-48e3-56db-936e-f49af9832cb1,2026-09-13T21:40:00,2.86,3.74,1615,1147,3.52,58.0,40.6,0.0
18b90679-ba14-5785-bca6-c3cc1e3ad587,2026-09-13T21:40:00,2.29,4.04,1681,1021,0.3,58.0,43.92,0.0
77059140-e829-5d12-90bd-2d2ebd9c436c,2026-09-13T21:40:00,1.91,4.51,1540,1098,1.94,58.0,42.63,0.0
3a6c166d-37fa-5cda-adad-777eb4567f37,2026-09-13T21:42:00,2.39,3.95,1486,1017,1.94,89.85,42.11,0.0
f1a6081a-48e3-56db-936e-f49af9832cb1,2026-09-13T21:42:00,2.82,3.94,1713,899,2.12,58.0,42.01,0.0
18b90679-ba14-5785-bca6-c3cc1e3ad587,2026-09-13T21:42:00,3.02,3.57,1687,981,0.01,58.0,43.12,0.0
77059140-e829-5d12-90bd-2d2ebd9c436c,2026-09-13T21:42:00,2.53,3.51,1737,912,3.32,58.0,37.55,0.0
3a6c166d-37fa-5cda-adad-777eb4567f37,2026-09-13T21:44:00,2.91,3.24,1653,997,5.7,89.98,41.19,0.0
f1a6081a-48e3-56db-936e-f49af9832cb1,2026-09-13T21:44:00,2.38,4.06,1391,1035,3.43,58.0,41.63,0.0
18b90679-ba14-5785-bca6-c3cc1e3ad587,2026-09-13T21:44:00,2.14,3.91,1421,1007,4.72,58.0,38.48,0.0
77059140-e829-5d12-90bd-2d2ebd9c436c,2026-09-13T21:44:00,3.31,3.83,1752,1010,1.95,58.0,46.38,0.0
3a6c166d-37fa-5cda-adad-777eb4567f37,2026-09-13T21:46:00,3.38,3.4,1559,906,4.83,90.47,43.76,0.0
f1a6081a-48e3-56db-936e-f49af9832cb1,2026-09-13T21:46:00,2.84,4.16,1423,1007,0,58.0,38.67,0.0
18b90679-ba14-5785-bca6-c3cc1e3ad587,2026-09-13T21:46:00,2.58,3.43,1579,951,0.33,58.0,40.75,0.0
77059140-e829-5d12-90bd-2d2ebd9c436c,2026-09-13T21:46:00,1.9,4.24,1482,1073,2.22,58.0,41.25,0.0
3a6c166d-37fa-5cda-adad-777eb4567f37,2026-09-13T21:48:00,2.19,3.44,1560,897,1.5,90.32,40.83,0.0
f1a6081a-48e3-56db-936e-f49af9832cb1,2026-09-13T21:48:00,2.23,3.42,1512,1048,0.61,58.0,41.02,0.0
18b90679-ba14-5785-bca6-c3cc1e3ad587,2026-09-13T21:48:00,2.55,4.53,1527,1105,4.86,58.0,37.94,0.0
77059140-e829-5d12-90bd-2d2ebd9c436c,2026-09-13T21:48:00,2.61,3.77,1599,994,4.82,58.0,42.31,0.0
3a6c166d-37fa-5cda-adad-777eb4567f37,2026-09-13T21:50:00,2.2,2.94,1629,1074,1.82,90.27,43.59,0.0
f1a6081a-48e3-56db-936e-f49af9832cb1,2026-09-13T21:50:00,3.15,3.59,1672,1048,5.51,58.0,42.45,0.0
18b90679-ba14-5785-bca6-c3cc1e3ad587,2026-09-13T21:50:00,2.62,3.84,1507,961,1.51,58.0,45.98,0.0
77059140-e829-5d12-90bd-2d2ebd9c436c,2026-09-13T21:50:00,2.81,3.37,1365,1062,2.83,58.0,42.25,0.0
3a6c166d-37fa-5cda-adad-777eb4567f37,2026-09-13T21:52:00,2.2,3.88,1568,938,4.19,90.38,43.65,0.0
f1a6081a-48e3-56db-936e-f49af9832cb1,2026-09-13T21:52:00,2.74,4.01,1370,895,3.46,58.0,34.36,0.0
18b90679-ba14-5785-bca6-c3cc1e3ad587,2026-09-13T21:52:00,2.48,4.37,1729,1079,2.15,58.0,41.33,0.0
77059140-e829-5d12-90bd-2d2ebd9c436c,2026-09-13T21:52:00,2.79,3.38,1459,914,3.86,58.0,42.61,0.0
3a6c166d-37fa-5cda-adad-777eb4567f37,2026-09-13T21:54:00,2.46,3.47,1758,975,0,90.54,43.31,0.0
f1a6081a-48e3-56db-936e-f49af9832cb1,2026-09-13T21:54:00,2.62,4.36,1560,881,2.42,58.0,45.16,0.0
18b90679-ba14-5785-bca6-c3cc1e3ad587,2026-09-13T21:54:00,2.02,4.04,1534,907,0,58.0,41.22,0.0
77059140-e829-5d12-90bd-2d2ebd9c436c,2026-09-13T21:54:00,1.8,3.5,1532,1084,5.21,58.0,43.03,0.0
3a6c166d-37fa-5cda-adad-777eb4567f37,2026-09-13T21:56:00,3.14,3.69,1499,1002,1.83,90.39,38.84,0.0
f1a6081a-48e3-56db-936e-f49af9832cb1,2026-09-13T21:56:00,2.46,3.71,1617,919,0.58,58.0,42.38,0.0
18b90679-ba14-5785-bca6-c3cc1e3ad587,2026-09-13T21:56:00,2.41,3.52,1512,959,3.8,58.0,44.95,0.0
77059140-e829-5d12-90bd-2d2ebd9c436c,2026-09-13T21:56:00,2.15,3.44,1390,1086,3.86,58.0,40.66,0.0
3a6c166d-37fa-5cda-adad-777eb4567f37,2026-09-13T21:58:00,2.14,3.25,1407,951,2.66,90.47,43.74,0.0
f1a6081a-48e3-56db-936e-f49af9832cb1,2026-09-13T21:58:00,2.36,4.48,1355,977,4.57,58.0,39.99,0.0
18b90679-ba14-5785-bca6-c3cc1e3ad587,2026-09-13T21:58:00,1.96,3.72,1684,836,2.06,58.0,41.76,0.0
77059140-e829-5d12-90bd-2d2ebd9c436c,2026-09-13T21:58:00,2.88,3.45,1684,972,1.67,58.0,41.25,0.0
3a6c166d-37fa-5cda-adad-777eb4567f37,2026-09-13T22:00:00,2.97,3.62,1623,958,2.17,90.29,35.92,0.0
f1a6081a-48e3-56db-936e-f49af9832cb1,2026-09-13T22:00:00,2.48,3.9,1491,852,2.91,58.0,40.23,0.0
18b90679-ba14-5785-bca6-c3cc1e3ad587,2026-09-13T22:00:00,3.15,3.96,1794,954,3.16,58.0,41.44,0.0
77059140-e829-5d12-90bd-2d2ebd9c436c,2026-09-13T22:00:00,2.17,4.74,1564,990,3.01,58.0,41.59,0.0
3a6c166d-37fa-5cda-adad-777eb4567f37,2026-09-13T22:02:00,2.38,3.56,1743,837,1.91,90.51,41.11,0.0
f1a6081a-48e3-56db-936e-f49af9832cb1,2026-09-13T22:02:00,2.68,3.93,1434,770,0.71,58.0,44.73,0.0
18b90679-ba14-5785-bca6-c3cc1e3ad587,2026-09-13T22:02:00,2.5,3.74,1482,726,0.93,58.0,41.95,0.0
77059140-e829-5d12-90bd-2d2ebd9c436c,2026-09-13T22:02:00,2.62,3.57,1440,978,3.47,58.0,42.15,0.0
3a6c166d-37fa-5cda-adad-777eb4567f37,2026-09-13T22:04:00,2.13,3.61,1607,1008,0.86,90.88,40.1,0.0
f1a6081a-48e3-56db-936e-f49af9832cb1,2026-09-13T22:04:00,3.2,3.31,1441,996,2.51,58.0,44.43,0.0
18b90679-ba14-5785-bca6-c3cc1e3ad587,2026-09-13T22:04:00,2.45,3.38,1400,957,0,58.0,41.24,0.0
77059140-e829-5d12-90bd-2d2ebd9c436c,2026-09-13T22:04:00,2.72,3.63,1381,933,2.78,58.0,41.72,0.0
3a6c166d-37fa-5cda-adad-777eb4567f37,2026-09-13T22:06:00,2.04,3.7,1577,802,3.4,90.28,41.44,0.0
f1a6081a-48e3-56db-936e-f49af9832cb1,2026-09-13T22:06:00,2.28,3.58,1350,919,4.71,58.0,37.01,0.0
18b90679-ba14-5785-bca6-c3cc1e3ad587,2026-09-13T22:06:00,2.32,2.9,1394,1032,0,58.0,42.24,0.0
77059140-e829-5d12-90bd-2d2ebd9c436c,2026-09-13T22:06:00,1.81,3.83,1357,862,3.51,58.0,43.27,0.0
3a6c166d-37fa-5cda-adad-777eb4567f37,2026-09-13T22:08:00,2.58,3.69,1538,928,2.22,90.56,44.16,0.0
f1a6081a-48e3-56db-936e-f49af9832cb1,2026-09-13T22:08:00,2.25,2.49,1601,930,3.01,58.0,44.44,0.0
18b90679-ba14-5785-bca6-c3cc1e3ad587,2026-09-13T22:08:00,2.54,3.29,1361,800,0,58.0,40.44,0.0
77059140-e829-5d12-90bd-2d2ebd9c436c,2026-09-13T22:08:00,2.51,4.16,1440,889,3.2,58.0,42.93,0.0
3a6c166d-37fa-5cda-adad-777eb4567f37,2026-09-13T22:10:00,3.48,3.49,1383,830,0,89.91,39.45,0.0
f1a6081a-48e3-56db-936e-f49af9832cb1,2026-09-13T22:10:00,2.18,3.11,1755,818,0.37,58.0,40.15,0.0
18b90679-ba14-5785-bca6-c3cc1e3ad587,2026-09-13T22:10:00,2.82,3.46,1525,986,2.97,58.0,39.29,0.0
77059140-e829-5d12-90bd-2d2ebd9c436c,2026-09-13T22:10:00,2.21,3.38,1266,871,3.03,58.0,40.32,0.0
3a6c166d-37fa-5cda-adad-777eb4567f37,2026-09-13T22:12:00,2.84,4.1,1568,1138,0.25,90.59,40.58,0.0
f1a6081a-48e3-56db-936e-f49af9832cb1,2026-09-13T22:12:00,2.09,3.69,1427,919,2.11,58.0,40.87,0.0
18b90679-ba14-5785-bca6-c3cc1e3ad587,2026-09-13T22:12:00,2.43,4.12,1498,905,1.75,58.0,44.25,0.0
77059140-e829-5d12-90bd-2d2ebd9c436c,2026-09-13T22:12:00,2.64,3.44,1336,917,2.51,58.0,36.82,0.0
3a6c166d-37fa-5cda-adad-777eb4567f37,2026-09-13T22:14:00,2.55,4.01,1342,1034,1.87,90.78,43.22,0.0
f1a6081a-48e3-56db-936e-f49af9832cb1,2026-09-13T22:14:00,2.32,3.68,1584,840,1.49,58.0,42.56,0.0
18b90679-ba14-5785-bca6-c3cc1e3ad587,2026-09-13T22:14:00,2.53,3.69,1404,1161,4.66,58.0,42.79,0.0
77059140-e829-5d12-90bd-2d2ebd9c436c,2026-09-13T22:14:00,2.28,3.46,1324,874,1.96,58.0,42.48,0.0
3a6c166d-37fa-5cda-adad-777eb4567f37,2026-09-13T22:16:00,2.7,2.7,1353,851,3.02,90.47,44.01,0.0
f1a6081a-48e3-56db-936e-f49af9832cb1,2026-09-13T22:16:00,2.52,3.85,1606,867,1.19,58.0,41.84,0.0
18b90679-ba14-5785-bca6-c3cc1e3ad587,2026-09-13T22:16:00,2.55,3.69,1412,958,0,58.0,41.12,0.0
77059140-e829-5d12-90bd-2d2ebd9c436c,2026-09-13T22:16:00,2.41,4.08,1408,945,0,58.0,44.64,0.0
3a6c166d-37fa-5cda-adad-777eb4567f37,2026-09-13T22:18:00,2.04,3.58,1318,806,3.35,90.26,38.79,0.0
f1a6081a-48e3-56db-936e-f49af9832cb1,2026-09-13T22:18:00,2.05,3.71,1414,849,4.01,58.0,41.84,0.0
18b90679-ba14-5785-bca6-c3cc1e3ad587,2026-09-13T22:18:00,2.26,3.14,1355,868,0,58.0,46.24,0.0
77059140-e829-5d12-90bd-2d2ebd9c436c,2026-09-13T22:18:00,1.98,3.82,1265,900,6.54,58.0,40.18,0.0
3a6c166d-37fa-5cda-adad-777eb4567f37,2026-09-13T22:20:00,2.3,4.36,1526,871,1.7,90.26,36.82,0.0
f1a6081a-48e3-56db-936e-f49af9832cb1,2026-09-13T22:20:00,2.33,3.29,1196,975,3.24,58.0,45.94,0.0
18b90679-ba14-5785-bca6-c3cc1e3ad587,2026-09-13T22:20:00,2.39,3.95,1414,881,1.67,58.0,44.27,0.0
77059140-e829-5d12-90bd-2d2ebd9c436c,2026-09-13T22:20:00,2.78,3.98,1347,818,2.22,58.0,43.08,0.0
3a6c166d-37fa-5cda-adad-777eb4567f37,2026-09-13T22:22:00,1.57,4.11,1560,757,0.39,91.08,41.08,0.0
f1a6081a-48e3-56db-936e-f49af9832cb1,2026-09-13T22:22:00,2.28,3.49,1425,893,0,58.0,37.78,0.0
18b90679-ba14-5785-bca6-c3cc1e3ad587,2026-09-13T22:22:00,2.8,3.95,1476,813,1.28,58.0,40.54,0.0
77059140-e829-5d12-90bd-2d2ebd9c436c,2026-09-13T22:22:00,2.25,3.98,1390,906,0.71,58.0,41.26,0.0
3a6c166d-37fa-5cda-adad-777eb4567f37,2026-09-13T22:24:00,2.22,4.08,1420,793,0,91.27,36.86,0.0
f1a6081a-48e3-56db-936e-f49af9832cb1,2026-09-13T22:24:00,1.67,3.38,1337,920,1.99,58.0,39.45,0.0
18b90679-ba14-5785-bca6-c3cc1e3ad587,2026-09-13T22:24:00,2.38,3.68,1521,919,1.97,58.0,40.59,0.0
77059140-e829-5d12-90bd-2d2ebd9c436c,2026-09-13T22:24:00,2.68,3.3,1371,895,3.2,58.0,45.76,0.0
3a6c166d-37fa-5cda-adad-777eb4567f37,2026-09-13T22:26:00,2.54,4.24,1497,855,2.32,90.43,42.19,0.0
f1a6081a-48e3-56db-936e-f49af9832cb1,2026-09-13T22:26:00,2.21,3.46,1441,767,2.55,58.0,42.11,0.0
18b90679-ba14-5785-bca6-c3cc1e3ad587,2026-09-13T22:26:00,2.57,4.34,1450,1032,2.12,58.0,41.26,0.0
77059140-e829-5d12-90bd-2d2ebd9c436c,2026-09-13T22:26:00,2.65,3.87,1172,893,4.03,58.0,39.19,0.0
3a6c166d-37fa-5cda-adad-777eb4567f37,2026-09-13T22:28:00,2.83,3.72,1586,930,1.93,90.67,42.95,0.0
f1a6081a-48e3-56db-936e-f49af9832cb1,2026-09-13T22:28:00,2.63,4.04,1335,721,1.73,58.0,46.32,0.0
18b90679-ba14-5785-bca6-c3cc1e3ad587,2026-09-13T22:28:00,2.22,3.29,1536,795,3.85,58.0,42.07,0.0
77059140-e829-5d12-90bd-2d2ebd9c436c,2026-09-13T22:28:00,1.92,3.45,1659,1035,3.42,58.0,41.44,0.0
3a6c166d-37fa-5cda-adad-777eb4567f37,2026-09-13T22:30:00,1.92,3.62,1409,828,5.06,90.73,41.69,0.0
f1a6081a-48e3-56db-936e-f49af9832cb1,2026-09-13T22:30:00,2.72,3.53,1221,852,5.21,58.0,41.35,0.0
18b90679-ba14-5785-bca6-c3cc1e3ad587,2026-09-13T22:30:00,2.12,3.42,1578,921,1.14,58.0,36.93,0.0
77059140-e829-5d12-90bd-2d2ebd9c436c,2026-09-13T22:30:00,2.14,2.81,1234,798,2.14,58.0,41.66,0.0
3a6c166d-37fa-5cda-adad-777eb4567f37,2026-09-13T22:32:00,2.66,3.56,1354,824,3.28,90.3,40.07,0.0
f1a6081a-48e3-56db-936e-f49af9832cb1,2026-09-13T22:32:00,2.17,4.23,1328,830,1.1,58.0,36.58,0.0
18b90679-ba14-5785-bca6-c3cc1e3ad587,2026-09-13T22:32:00,2.1,3.72,1382,869,1.49,58.0,37.49,0.0
77059140-e829-5d12-90bd-2d2ebd9c436c,2026-09-13T22:32:00,2.53,3.32,1363,1016,4.04,58.0,45.13,0.0
3a6c166d-37fa-5cda-adad-777eb4567f37,2026-09-13T22:34:00,2.14,3.67,1162,989,3.2,91.2,38.04,0.0
f1a6081a-48e3-56db-936e-f49af9832cb1,2026-09-13T22:34:00,2.84,2.98,1299,1007,3.32,58.0,44.91,0.0
18b90679-ba14-5785-bca6-c3cc1e3ad587,2026-09-13T22:34:00,2.54,3.78,1431,870,4.08,58.0,37.56,0.0
77059140-e829-5d12-90bd-2d2ebd9c436c,2026-09-13T22:34:00,2.03,3.29,1326,766,1.86,58.0,38.29,0.0
3a6c166d-37fa-5cda-adad-777eb4567f37,2026-09-13T22:36:00,2.76,3.05,1351,971,3.36,90.71,41.15,0.0
f1a6081a-48e3-56db-936e-f49af9832cb1,2026-09-13T22:36:00,2.47,3.79,1208,882,5.39,58.0,40.94,0.0
18b90679-ba14-5785-bca6-c3cc1e3ad587,2026-09-13T22:36:00,1.81,3.51,1366,841,2.58,58.0,35.92,0.0
77059140-e829-5d12-90bd-2d2ebd9c436c,2026-09-13T22:36:00,1.74,3.53,1361,889,2.41,58.0,40.75,0.0
3a6c166d-37fa-5cda-adad-777eb4567f37,2026-09-13T22:38:00,2.58,3.26,1283,927,3.71,91.2,39.25,0.0
f1a6081a-48e3-56db-936e-f49af9832cb1,2026-09-13T22:38:00,2.4,3.93,1136,971,0.33,58.0,37.41,0.0
18b90679-ba14-5785-bca6-c3cc1e3ad587,2026-09-13T22:38:00,2.38,3.39,1332,805,1.79,58.0,37.43,0.0
77059140-e829-5d12-90bd-2d2ebd9c436c,2026-09-13T22:38:00,2.21,3.61,1409,987,0.68,58.0,37.03,0.0
3a6c166d-37fa-5cda-adad-777eb4567f37,2026-09-13T22:40:00,2.2,3.45,1409,962,2.69,91.17,43.34,0.0
f1a6081a-48e3-56db-936e-f49af9832cb1,2026-09-13T22:40:00,2.19,3.74,1451,816,0,58.0,45.17,0.0
18b90679-ba14-5785-bca6-c3cc1e3ad587,2026-09-13T22:40:00,2.67,3.03,1294,727,0.25,58.0,41.7,0.0
77059140-e829-5d12-90bd-2d2ebd9c436c,2026-09-13T22:40:00,1.94,3.76,1427,795,3.21,58.0,42.92,0.0
3a6c166d-37fa-5cda-adad-777eb4567f37,2026-09-13T22:42:00,2.06,3.5,1303,1103,0,91.01,37.45,0.0
f1a6081a-48e3-56db-936e-f49af9832cb1,2026-09-13T22:42:00,2.48,3.28,1265,941,4.16,58.0,35.99,0.0
18b90679-ba14-5785-bca6-c3cc1e3ad587,2026-09-13T22:42:00,2.22,3.3,1290,745,4.67,58.0,43.68,0.0
77059140-e829-5d12-90bd-2d2ebd9c436c,2026-09-13T22:42:00,1.82,3.34,1394,750,1.46,58.0,40.4,0.0
3a6c166d-37fa-5cda-adad-777eb4567f37,2026-09-13T22:44:00,2.79,4.14,1277,1049,0.65,90.81,40.27,0.0
f1a6081a-48e3-56db-936e-f49af9832cb1,2026-09-13T22:44:00,2.45,3.86,1193,774,3.71,58.0,37.33,0.0
18b90679-ba14-5785-bca6-c3cc1e3ad587,2026-09-13T22:44:00,2.28,3.64,1600,1011,3.1,58.0,38.58,0.0
77059140-e829-5d12-90bd-2d2ebd9c436c,2026-09-13T22:44:00,2.4,3.27,1194,750,1.68,58.0,42.68,0.0
3a6c166d-37fa-5cda-adad-777eb4567f37,2026-09-13T22:46:00,2.68,3.13,1238,903,1.08,91.02,41.91,0.0
f1a6081a-48e3-56db-936e-f49af9832cb1,2026-09-13T22:46:00,2.34,3.49,1216,797,1.01,58.0,38.35,0.0
18b90679-ba14-5785-bca6-c3cc1e3ad587,2026-09-13T22:46:00,2.66,3.46,1341,843,1.52,58.0,41.59,0.0
77059140-e829-5d12-90bd-2d2ebd9c436c,2026-09-13T22:46:00,1.93,3.69,1278,842,4.5,58.0,43.65,0.0
3a6c166d-37fa-5cda-adad-777eb4567f37,2026-09-13T22:48:00,2.64,3.52,1336,899,2.07,91.66,38.99,0.0
f1a6081a-48e3-56db-936e-f49af9832cb1,2026-09-13T22:48:00,2.37,3.73,1267,700,1.37,58.0,39.63,0.0
18b90679-ba14-5785-bca6-c3cc1e3ad587,2026-09-13T22:48:00,2.7,3.36,1334,811,0.11,58.0,37.98,0.0
77059140-e829-5d12-90bd-2d2ebd9c436c,2026-09-13T22:48:00,1.95,3.47,1258,873,2.59,58.0,40.88,0.0
3a6c166d-37fa-5cda-adad-777eb4567f37,2026-09-13T22:50:00,2.46,4.42,1278,886,0.33,90.69,39.88,0.0
f1a6081a-48e3-56db-936e-f49af9832cb1,2026-09-13T22:50:00,2.2,4.02,1466,852,0,58.0,43.57,0.0
18b90679-ba14-5785-bca6-c3cc1e3ad587,2026-09-13T22:50:00,2.46,2.56,1309,884,3.29,58.0,39.75,0.0
77059140-e829-5d12-90bd-2d2ebd9c436c,2026-09-13T22:50:00,2.08,3.6,1353,898,2.73,58.0,41.12,0.0
3a6c166d-37fa-5cda-adad-777eb4567f37,2026-09-13T22:52:00,2.3,3.55,1190,865,5.15,91.14,37.08,0.0
f1a6081a-48e3-56db-936e-f49af9832cb1,2026-09-13T22:52:00,2.49,3.15,1456,725,5.19,58.0,41.09,0.0
18b90679-ba14-5785-bca6-c3cc1e3ad587,2026-09-13T22:52:00,2.54,2.61,1302,815,1.43,58.0,41.41,0.0
77059140-e829-5d12-90bd-2d2ebd9c436c,2026-09-13T22:52:00,1.91,3.99,1216,751,0,58.0,39.66,0.0
3a6c166d-37fa-5cda-adad-777eb4567f37,2026-09-13T22:54:00,2.68,3.22,1268,889,0,90.56,40.7,0.0
f1a6081a-48e3-56db-936e-f49af9832cb1,2026-09-13T22:54:00,2.62,3.57,1274,846,3.74,58.0,38.21,0.0
18b90679-ba14-5785-bca6-c3cc1e3ad587,2026-09-13T22:54:00,2.33,2.61,1360,844,3.85,58.0,44.5,0.0
77059140-e829-5d12-90bd-2d2ebd9c436c,2026-09-13T22:54:00,2.3,3.33,1219,808,3.19,58.0,40.47,0.0
3a6c166d-37fa-5cda-adad-777eb4567f37,2026-09-13T22:56:00,2.13,3.53,1363,741,4.89,90.54,36.56,0.0
f1a6081a-48e3-56db-936e-f49af9832cb1,2026-09-13T22:56:00,2.01,3.33,1325,922,1.51,58.0,37.86,0.0
18b90679-ba14-5785-bca6-c3cc1e3ad587,2026-09-13T22:56:00,2.3,3.96,1359,741,0,58.0,36.48,0.0
77059140-e829-5d12-90bd-2d2ebd9c436c,2026-09-13T22:56:00,2.37,2.98,1122,706,0.29,58.0,37.43,0.0
3a6c166d-37fa-5cda-adad-777eb4567f37,2026-09-13T22:58:00,2.54,3.83,1394,752,0.24,90.95,37.22,0.0
f1a6081a-48e3-56db-936e-f49af9832cb1,2026-09-13T22:58:00,1.97,2.59,1339,863,3.38,58.0,41.75,0.0
18b90679-ba14-5785-bca6-c3cc1e3ad587,2026-09-13T22:58:00,2.83,3.8,1285,848,1.24,58.0,42.39,0.0
77059140-e829-5d12-90bd-2d2ebd9c436c,2026-09-13T22:58:00,2.15,3.32,1251,706,2.09,58.0,41.76,0.0
3a6c166d-37fa-5cda-adad-777eb4567f37,2026-09-13T23:00:00,1.78,4.02,1364,811,1.08,91.33,38.44,0.0
f1a6081a-48e3-56db-936e-f49af9832cb1,2026-09-13T23:00:00,2.41,3.43,1217,738,3.53,58.0,45.66,0.0
18b90679-ba14-5785-bca6-c3cc1e3ad587,2026-09-13T23:00:00,2.16,3.74,1365,838,3.4,58.0,41.8,0.0
77059140-e829-5d12-90bd-2d2ebd9c436c,2026-09-13T23:00:00,2.72,3.2,1237,791,2.59,58.0,40.72,0.0
3a6c166d-37fa-5cda-adad-777eb4567f37,2026-09-13T23:02:00,2.97,4.05,1359,911,0,90.89,38.14,0.0
f1a6081a-48e3-56db-936e-f49af9832cb1,2026-09-13T23:02:00,2.6,3.59,1269,714,0.01,58.0,43.0,0.0
18b90679-ba14-5785-bca6-c3cc1e3ad587,2026-09-13T23:02:00,2.36,3.35,1321,817,0,58.0,35.45,0.0
77059140-e829-5d12-90bd-2d2ebd9c436c,2026-09-13T23:02:00,3.13,3.13,1402,951,3.03,58.0,40.33,0.0
3a6c166d-37fa-5cda-adad-777eb4567f37,2026-09-13T23:04:00,2.49,3.58,1485,716,0,91.15,39.49,0.0
f1a6081a-48e3-56db-936e-f49af9832cb1,2026-09-13T23:04:00,2.21,3.35,1341,706,2.43,58.0,36.68,0.0
18b90679-ba14-5785-bca6-c3cc1e3ad587,2026-09-13T23:04:00,2.05,3.13,1267,815,0,58.0,37.16,0.0
77059140-e829-5d12-90bd-2d2ebd9c436c,2026-09-13T23:04:00,2.72,3.46,1240,912,0,58.0,34.66,0.0
3a6c166d-37fa-5cda-adad-777eb4567f37,2026-09-13T23:06:00,2.45,3.33,1339,665,1.06,91.69,42.25,0.0
f1a6081a-48e3-56db-936e-f49af9832cb1,2026-09-13T23:06:00,2.54,3.51,1291,817,0.39,58.0,37.66,0.0
18b90679-ba14-5785-bca6-c3cc1e3ad587,2026-09-13T23:06:00,2.12,3.21,1488,837,1.15,58.0,42.63,0.0
77059140-e829-5d12-90bd-2d2ebd9c436c,2026-09-13T23:06:00,2.05,3.23,1193,735,0,58.0,44.04,0.0
3a6c166d-37fa-5cda-adad-777eb4567f37,2026-09-13T23:08:00,2.21,3.65,1363,764,0.46,91.55,40.69,0.0
f1a6081a-48e3-56db-936e-f49af9832cb1,2026-09-13T23:08:00,3.27,3.25,1210,783,1.95,58.0,40.59,0.0
18b90679-ba14-5785-bca6-c3cc1e3ad587,2026-09-13T23:08:00,2.36,3.62,1157,858,0,58.0,39.54,0.0
77059140-e829-5d12-90bd-2d2ebd9c436c,2026-09-13T23:08:00,2.39,4.33,1440,912,4.74,58.0,45.69,0.0
3a6c166d-37fa-5cda-adad-777eb4567f37,2026-09-13T23:10:00,2.58,3.69,1159,706,2.28,90.49,37.36,0.0
f1a6081a-48e3-56db-936e-f49af9832cb1,2026-09-13T23:10:00,2.19,3.94,1243,760,2.2,58.0,39.96,0.0
18b90679-ba14-5785-bca6-c3cc1e3ad587,2026-09-13T23:10:00,2.33,3.98,1115,867,2.06,58.0,41.77,0.0
77059140-e829-5d12-90bd-2d2ebd9c436c,2026-09-13T23:10:00,2.61,3.34,1245,686,2.45,58.0,40.47,0.0
3a6c166d-37fa-5cda-adad-777eb4567f37,2026-09-13T23:12:00,2.46,3.63,1204,761,1.17,91.39,42.22,0.0
f1a6081a-48e3-56db-936e-f49af9832cb1,2026-09-13T23:12:00,1.82,3.81,1334,744,5.02,58.0,42.24,0.0
18b90679-ba14-5785-bca6-c3cc1e3ad587,2026-09-13T23:12:00,2.34,3.64,1195,766,0.38,58.0,36.51,0.0
77059140-e829-5d12-90bd-2d2ebd9c436c,2026-09-13T23:12:00,3.24,3.67,1137,778,3.48,58.0,44.75,0.0
3a6c166d-37fa-5cda-adad-777eb4567f37,2026-09-13T23:14:00,2.04,3.21,1383,787,0.65,91.03,39.25,0.0
f1a6081a-48e3-56db-936e-f49af9832cb1,2026-09-13T23:14:00,2.33,3.71,1264,824,2.35,58.0,35.53,0.0
18b90679-ba14-5785-bca6-c3cc1e3ad587,2026-09-13T23:14:00,2.68,3.57,1234,717,1.78,58.0,40.79,0.0
77059140-e829-5d12-90bd-2d2ebd9c436c,2026-09-13T23:14:00,2.9,3.4,1252,701,1.15,58.0,35.59,0.0
3a6c166d-37fa-5cda-adad-777eb4567f37,2026-09-13T23:16:00,2.39,3.45,1107,766,0.92,91.33,40.91,0.0
f1a6081a-48e3-56db-936e-f49af9832cb1,2026-09-13T23:16:00,2.83,3.55,1491,583,0,58.0,37.42,0.0
18b90679-ba14-5785-bca6-c3cc1e3ad587,2026-09-13T23:16:00,2.14,3.71,1065,866,4.51,58.0,38.4,0.0
77059140-e829-5d12-90bd-2d2ebd9c436c,2026-09-13T23:16:00,2.31,3.62,1226,911,1.45,58.0,39.16,0.0
3a6c166d-37fa-5cda-adad-777eb4567f37,2026-09-13T23:18:00,2.44,3.09,1345,816,0.19,91.49,41.33,0.0
f1a6081a-48e3-56db-936e-f49af9832cb1,2026-09-13T23:18:00,1.92,4.05,1410,852,0,58.0,37.28,0.0
18b90679-ba14-5785-bca6-c3cc1e3ad587,2026-09-13T23:18:00,2.52,2.65,1186,549,0,58.0,47.13,0.0
77059140-e829-5d12-90bd-2d2ebd9c436c,2026-09-13T23:18:00,2.35,2.94,1226,648,0.26,58.0,35.84,0.0
3a6c166d-37fa-5cda-adad-777eb4567f37,2026-09-13T23:20:00,2.56,2.75,1278,840,3.3,91.54,37.11,0.0
f1a6081a-48e3-56db-936e-f49af9832cb1,2026-09-13T23:20:00,2.26,3.37,1247,897,2.91,58.0,38.64,0.0
18b90679-ba14-5785-bca6-c3cc1e3ad587,2026-09-13T23:20:00,3.71,3.37,1414,655,2.01,58.0,37.47,0.0
77059140-e829-5d12-90bd-2d2ebd9c436c,2026-09-13T23:20:00,2.01,4.36,1335,896,1.35,58.0,39.81,0.0
3a6c166d-37fa-5cda-adad-777eb4567f37,2026-09-13T23:22:00,2.4,2.81,1170,895,0.58,91.3,39.54,0.0
f1a6081a-48e3-56db-936e-f49af9832cb1,2026-09-13T23:22:00,1.87,2.96,1279,783,0,58.0,39.21,0.0
18b90679-ba14-5785-bca6-c3cc1e3ad587,2026-09-13T23:22:00,2.3,3.74,1150,787,0,58.0,43.36,0.0
77059140-e829-5d12-90bd-2d2ebd9c436c,2026-09-13T23:22:00,2.19,3.23,1276,702,1.26,58.0,35.61,0.0
3a6c166d-37fa-5cda-adad-777eb4567f37,2026-09-13T23:24:00,2.39,3.57,1478,686,0,91.69,42.75,0.0
f1a6081a-48e3-56db-936e-f49af9832cb1,2026-09-13T23:24:00,2.35,3.42,1307,690,0,58.0,38.25,0.0
18b90679-ba14-5785-bca6-c3cc1e3ad587,2026-09-13T23:24:00,2.1,3.27,1222,694,0.25,58.0,40.05,0.0
77059140-e829-5d12-90bd-2d2ebd9c436c,2026-09-13T23:24:00,1.69,3.43,1199,793,0.88,58.0,39.19,0.0
3a6c166d-37fa-5cda-adad-777eb4567f37,2026-09-13T23:26:00,2.13,2.5,1177,577,0,91.7,44.5,0.0
f1a6081a-48e3-56db-936e-f49af9832cb1,2026-09-13T23:26:00,1.93,3.64,1281,851,1.07,58.0,45.2,0.0
18b90679-ba14-5785-bca6-c3cc1e3ad587,2026-09-13T23:26:00,1.83,3.43,1368,726,0,58.0,36.05,0.0
77059140-e829-5d12-90bd-2d2ebd9c436c,2026-09-13T23:26:00,1.89,3.67,1242,850,2.5,58.0,41.63,0.0
3a6c166d-37fa-5cda-adad-777eb4567f37,2026-09-13T23:28:00,2.66,3.71,1214,793,2.58,91.92,41.57,0.0
f1a6081a-48e3-56db-936e-f49af9832cb1,2026-09-13T23:28:00,1.88,3.78,1212,811,1.48,58.0,37.44,0.0
18b90679-ba14-5785-bca6-c3cc1e3ad587,2026-09-13T23:28:00,2.19,3.71,1179,663,3.46,58.0,37.64,0.0
77059140-e829-5d12-90bd-2d2ebd9c436c,2026-09-13T23:28:00,2.42,4.21,924,850,2.02,58.0,41.37,0.0
3a6c166d-37fa-5cda-adad-777eb4567f37,2026-09-13T23:30:00,2.42,2.9,1140,782,0,91.73,36.15,0.0
f1a6081a-48e3-56db-936e-f49af9832cb1,2026-09-13T23:30:00,2.2,3.06,1167,708,0.15,58.0,42.98,0.0
18b90679-ba14-5785-bca6-c3cc1e3ad587,2026-09-13T23:30:00,2.08,2.95,1259,796,0.23,58.0,43.19,0.0
77059140-e829-5d12-90bd-2d2ebd9c436c,2026-09-13T23:30:00,2.36,3.14,1349,673,0.32,58.0,42.87,0.0
3a6c166d-37fa-5cda-adad-777eb4567f37,2026-09-13T23:32:00,2.06,3.24,1382,876,0.49,92.12,43.62,0.0
f1a6081a-48e3-56db-936e-f49af9832cb1,2026-09-13T23:32:00,2.01,3.23,1040,864,0,58.0,40.57,0.0
18b90679-ba14-5785-bca6-c3cc1e3ad587,2026-09-13T23:32:00,1.9,2.98,1315,756,4.26,58.0,37.95,0.0
77059140-e829-5d12-90bd-2d2ebd9c436c,2026-09-13T23:32:00,2.76,3.34,1300,881,0.43,58.0,44.61,0.0
3a6c166d-37fa-5cda-adad-777eb4567f37,2026-09-13T23:34:00,2.43,2.74,1259,903,2.54,91.53,44.65,0.0
f1a6081a-48e3-56db-936e-f49af9832cb1,2026-09-13T23:34:00,2.28,4.31,1060,728,0.43,58.0,37.37,0.0
18b90679-ba14-5785-bca6-c3cc1e3ad587,2026-09-13T23:34:00,2.67,3.63,1240,769,1.21,58.0,37.56,0.0
77059140-e829-5d12-90bd-2d2ebd9c436c,2026-09-13T23:34:00,2.29,2.91,1065,833,1.69,58.0,36.67,0.0
3a6c166d-37fa-5cda-adad-777eb4567f37,2026-09-13T23:36:00,2.7,2.81,1095,812,0.81,91.6,39.85,0.0
f1a6081a-48e3-56db-936e-f49af9832cb1,2026-09-13T23:36:00,2.31,3.44,1101,605,2.22,58.0,48.17,0.0
18b90679-ba14-5785-bca6-c3cc1e3ad587,2026-09-13T23:36:00,1.78,3.66,1207,639,3.85,58.0,39.36,0.0
77059140-e829-5d12-90bd-2d2ebd9c436c,2026-09-13T23:36:00,2.42,3.6,1266,656,0.34,58.0,40.94,0.0
3a6c166d-37fa-5cda-adad-777eb4567f37,2026-09-13T23:38:00,2.36,3.1,1181,669,2.89,91.97,36.64,0.0
f1a6081a-48e3-56db-936e-f49af9832cb1,2026-09-13T23:38:00,2.27,3.63,1024,455,2.12,58.0,43.19,0.0
18b90679-ba14-5785-bca6-c3cc1e3ad587,2026-09-13T23:38:00,1.62,3.48,1342,917,2.59,58.0,38.39,0.0
77059140-e829-5d12-90bd-2d2ebd9c436c,2026-09-13T23:38:00,2.25,3.51,1157,722,0.03,58.0,38.01,0.0
3a6c166d-37fa-5cda-adad-777eb4567f37,2026-09-13T23:40:00,2.35,4.17,1272,649,0,91.56,41.31,0.0
f1a6081a-48e3-56db-936e-f49af9832cb1,2026-09-13T23:40:00,2.0,3.28,1014,715,0,58.0,36.24,0.0
18b90679-ba14-5785-bca6-c3cc1e3ad587,2026-09-13T23:40:00,2.01,3.94,1262,545,0.22,58.0,38.88,0.0
77059140-e829-5d12-90bd-2d2ebd9c436c,2026-09-13T23:40:00,1.53,3.93,1016,782,2.69,58.0,42.6,0.0
3a6c166d-37fa-5cda-adad-777eb4567f37,2026-09-13T23:42:00,2.38,2.92,1428,583,0,92.28,41.24,0.0
f1a6081a-48e3-56db-936e-f49af9832cb1,2026-09-13T23:42:00,2.08,3.3,1290,652,0,58.0,41.99,0.0
18b90679-ba14-5785-bca6-c3cc1e3ad587,2026-09-13T23:42:00,2.43,2.95,1125,673,2.91,58.0,41.36,0.0
77059140-e829-5d12-90bd-2d2ebd9c436c,2026-09-13T23:42:00,1.6,3.64,1283,754,0.58,58.0,34.11,0.0
3a6c166d-37fa-5cda-adad-777eb4567f37,2026-09-13T23:44:00,3.07,2.95,1105,611,0,91.87,36.15,0.0
f1a6081a-48e3-56db-936e-f49af9832cb1,2026-09-13T23:44:00,2.44,2.39,1215,806,2.71,58.0,40.07,0.0
18b90679-ba14-5785-bca6-c3cc1e3ad587,2026-09-13T23:44:00,2.18,3.69,1248,758,0.91,58.0,41.93,0.0
77059140-e829-5d12-90bd-2d2ebd9c436c,2026-09-13T23:44:00,2.37,3.74,1157,630,1.81,58.0,43.91,0.0
3a6c166d-37fa-5cda-adad-777eb4567f37,2026-09-13T23:46:00,1.87,3.09,1097,795,0,91.67,41.37,0.0
f1a6081a-48e3-56db-936e-f49af9832cb1,2026-09-13T23:46:00,2.22,3.4,1148,791,0.5,58.0,43.67,0.0
18b90679-ba14-5785-bca6-c3cc1e3ad587,2026-09-13T23:46:00,2.27,3.09,1194,843,3.74,58.0,37.4,0.0
77059140-e829-5d12-90bd-2d2ebd9c436c,2026-09-13T23:46:00,2.44,3.18,1362,731,3.11,58.0,37.41,0.0
3a6c166d-37fa-5cda-adad-777eb4567f37,2026-09-13T23:48:00,2.54,2.49,1345,550,4.33,91.81,40.21,0.0
f1a6081a-48e3-56db-936e-f49af9832cb1,2026-09-13T23:48:00,2.23,2.76,1175,784,1.01,58.0,39.29,0.0
18b90679-ba14-5785-bca6-c3cc1e3ad587,2026-09-13T23:48:00,1.93,3.26,1164,782,0,58.0,41.0,0.0
77059140-e829-5d12-90bd-2d2ebd9c436c,2026-09-13T23:48:00,2.42,3.57,949,828,1.27,58.0,42.17,0.0
3a6c166d-37fa-5cda-adad-777eb4567f37,2026-09-13T23:50:00,2.26,2.91,1398,649,0.82,91.63,37.11,0.0
f1a6081a-48e3-56db-936e-f49af9832cb1,2026-09-13T23:50:00,2.57,3.79,1267,697,1.16,58.0,43.12,0.0
18b90679-ba14-5785-bca6-c3cc1e3ad587,2026-09-13T23:50:00,2.51,3.0,1128,719,3.0,58.0,39.39,0.0
77059140-e829-5d12-90bd-2d2ebd9c436c,2026-09-13T23:50:00,1.8,2.95,951,828,0.74,58.0,44.28,0.0
3a6c166d-37fa-5cda-adad-777eb4567f37,2026-09-13T23:52:00,2.17,3.03,1193,882,0,92.02,39.37,0.0
f1a6081a-48e3-56db-936e-f49af9832cb1,2026-09-13T23:52:00,2.36,3.43,893,785,0,58.0,38.7,0.0
18b90679-ba14-5785-bca6-c3cc1e3ad587,2026-09-13T23:52:00,1.31,3.31,987,676,2.22,58.0,41.7,0.0
77059140-e829-5d12-90bd-2d2ebd9c436c,2026-09-13T23:52:00,2.36,3.93,1157,783,3.39,58.0,38.04,0.0
3a6c166d-37fa-5cda-adad-777eb4567f37,2026-09-13T23:54:00,2.3,3.54,1362,608,1.47,92.24,38.1,0.0
f1a6081a-48e3-56db-936e-f49af9832cb1,2026-09-13T23:54:00,2.12,2.98,1172,868,1.64,58.0,38.54,0.0
18b90679-ba14-5785-bca6-c3cc1e3ad587,2026-09-13T23:54:00,2.63,4.19,1373,754,3.26,58.0,41.75,0.0
77059140-e829-5d12-90bd-2d2ebd9c436c,2026-09-13T23:54:00,2.2,2.7,1088,602,2.22,58.0,36.02,0.0
3a6c166d-37fa-5cda-adad-777eb4567f37,2026-09-13T23:56:00,2.19,3.84,1346,713,0,92.25,40.45,0.0
f1a6081a-48e3-56db-936e-f49af9832cb1,2026-09-13T23:56:00,1.91,2.79,1216,668,2.07,58.0,40.78,0.0
18b90679-ba14-5785-bca6-c3cc1e3ad587,2026-09-13T23:56:00,2.31,3.06,1186,712,1.61,58.0,40.07,0.0
77059140-e829-5d12-90bd-2d2ebd9c436c,2026-09-13T23:56:00,2.32,3.56,947,718,1.33,58.0,37.54,0.0
3a6c166d-37fa-5cda-adad-777eb4567f37,2026-09-13T23:58:00,2.57,3.58,1109,643,4.32,92.25,36.54,0.0
f1a6081a-48e3-56db-936e-f49af9832cb1,2026-09-13T23:58:00,2.48,3.3,1294,716,2.01,58.0,41.01,0.0
18b90679-ba14-5785-bca6-c3cc1e3ad587,2026-09-13T23:58:00,2.67,3.34,874,664,1.02,58.0,41.59,0.0
77059140-e829-5d12-90bd-2d2ebd9c436c,2026-09-13T23:58:00,2.68,3.26,1066,695,0.49,58.0,45.16,0.0
